Order Date,Order ID,Product 1,Product 2,Product Pair,Pair Count
2019-01-07,141275,USB-C Charging Cable,Wired Headphones,USB-C Charging Cable + Wired Headphones,1
2019-01-02,141290,AA Batteries (4-pack),Apple Airpods Headphones,AA Batteries (4-pack) + Apple Airpods Headphones,1
2019-01-10,141365,Vareebadd Phone,Wired Headphones,Vareebadd Phone + Wired Headphones,1
2019-01-03,141384,Google Phone,USB-C Charging Cable,Google Phone + USB-C Charging Cable,1
2019-01-12,141450,Bose SoundSport Headphones,Google Phone,Bose SoundSport Headphones + Google Phone,1
2019-01-09,141457,Apple Airpods Headphones,iPhone,Apple Airpods Headphones + iPhone,1
2019-01-26,141478,Apple Airpods Headphones,Google Phone,Apple Airpods Headphones + Google Phone,1
2019-01-31,141550,Apple Airpods Headphones,Wired Headphones,Apple Airpods Headphones + Wired Headphones,1
2019-01-31,141550,Apple Airpods Headphones,iPhone,Apple Airpods Headphones + iPhone,1
2019-01-31,141550,Wired Headphones,iPhone,Wired Headphones + iPhone,1
2019-01-29,141587,Apple Airpods Headphones,USB-C Charging Cable,Apple Airpods Headphones + USB-C Charging Cable,1
2019-01-30,141645,Lightning Charging Cable,Wired Headphones,Lightning Charging Cable + Wired Headphones,1
2019-01-14,141738,Lightning Charging Cable,iPhone,Lightning Charging Cable + iPhone,1
2019-01-11,141782,27in FHD Monitor,Bose SoundSport Headphones,27in FHD Monitor + Bose SoundSport Headphones,1
2019-01-01,141789,Google Phone,USB-C Charging Cable,Google Phone + USB-C Charging Cable,1
2019-01-19,141795,Wired Headphones,iPhone,Wired Headphones + iPhone,1
2019-01-08,141809,Google Phone,USB-C Charging Cable,Google Phone + USB-C Charging Cable,1
2019-01-10,141843,AA Batteries (4-pack),AAA Batteries (4-pack),AA Batteries (4-pack) + AAA Batteries (4-pack),1
2019-01-18,141900,USB-C Charging Cable,Vareebadd Phone,USB-C Charging Cable + Vareebadd Phone,1
2019-01-18,141900,USB-C Charging Cable,Wired Headphones,USB-C Charging Cable + Wired Headphones,1
2019-01-18,141900,Vareebadd Phone,Wired Headphones,Vareebadd Phone + Wired Headphones,1
2019-01-26,141901,Google Phone,USB-C Charging Cable,Google Phone + USB-C Charging Cable,1
2019-01-19,141910,Vareebadd Phone,Wired Headphones,Vareebadd Phone + Wired Headphones,1
2019-01-11,141939,34in Ultrawide Monitor,Lightning Charging Cable,34in Ultrawide Monitor + Lightning Charging Cable,1
2019-01-11,141946,USB-C Charging Cable,Wired Headphones,USB-C Charging Cable + Wired Headphones,1
2019-01-17,141947,Bose SoundSport Headphones,Lightning Charging Cable,Bose SoundSport Headphones + Lightning Charging Cable,1
2019-01-09,141965,Google Phone,Wired Headphones,Google Phone + Wired Headphones,1
2019-01-25,141967,Wired Headphones,iPhone,Wired Headphones + iPhone,1
2019-01-05,141970,Apple Airpods Headphones,Lightning Charging Cable,Apple Airpods Headphones + Lightning Charging Cable,1
2019-01-24,141972,Google Phone,iPhone,Google Phone + iPhone,1
2019-01-06,141993,Wired Headphones,iPhone,Wired Headphones + iPhone,1
2019-01-04,142010,Lightning Charging Cable,iPhone,Lightning Charging Cable + iPhone,1
2019-01-29,142023,20in Monitor,Wired Headphones,20in Monitor + Wired Headphones,1
2019-01-11,142037,Apple Airpods Headphones,iPhone,Apple Airpods Headphones + iPhone,1
2019-01-31,142039,Google Phone,USB-C Charging Cable,Google Phone + USB-C Charging Cable,1
2019-01-04,142048,Google Phone,Wired Headphones,Google Phone + Wired Headphones,1
2019-01-26,142085,Lightning Charging Cable,iPhone,Lightning Charging Cable + iPhone,1
2019-01-01,142112,20in Monitor,Bose SoundSport Headphones,20in Monitor + Bose SoundSport Headphones,1
2019-01-20,142128,Bose SoundSport Headphones,Google Phone,Bose SoundSport Headphones + Google Phone,1
2019-01-20,142128,Bose SoundSport Headphones,Wired Headphones,Bose SoundSport Headphones + Wired Headphones,1
2019-01-20,142128,Google Phone,Wired Headphones,Google Phone + Wired Headphones,1
2019-01-04,142144,USB-C Charging Cable,Vareebadd Phone,USB-C Charging Cable + Vareebadd Phone,1
2019-01-18,142145,Apple Airpods Headphones,USB-C Charging Cable,Apple Airpods Headphones + USB-C Charging Cable,1
2019-01-28,142192,Google Phone,USB-C Charging Cable,Google Phone + USB-C Charging Cable,1
2019-01-29,142230,Google Phone,USB-C Charging Cable,Google Phone + USB-C Charging Cable,1
2019-01-23,142261,Wired Headphones,iPhone,Wired Headphones + iPhone,1
2019-01-24,142287,Google Phone,USB-C Charging Cable,Google Phone + USB-C Charging Cable,1
2019-01-24,142287,Google Phone,Wired Headphones,Google Phone + Wired Headphones,1
2019-01-24,142287,USB-C Charging Cable,Wired Headphones,USB-C Charging Cable + Wired Headphones,1
2019-01-11,142299,Wired Headphones,iPhone,Wired Headphones + iPhone,1
2019-01-13,142308,Google Phone,Wired Headphones,Google Phone + Wired Headphones,1
2019-01-31,142319,Bose SoundSport Headphones,Google Phone,Bose SoundSport Headphones + Google Phone,1
2019-01-11,142320,Google Phone,iPhone,Google Phone + iPhone,1
2019-01-01,142350,Wired Headphones,iPhone,Wired Headphones + iPhone,1
2019-01-30,142379,Google Phone,USB-C Charging Cable,Google Phone + USB-C Charging Cable,1
2019-01-16,142389,Lightning Charging Cable,iPhone,Lightning Charging Cable + iPhone,1
2019-01-09,142396,USB-C Charging Cable,Vareebadd Phone,USB-C Charging Cable + Vareebadd Phone,1
2019-01-17,142419,Google Phone,Wired Headphones,Google Phone + Wired Headphones,1
2019-01-14,142453,Bose SoundSport Headphones,Vareebadd Phone,Bose SoundSport Headphones + Vareebadd Phone,1
2019-01-02,142504,Google Phone,USB-C Charging Cable,Google Phone + USB-C Charging Cable,1
2019-01-18,142569,Lightning Charging Cable,iPhone,Lightning Charging Cable + iPhone,1
2019-01-10,142570,AA Batteries (4-pack),AAA Batteries (4-pack),AA Batteries (4-pack) + AAA Batteries (4-pack),1
2019-01-25,142587,Lightning Charging Cable,iPhone,Lightning Charging Cable + iPhone,1
2019-01-04,142604,AAA Batteries (4-pack),Apple Airpods Headphones,AAA Batteries (4-pack) + Apple Airpods Headphones,1
2019-01-04,142634,Google Phone,USB-C Charging Cable,Google Phone + USB-C Charging Cable,1
2019-01-13,142639,27in 4K Gaming Monitor,AAA Batteries (4-pack),27in 4K Gaming Monitor + AAA Batteries (4-pack),1
2019-01-11,142651,AA Batteries (4-pack),USB-C Charging Cable,AA Batteries (4-pack) + USB-C Charging Cable,1
2019-01-24,142652,Lightning Charging Cable,USB-C Charging Cable,Lightning Charging Cable + USB-C Charging Cable,1
2019-01-09,142683,USB-C Charging Cable,Wired Headphones,USB-C Charging Cable + Wired Headphones,1
2019-01-12,142727,AA Batteries (4-pack),Macbook Pro Laptop,AA Batteries (4-pack) + Macbook Pro Laptop,1
2019-01-11,142730,Google Phone,USB-C Charging Cable,Google Phone + USB-C Charging Cable,1
2019-01-26,142790,Bose SoundSport Headphones,Macbook Pro Laptop,Bose SoundSport Headphones + Macbook Pro Laptop,1
2019-01-19,142812,Lightning Charging Cable,iPhone,Lightning Charging Cable + iPhone,1
2019-01-06,142824,Google Phone,Wired Headphones,Google Phone + Wired Headphones,1
2019-01-11,142835,Wired Headphones,iPhone,Wired Headphones + iPhone,1
2019-01-19,142837,Wired Headphones,iPhone,Wired Headphones + iPhone,1
2019-01-29,142873,34in Ultrawide Monitor,Wired Headphones,34in Ultrawide Monitor + Wired Headphones,1
2019-01-26,142925,Lightning Charging Cable,iPhone,Lightning Charging Cable + iPhone,1
2019-01-05,142965,Google Phone,USB-C Charging Cable,Google Phone + USB-C Charging Cable,1
2019-01-10,142989,USB-C Charging Cable,Vareebadd Phone,USB-C Charging Cable + Vareebadd Phone,1
2019-01-26,142997,Wired Headphones,iPhone,Wired Headphones + iPhone,1
2019-01-29,143006,Bose SoundSport Headphones,Google Phone,Bose SoundSport Headphones + Google Phone,1
2019-01-29,143006,Bose SoundSport Headphones,Wired Headphones,Bose SoundSport Headphones + Wired Headphones,1
2019-01-29,143006,Google Phone,Wired Headphones,Google Phone + Wired Headphones,1
2019-01-26,143021,Apple Airpods Headphones,Lightning Charging Cable,Apple Airpods Headphones + Lightning Charging Cable,1
2019-01-26,143021,Apple Airpods Headphones,iPhone,Apple Airpods Headphones + iPhone,1
2019-01-26,143021,Lightning Charging Cable,iPhone,Lightning Charging Cable + iPhone,1
2019-01-24,143040,Lightning Charging Cable,iPhone,Lightning Charging Cable + iPhone,1
2019-01-21,143060,AA Batteries (4-pack),Wired Headphones,AA Batteries (4-pack) + Wired Headphones,1
2019-01-26,143062,20in Monitor,USB-C Charging Cable,20in Monitor + USB-C Charging Cable,1
2019-01-19,143065,Apple Airpods Headphones,Lightning Charging Cable,Apple Airpods Headphones + Lightning Charging Cable,1
2019-01-20,143067,Wired Headphones,iPhone,Wired Headphones + iPhone,1
2019-01-25,143068,Apple Airpods Headphones,Bose SoundSport Headphones,Apple Airpods Headphones + Bose SoundSport Headphones,1
2019-01-22,143074,Google Phone,USB-C Charging Cable,Google Phone + USB-C Charging Cable,1
2019-01-22,143095,Apple Airpods Headphones,Lightning Charging Cable,Apple Airpods Headphones + Lightning Charging Cable,1
2019-01-21,143111,Lightning Charging Cable,Wired Headphones,Lightning Charging Cable + Wired Headphones,1
2019-01-21,143111,Lightning Charging Cable,iPhone,Lightning Charging Cable + iPhone,1
2019-01-21,143111,Wired Headphones,iPhone,Wired Headphones + iPhone,1
2019-01-13,143142,ThinkPad Laptop,Wired Headphones,ThinkPad Laptop + Wired Headphones,1
2019-01-19,143143,Flatscreen TV,LG Dryer,Flatscreen TV + LG Dryer,1
2019-01-09,143146,Google Phone,USB-C Charging Cable,Google Phone + USB-C Charging Cable,1
2019-01-05,143211,AAA Batteries (4-pack),Apple Airpods Headphones,AAA Batteries (4-pack) + Apple Airpods Headphones,1
2019-01-10,143243,Lightning Charging Cable,Wired Headphones,Lightning Charging Cable + Wired Headphones,1
2019-01-10,143243,Lightning Charging Cable,iPhone,Lightning Charging Cable + iPhone,1
2019-01-10,143243,Wired Headphones,iPhone,Wired Headphones + iPhone,1
2019-01-19,143259,Google Phone,USB-C Charging Cable,Google Phone + USB-C Charging Cable,1
2019-01-20,143271,Google Phone,Wired Headphones,Google Phone + Wired Headphones,1
2019-01-17,143275,Google Phone,USB-C Charging Cable,Google Phone + USB-C Charging Cable,1
2019-01-12,143295,Google Phone,USB-C Charging Cable,Google Phone + USB-C Charging Cable,1
2019-01-23,143326,USB-C Charging Cable,Vareebadd Phone,USB-C Charging Cable + Vareebadd Phone,1
2019-01-15,143357,27in 4K Gaming Monitor,AAA Batteries (4-pack),27in 4K Gaming Monitor + AAA Batteries (4-pack),1
2019-01-02,143378,AA Batteries (4-pack),Bose SoundSport Headphones,AA Batteries (4-pack) + Bose SoundSport Headphones,1
2019-01-12,143379,34in Ultrawide Monitor,Lightning Charging Cable,34in Ultrawide Monitor + Lightning Charging Cable,1
2019-01-14,143393,Apple Airpods Headphones,USB-C Charging Cable,Apple Airpods Headphones + USB-C Charging Cable,1
2019-01-14,143427,Apple Airpods Headphones,ThinkPad Laptop,Apple Airpods Headphones + ThinkPad Laptop,1
2019-01-21,143436,Google Phone,USB-C Charging Cable,Google Phone + USB-C Charging Cable,1
2019-01-18,143439,Google Phone,Wired Headphones,Google Phone + Wired Headphones,1
2019-01-22,143455,AAA Batteries (4-pack),Flatscreen TV,AAA Batteries (4-pack) + Flatscreen TV,1
2019-01-22,143526,Wired Headphones,iPhone,Wired Headphones + iPhone,1
2019-01-24,143545,Vareebadd Phone,Wired Headphones,Vareebadd Phone + Wired Headphones,1
2019-01-05,143572,AAA Batteries (4-pack),USB-C Charging Cable,AAA Batteries (4-pack) + USB-C Charging Cable,1
2019-01-09,143590,Lightning Charging Cable,iPhone,Lightning Charging Cable + iPhone,1
2019-01-19,143623,27in FHD Monitor,USB-C Charging Cable,27in FHD Monitor + USB-C Charging Cable,1
2019-01-20,143628,27in 4K Gaming Monitor,AA Batteries (4-pack),27in 4K Gaming Monitor + AA Batteries (4-pack),1
2019-01-25,143630,Wired Headphones,iPhone,Wired Headphones + iPhone,1
2019-01-08,143632,Google Phone,USB-C Charging Cable,Google Phone + USB-C Charging Cable,1
2019-01-08,143632,Google Phone,Wired Headphones,Google Phone + Wired Headphones,1
2019-01-08,143632,USB-C Charging Cable,Wired Headphones,USB-C Charging Cable + Wired Headphones,1
2019-01-18,143641,20in Monitor,USB-C Charging Cable,20in Monitor + USB-C Charging Cable,1
2019-01-05,143658,Google Phone,USB-C Charging Cable,Google Phone + USB-C Charging Cable,1
2019-01-20,143666,Apple Airpods Headphones,iPhone,Apple Airpods Headphones + iPhone,1
2019-01-03,143694,Lightning Charging Cable,iPhone,Lightning Charging Cable + iPhone,1
2019-01-21,143696,Lightning Charging Cable,iPhone,Lightning Charging Cable + iPhone,1
2019-01-30,143710,AA Batteries (4-pack),Wired Headphones,AA Batteries (4-pack) + Wired Headphones,1
2019-01-01,143738,Lightning Charging Cable,iPhone,Lightning Charging Cable + iPhone,1
2019-01-30,143752,Wired Headphones,iPhone,Wired Headphones + iPhone,1
2019-01-08,143802,27in 4K Gaming Monitor,iPhone,27in 4K Gaming Monitor + iPhone,1
2019-01-22,143831,Bose SoundSport Headphones,Wired Headphones,Bose SoundSport Headphones + Wired Headphones,1
2019-01-20,143857,AAA Batteries (4-pack),Lightning Charging Cable,AAA Batteries (4-pack) + Lightning Charging Cable,1
2019-01-26,143865,Wired Headphones,iPhone,Wired Headphones + iPhone,1
2019-01-11,143869,Wired Headphones,iPhone,Wired Headphones + iPhone,1
2019-01-19,143959,Google Phone,USB-C Charging Cable,Google Phone + USB-C Charging Cable,1
2019-01-29,143986,Google Phone,USB-C Charging Cable,Google Phone + USB-C Charging Cable,1
2019-01-24,143998,Wired Headphones,iPhone,Wired Headphones + iPhone,1
2019-01-24,144036,USB-C Charging Cable,Vareebadd Phone,USB-C Charging Cable + Vareebadd Phone,1
2019-01-18,144047,Bose SoundSport Headphones,Google Phone,Bose SoundSport Headphones + Google Phone,1
2019-01-28,144055,Lightning Charging Cable,USB-C Charging Cable,Lightning Charging Cable + USB-C Charging Cable,1
2019-01-07,144058,27in FHD Monitor,Lightning Charging Cable,27in FHD Monitor + Lightning Charging Cable,1
2019-01-02,144063,Apple Airpods Headphones,iPhone,Apple Airpods Headphones + iPhone,1
2019-01-06,144066,Flatscreen TV,USB-C Charging Cable,Flatscreen TV + USB-C Charging Cable,1
2019-01-24,144069,Bose SoundSport Headphones,LG Washing Machine,Bose SoundSport Headphones + LG Washing Machine,1
2019-01-28,144271,Lightning Charging Cable,iPhone,Lightning Charging Cable + iPhone,1
2019-01-21,144339,Wired Headphones,iPhone,Wired Headphones + iPhone,1
2019-01-25,144344,Google Phone,USB-C Charging Cable,Google Phone + USB-C Charging Cable,1
2019-01-04,144394,Google Phone,Wired Headphones,Google Phone + Wired Headphones,1
2019-01-26,144414,Lightning Charging Cable,iPhone,Lightning Charging Cable + iPhone,1
2019-01-17,144431,Google Phone,Wired Headphones,Google Phone + Wired Headphones,1
2019-01-18,144450,Lightning Charging Cable,Macbook Pro Laptop,Lightning Charging Cable + Macbook Pro Laptop,1
2019-01-14,144470,Lightning Charging Cable,USB-C Charging Cable,Lightning Charging Cable + USB-C Charging Cable,1
2019-01-17,144490,Google Phone,USB-C Charging Cable,Google Phone + USB-C Charging Cable,1
2019-01-15,144503,Apple Airpods Headphones,iPhone,Apple Airpods Headphones + iPhone,1
2019-01-03,144518,Google Phone,USB-C Charging Cable,Google Phone + USB-C Charging Cable,1
2019-01-11,144541,Bose SoundSport Headphones,Wired Headphones,Bose SoundSport Headphones + Wired Headphones,1
2019-01-15,144544,USB-C Charging Cable,Vareebadd Phone,USB-C Charging Cable + Vareebadd Phone,1
2019-01-12,144545,AA Batteries (4-pack),AAA Batteries (4-pack),AA Batteries (4-pack) + AAA Batteries (4-pack),1
2019-01-23,144551,Lightning Charging Cable,iPhone,Lightning Charging Cable + iPhone,1
2019-01-14,144584,Google Phone,USB-C Charging Cable,Google Phone + USB-C Charging Cable,1
2019-01-22,144592,Lightning Charging Cable,iPhone,Lightning Charging Cable + iPhone,1
2019-01-03,144600,Lightning Charging Cable,iPhone,Lightning Charging Cable + iPhone,1
2019-01-27,144602,Google Phone,Wired Headphones,Google Phone + Wired Headphones,1
2019-01-29,144603,Google Phone,USB-C Charging Cable,Google Phone + USB-C Charging Cable,1
2019-01-25,144607,USB-C Charging Cable,iPhone,USB-C Charging Cable + iPhone,1
2019-01-01,144679,Google Phone,USB-C Charging Cable,Google Phone + USB-C Charging Cable,1
2019-01-12,144692,USB-C Charging Cable,Vareebadd Phone,USB-C Charging Cable + Vareebadd Phone,1
2019-01-26,144704,Wired Headphones,iPhone,Wired Headphones + iPhone,1
2019-01-10,144739,Lightning Charging Cable,iPhone,Lightning Charging Cable + iPhone,1
2019-01-10,144760,Bose SoundSport Headphones,Wired Headphones,Bose SoundSport Headphones + Wired Headphones,1
2019-01-04,144764,Google Phone,USB-C Charging Cable,Google Phone + USB-C Charging Cable,1
2019-01-19,144784,Wired Headphones,iPhone,Wired Headphones + iPhone,1
2019-01-27,144785,Google Phone,USB-C Charging Cable,Google Phone + USB-C Charging Cable,1
2019-01-01,144804,Wired Headphones,iPhone,Wired Headphones + iPhone,1
2019-01-18,144819,Lightning Charging Cable,Wired Headphones,Lightning Charging Cable + Wired Headphones,1
2019-01-18,144819,Lightning Charging Cable,iPhone,Lightning Charging Cable + iPhone,1
2019-01-18,144819,Wired Headphones,iPhone,Wired Headphones + iPhone,1
2019-01-26,144821,Google Phone,USB-C Charging Cable,Google Phone + USB-C Charging Cable,1
2019-01-02,144850,Google Phone,USB-C Charging Cable,Google Phone + USB-C Charging Cable,1
2019-01-26,144851,Apple Airpods Headphones,USB-C Charging Cable,Apple Airpods Headphones + USB-C Charging Cable,1
2019-01-25,144861,AA Batteries (4-pack),Lightning Charging Cable,AA Batteries (4-pack) + Lightning Charging Cable,1
2019-01-02,144866,Lightning Charging Cable,iPhone,Lightning Charging Cable + iPhone,1
2019-01-22,144884,20in Monitor,Wired Headphones,20in Monitor + Wired Headphones,1
2019-01-03,144900,27in 4K Gaming Monitor,AA Batteries (4-pack),27in 4K Gaming Monitor + AA Batteries (4-pack),1
2019-01-06,144930,Wired Headphones,iPhone,Wired Headphones + iPhone,1
2019-01-24,144942,Bose SoundSport Headphones,Vareebadd Phone,Bose SoundSport Headphones + Vareebadd Phone,1
2019-01-21,145019,Google Phone,USB-C Charging Cable,Google Phone + USB-C Charging Cable,1
2019-01-21,145019,Google Phone,Wired Headphones,Google Phone + Wired Headphones,1
2019-01-21,145019,USB-C Charging Cable,Wired Headphones,USB-C Charging Cable + Wired Headphones,1
2019-01-26,145026,20in Monitor,Wired Headphones,20in Monitor + Wired Headphones,1
2019-01-13,145041,Lightning Charging Cable,iPhone,Lightning Charging Cable + iPhone,1
2019-01-24,145059,Lightning Charging Cable,Wired Headphones,Lightning Charging Cable + Wired Headphones,1
2019-01-24,145059,Lightning Charging Cable,iPhone,Lightning Charging Cable + iPhone,1
2019-01-24,145059,Wired Headphones,iPhone,Wired Headphones + iPhone,1
2019-01-08,145071,AA Batteries (4-pack),USB-C Charging Cable,AA Batteries (4-pack) + USB-C Charging Cable,1
2019-01-22,145107,AA Batteries (4-pack),LG Dryer,AA Batteries (4-pack) + LG Dryer,1
2019-01-06,145118,Bose SoundSport Headphones,USB-C Charging Cable,Bose SoundSport Headphones + USB-C Charging Cable,1
2019-01-19,145125,Google Phone,USB-C Charging Cable,Google Phone + USB-C Charging Cable,1
2019-01-10,145141,AAA Batteries (4-pack),Apple Airpods Headphones,AAA Batteries (4-pack) + Apple Airpods Headphones,1
2019-01-10,145145,Google Phone,Wired Headphones,Google Phone + Wired Headphones,1
2019-01-17,145166,AAA Batteries (4-pack),Vareebadd Phone,AAA Batteries (4-pack) + Vareebadd Phone,1
2019-01-07,145169,Lightning Charging Cable,iPhone,Lightning Charging Cable + iPhone,1
2019-01-20,145201,Google Phone,Wired Headphones,Google Phone + Wired Headphones,1
2019-01-16,145221,Apple Airpods Headphones,Flatscreen TV,Apple Airpods Headphones + Flatscreen TV,1
2019-01-02,145256,Lightning Charging Cable,iPhone,Lightning Charging Cable + iPhone,1
2019-01-20,145300,AAA Batteries (4-pack),Wired Headphones,AAA Batteries (4-pack) + Wired Headphones,1
2019-01-22,145364,AAA Batteries (4-pack),Bose SoundSport Headphones,AAA Batteries (4-pack) + Bose SoundSport Headphones,1
2019-01-02,145369,AAA Batteries (4-pack),Flatscreen TV,AAA Batteries (4-pack) + Flatscreen TV,1
2019-01-14,145388,Google Phone,USB-C Charging Cable,Google Phone + USB-C Charging Cable,1
2019-01-26,145445,20in Monitor,Bose SoundSport Headphones,20in Monitor + Bose SoundSport Headphones,1
2019-01-11,145579,AAA Batteries (4-pack),Lightning Charging Cable,AAA Batteries (4-pack) + Lightning Charging Cable,1
2019-01-13,145588,Google Phone,USB-C Charging Cable,Google Phone + USB-C Charging Cable,1
2019-01-06,145602,Lightning Charging Cable,iPhone,Lightning Charging Cable + iPhone,1
2019-01-07,145650,Apple Airpods Headphones,USB-C Charging Cable,Apple Airpods Headphones + USB-C Charging Cable,1
2019-01-20,145660,Bose SoundSport Headphones,Google Phone,Bose SoundSport Headphones + Google Phone,1
2019-01-20,145660,Bose SoundSport Headphones,USB-C Charging Cable,Bose SoundSport Headphones + USB-C Charging Cable,1
2019-01-20,145660,Google Phone,USB-C Charging Cable,Google Phone + USB-C Charging Cable,1
2019-01-20,145664,AAA Batteries (4-pack),Wired Headphones,AAA Batteries (4-pack) + Wired Headphones,1
2019-01-18,145672,Lightning Charging Cable,iPhone,Lightning Charging Cable + iPhone,1
2019-01-12,145698,ThinkPad Laptop,Wired Headphones,ThinkPad Laptop + Wired Headphones,1
2019-01-18,145718,Google Phone,Wired Headphones,Google Phone + Wired Headphones,1
2019-01-11,145725,Flatscreen TV,Lightning Charging Cable,Flatscreen TV + Lightning Charging Cable,1
2019-01-10,145755,AA Batteries (4-pack),Wired Headphones,AA Batteries (4-pack) + Wired Headphones,1
2019-01-10,145763,USB-C Charging Cable,iPhone,USB-C Charging Cable + iPhone,1
2019-01-11,145810,Lightning Charging Cable,iPhone,Lightning Charging Cable + iPhone,1
2019-01-20,145866,AAA Batteries (4-pack),Wired Headphones,AAA Batteries (4-pack) + Wired Headphones,1
2019-01-16,145873,Bose SoundSport Headphones,USB-C Charging Cable,Bose SoundSport Headphones + USB-C Charging Cable,1
2019-01-06,145922,Google Phone,USB-C Charging Cable,Google Phone + USB-C Charging Cable,1
2019-01-21,145927,USB-C Charging Cable,Vareebadd Phone,USB-C Charging Cable + Vareebadd Phone,1
2019-01-21,145927,USB-C Charging Cable,Wired Headphones,USB-C Charging Cable + Wired Headphones,1
2019-01-21,145927,Vareebadd Phone,Wired Headphones,Vareebadd Phone + Wired Headphones,1
2019-01-26,145935,27in 4K Gaming Monitor,AA Batteries (4-pack),27in 4K Gaming Monitor + AA Batteries (4-pack),1
2019-01-27,145959,Google Phone,Lightning Charging Cable,Google Phone + Lightning Charging Cable,1
2019-01-24,145964,Wired Headphones,iPhone,Wired Headphones + iPhone,1
2019-01-17,146003,USB-C Charging Cable,Wired Headphones,USB-C Charging Cable + Wired Headphones,1
2019-01-14,146006,AA Batteries (4-pack),Flatscreen TV,AA Batteries (4-pack) + Flatscreen TV,1
2019-01-10,146021,AA Batteries (4-pack),Lightning Charging Cable,AA Batteries (4-pack) + Lightning Charging Cable,1
2019-01-02,146029,Apple Airpods Headphones,iPhone,Apple Airpods Headphones + iPhone,1
2019-01-12,146129,Lightning Charging Cable,iPhone,Lightning Charging Cable + iPhone,1
2019-01-06,146157,Lightning Charging Cable,iPhone,Lightning Charging Cable + iPhone,1
2019-01-27,146235,Lightning Charging Cable,iPhone,Lightning Charging Cable + iPhone,1
2019-01-08,146249,AA Batteries (4-pack),AAA Batteries (4-pack),AA Batteries (4-pack) + AAA Batteries (4-pack),1
2019-01-30,146257,Google Phone,USB-C Charging Cable,Google Phone + USB-C Charging Cable,1
2019-01-08,146277,34in Ultrawide Monitor,Flatscreen TV,34in Ultrawide Monitor + Flatscreen TV,1
2019-01-28,146299,USB-C Charging Cable,Wired Headphones,USB-C Charging Cable + Wired Headphones,1
2019-01-28,146385,27in FHD Monitor,Bose SoundSport Headphones,27in FHD Monitor + Bose SoundSport Headphones,1
2019-01-02,146397,27in FHD Monitor,AAA Batteries (4-pack),27in FHD Monitor + AAA Batteries (4-pack),1
2019-01-04,146407,AA Batteries (4-pack),LG Dryer,AA Batteries (4-pack) + LG Dryer,1
2019-01-07,146461,Wired Headphones,iPhone,Wired Headphones + iPhone,1
2019-01-01,146471,USB-C Charging Cable,Wired Headphones,USB-C Charging Cable + Wired Headphones,1
2019-01-12,146472,USB-C Charging Cable,Vareebadd Phone,USB-C Charging Cable + Vareebadd Phone,1
2019-01-22,146490,Bose SoundSport Headphones,Lightning Charging Cable,Bose SoundSport Headphones + Lightning Charging Cable,1
2019-01-23,146523,Apple Airpods Headphones,Flatscreen TV,Apple Airpods Headphones + Flatscreen TV,1
2019-01-25,146530,Google Phone,USB-C Charging Cable,Google Phone + USB-C Charging Cable,1
2019-01-28,146638,Apple Airpods Headphones,Lightning Charging Cable,Apple Airpods Headphones + Lightning Charging Cable,1
2019-01-11,146714,AAA Batteries (4-pack),Bose SoundSport Headphones,AAA Batteries (4-pack) + Bose SoundSport Headphones,1
2019-01-02,146758,Google Phone,USB-C Charging Cable,Google Phone + USB-C Charging Cable,1
2019-01-18,146816,Google Phone,Wired Headphones,Google Phone + Wired Headphones,1
2019-01-30,146834,Google Phone,Wired Headphones,Google Phone + Wired Headphones,1
2019-01-09,146855,Apple Airpods Headphones,Lightning Charging Cable,Apple Airpods Headphones + Lightning Charging Cable,1
2019-01-26,146861,Apple Airpods Headphones,iPhone,Apple Airpods Headphones + iPhone,1
2019-01-14,146871,Apple Airpods Headphones,iPhone,Apple Airpods Headphones + iPhone,1
2019-01-31,146872,Apple Airpods Headphones,iPhone,Apple Airpods Headphones + iPhone,1
2019-01-16,146876,Apple Airpods Headphones,iPhone,Apple Airpods Headphones + iPhone,1
2019-01-25,146946,Wired Headphones,iPhone,Wired Headphones + iPhone,1
2019-01-04,146959,Google Phone,Wired Headphones,Google Phone + Wired Headphones,1
2019-01-08,146975,Bose SoundSport Headphones,Wired Headphones,Bose SoundSport Headphones + Wired Headphones,1
2019-01-15,146982,Google Phone,USB-C Charging Cable,Google Phone + USB-C Charging Cable,1
2019-01-19,147002,34in Ultrawide Monitor,AA Batteries (4-pack),34in Ultrawide Monitor + AA Batteries (4-pack),1
2019-01-31,147017,Flatscreen TV,Wired Headphones,Flatscreen TV + Wired Headphones,1
2019-01-22,147031,27in FHD Monitor,AAA Batteries (4-pack),27in FHD Monitor + AAA Batteries (4-pack),1
2019-01-14,147032,Lightning Charging Cable,Wired Headphones,Lightning Charging Cable + Wired Headphones,1
2019-01-08,147083,Apple Airpods Headphones,iPhone,Apple Airpods Headphones + iPhone,1
2019-01-25,147096,Wired Headphones,iPhone,Wired Headphones + iPhone,1
2019-01-07,147114,Lightning Charging Cable,iPhone,Lightning Charging Cable + iPhone,1
2019-01-21,147128,Google Phone,Wired Headphones,Google Phone + Wired Headphones,1
2019-01-12,147131,Google Phone,Wired Headphones,Google Phone + Wired Headphones,1
2019-01-15,147139,Apple Airpods Headphones,Wired Headphones,Apple Airpods Headphones + Wired Headphones,1
2019-01-25,147179,AA Batteries (4-pack),Lightning Charging Cable,AA Batteries (4-pack) + Lightning Charging Cable,1
2019-01-04,147191,Google Phone,Lightning Charging Cable,Google Phone + Lightning Charging Cable,1
2019-01-01,147198,Google Phone,USB-C Charging Cable,Google Phone + USB-C Charging Cable,1
2019-01-09,147216,20in Monitor,USB-C Charging Cable,20in Monitor + USB-C Charging Cable,1
2019-01-09,147241,Google Phone,USB-C Charging Cable,Google Phone + USB-C Charging Cable,1
2019-01-24,147247,Google Phone,USB-C Charging Cable,Google Phone + USB-C Charging Cable,1
2019-01-10,147252,27in 4K Gaming Monitor,USB-C Charging Cable,27in 4K Gaming Monitor + USB-C Charging Cable,1
2019-01-14,147271,AAA Batteries (4-pack),USB-C Charging Cable,AAA Batteries (4-pack) + USB-C Charging Cable,1
2019-01-21,147364,Wired Headphones,iPhone,Wired Headphones + iPhone,1
2019-01-07,147366,AA Batteries (4-pack),Wired Headphones,AA Batteries (4-pack) + Wired Headphones,1
2019-01-10,147367,Google Phone,Wired Headphones,Google Phone + Wired Headphones,1
2019-01-26,147425,Lightning Charging Cable,iPhone,Lightning Charging Cable + iPhone,1
2019-01-03,147439,USB-C Charging Cable,Vareebadd Phone,USB-C Charging Cable + Vareebadd Phone,1
2019-01-01,147444,USB-C Charging Cable,Vareebadd Phone,USB-C Charging Cable + Vareebadd Phone,1
2019-01-01,147451,Google Phone,Wired Headphones,Google Phone + Wired Headphones,1
2019-01-30,147463,USB-C Charging Cable,Vareebadd Phone,USB-C Charging Cable + Vareebadd Phone,1
2019-01-29,147464,Lightning Charging Cable,iPhone,Lightning Charging Cable + iPhone,1
2019-01-03,147478,27in FHD Monitor,AAA Batteries (4-pack),27in FHD Monitor + AAA Batteries (4-pack),1
2019-01-19,147523,Google Phone,USB-C Charging Cable,Google Phone + USB-C Charging Cable,1
2019-01-19,147523,Google Phone,Wired Headphones,Google Phone + Wired Headphones,1
2019-01-19,147523,USB-C Charging Cable,Wired Headphones,USB-C Charging Cable + Wired Headphones,1
2019-01-10,147532,Apple Airpods Headphones,Flatscreen TV,Apple Airpods Headphones + Flatscreen TV,1
2019-01-05,147535,Google Phone,Wired Headphones,Google Phone + Wired Headphones,1
2019-01-27,147571,Google Phone,USB-C Charging Cable,Google Phone + USB-C Charging Cable,1
2019-01-30,147645,Apple Airpods Headphones,Wired Headphones,Apple Airpods Headphones + Wired Headphones,1
2019-01-30,147645,Apple Airpods Headphones,iPhone,Apple Airpods Headphones + iPhone,1
2019-01-30,147645,Wired Headphones,iPhone,Wired Headphones + iPhone,1
2019-01-27,147664,34in Ultrawide Monitor,AAA Batteries (4-pack),34in Ultrawide Monitor + AAA Batteries (4-pack),1
2019-01-17,147688,USB-C Charging Cable,Vareebadd Phone,USB-C Charging Cable + Vareebadd Phone,1
2019-01-20,147786,USB-C Charging Cable,Vareebadd Phone,USB-C Charging Cable + Vareebadd Phone,1
2019-01-20,147786,USB-C Charging Cable,Wired Headphones,USB-C Charging Cable + Wired Headphones,1
2019-01-20,147786,Vareebadd Phone,Wired Headphones,Vareebadd Phone + Wired Headphones,1
2019-01-29,147794,Google Phone,USB-C Charging Cable,Google Phone + USB-C Charging Cable,1
2019-01-11,147816,Bose SoundSport Headphones,Google Phone,Bose SoundSport Headphones + Google Phone,1
2019-01-11,147816,Bose SoundSport Headphones,USB-C Charging Cable,Bose SoundSport Headphones + USB-C Charging Cable,1
2019-01-11,147816,Google Phone,USB-C Charging Cable,Google Phone + USB-C Charging Cable,1
2019-01-11,147831,AA Batteries (4-pack),Google Phone,AA Batteries (4-pack) + Google Phone,1
2019-01-11,147831,AA Batteries (4-pack),USB-C Charging Cable,AA Batteries (4-pack) + USB-C Charging Cable,1
2019-01-11,147831,Google Phone,USB-C Charging Cable,Google Phone + USB-C Charging Cable,1
2019-01-13,147872,Lightning Charging Cable,iPhone,Lightning Charging Cable + iPhone,1
2019-01-23,147911,Lightning Charging Cable,iPhone,Lightning Charging Cable + iPhone,1
2019-01-20,147943,Apple Airpods Headphones,Macbook Pro Laptop,Apple Airpods Headphones + Macbook Pro Laptop,1
2019-01-22,147989,Google Phone,USB-C Charging Cable,Google Phone + USB-C Charging Cable,1
2019-01-25,148029,Lightning Charging Cable,iPhone,Lightning Charging Cable + iPhone,1
2019-01-02,148067,Lightning Charging Cable,iPhone,Lightning Charging Cable + iPhone,1
2019-01-07,148073,34in Ultrawide Monitor,USB-C Charging Cable,34in Ultrawide Monitor + USB-C Charging Cable,1
2019-01-01,148074,Google Phone,USB-C Charging Cable,Google Phone + USB-C Charging Cable,1
2019-01-31,148154,AA Batteries (4-pack),Lightning Charging Cable,AA Batteries (4-pack) + Lightning Charging Cable,1
2019-01-06,148175,Google Phone,USB-C Charging Cable,Google Phone + USB-C Charging Cable,1
2019-01-31,148209,USB-C Charging Cable,Vareebadd Phone,USB-C Charging Cable + Vareebadd Phone,1
2019-01-22,148254,Google Phone,USB-C Charging Cable,Google Phone + USB-C Charging Cable,1
2019-01-02,148275,20in Monitor,Lightning Charging Cable,20in Monitor + Lightning Charging Cable,1
2019-01-08,148296,Lightning Charging Cable,iPhone,Lightning Charging Cable + iPhone,1
2019-01-27,148324,Apple Airpods Headphones,iPhone,Apple Airpods Headphones + iPhone,1
2019-01-10,148369,Lightning Charging Cable,iPhone,Lightning Charging Cable + iPhone,1
2019-01-31,148400,Lightning Charging Cable,iPhone,Lightning Charging Cable + iPhone,1
2019-01-01,148450,Lightning Charging Cable,iPhone,Lightning Charging Cable + iPhone,1
2019-01-03,148522,AA Batteries (4-pack),Bose SoundSport Headphones,AA Batteries (4-pack) + Bose SoundSport Headphones,1
2019-01-14,148550,AA Batteries (4-pack),USB-C Charging Cable,AA Batteries (4-pack) + USB-C Charging Cable,1
2019-01-25,148594,AAA Batteries (4-pack),Apple Airpods Headphones,AAA Batteries (4-pack) + Apple Airpods Headphones,1
2019-01-15,148663,AAA Batteries (4-pack),USB-C Charging Cable,AAA Batteries (4-pack) + USB-C Charging Cable,1
2019-01-12,148666,Apple Airpods Headphones,Vareebadd Phone,Apple Airpods Headphones + Vareebadd Phone,1
2019-01-30,148696,ThinkPad Laptop,USB-C Charging Cable,ThinkPad Laptop + USB-C Charging Cable,1
2019-01-23,148697,Lightning Charging Cable,iPhone,Lightning Charging Cable + iPhone,1
2019-01-28,148760,Wired Headphones,iPhone,Wired Headphones + iPhone,1
2019-01-05,148815,AAA Batteries (4-pack),Lightning Charging Cable,AAA Batteries (4-pack) + Lightning Charging Cable,1
2019-01-26,148820,USB-C Charging Cable,Wired Headphones,USB-C Charging Cable + Wired Headphones,1
2019-01-20,148861,Lightning Charging Cable,iPhone,Lightning Charging Cable + iPhone,1
2019-01-31,148896,Bose SoundSport Headphones,Macbook Pro Laptop,Bose SoundSport Headphones + Macbook Pro Laptop,1
2019-01-30,148912,USB-C Charging Cable,Vareebadd Phone,USB-C Charging Cable + Vareebadd Phone,1
2019-01-30,148912,USB-C Charging Cable,Wired Headphones,USB-C Charging Cable + Wired Headphones,1
2019-01-30,148912,Vareebadd Phone,Wired Headphones,Vareebadd Phone + Wired Headphones,1
2019-01-02,148932,Wired Headphones,iPhone,Wired Headphones + iPhone,1
2019-01-14,148933,AAA Batteries (4-pack),Wired Headphones,AAA Batteries (4-pack) + Wired Headphones,1
2019-01-07,148944,Lightning Charging Cable,iPhone,Lightning Charging Cable + iPhone,1
2019-01-01,148948,Lightning Charging Cable,iPhone,Lightning Charging Cable + iPhone,1
2019-01-26,148960,Google Phone,USB-C Charging Cable,Google Phone + USB-C Charging Cable,1
2019-01-22,148971,27in 4K Gaming Monitor,Bose SoundSport Headphones,27in 4K Gaming Monitor + Bose SoundSport Headphones,1
2019-01-24,149036,AA Batteries (4-pack),Flatscreen TV,AA Batteries (4-pack) + Flatscreen TV,1
2019-01-24,149044,27in 4K Gaming Monitor,Lightning Charging Cable,27in 4K Gaming Monitor + Lightning Charging Cable,1
2019-01-30,149081,AA Batteries (4-pack),Apple Airpods Headphones,AA Batteries (4-pack) + Apple Airpods Headphones,1
2019-01-10,149125,Bose SoundSport Headphones,Google Phone,Bose SoundSport Headphones + Google Phone,1
2019-01-14,149134,USB-C Charging Cable,Vareebadd Phone,USB-C Charging Cable + Vareebadd Phone,1
2019-01-14,149134,USB-C Charging Cable,Wired Headphones,USB-C Charging Cable + Wired Headphones,1
2019-01-14,149134,Vareebadd Phone,Wired Headphones,Vareebadd Phone + Wired Headphones,1
2019-01-03,149263,Google Phone,USB-C Charging Cable,Google Phone + USB-C Charging Cable,1
2019-01-27,149327,27in FHD Monitor,Apple Airpods Headphones,27in FHD Monitor + Apple Airpods Headphones,1
2019-01-29,149336,USB-C Charging Cable,Vareebadd Phone,USB-C Charging Cable + Vareebadd Phone,1
2019-01-21,149375,Lightning Charging Cable,iPhone,Lightning Charging Cable + iPhone,1
2019-01-15,149391,34in Ultrawide Monitor,Apple Airpods Headphones,34in Ultrawide Monitor + Apple Airpods Headphones,1
2019-01-10,149454,AAA Batteries (4-pack),Wired Headphones,AAA Batteries (4-pack) + Wired Headphones,1
2019-01-29,149476,Lightning Charging Cable,iPhone,Lightning Charging Cable + iPhone,1
2019-01-21,149482,AAA Batteries (4-pack),Lightning Charging Cable,AAA Batteries (4-pack) + Lightning Charging Cable,1
2019-01-28,149499,USB-C Charging Cable,Vareebadd Phone,USB-C Charging Cable + Vareebadd Phone,1
2019-01-28,149499,USB-C Charging Cable,Wired Headphones,USB-C Charging Cable + Wired Headphones,1
2019-01-28,149499,Vareebadd Phone,Wired Headphones,Vareebadd Phone + Wired Headphones,1
2019-01-31,149500,Lightning Charging Cable,iPhone,Lightning Charging Cable + iPhone,1
2019-01-20,149518,AA Batteries (4-pack),ThinkPad Laptop,AA Batteries (4-pack) + ThinkPad Laptop,1
2019-01-01,149546,AA Batteries (4-pack),Bose SoundSport Headphones,AA Batteries (4-pack) + Bose SoundSport Headphones,1
2019-01-24,149561,Google Phone,Wired Headphones,Google Phone + Wired Headphones,1
2019-01-04,149604,Vareebadd Phone,Wired Headphones,Vareebadd Phone + Wired Headphones,1
2019-01-25,149606,Lightning Charging Cable,iPhone,Lightning Charging Cable + iPhone,1
2019-01-02,149616,Google Phone,USB-C Charging Cable,Google Phone + USB-C Charging Cable,1
2019-01-14,149632,Bose SoundSport Headphones,USB-C Charging Cable,Bose SoundSport Headphones + USB-C Charging Cable,1
2019-01-12,149719,AA Batteries (4-pack),Google Phone,AA Batteries (4-pack) + Google Phone,1
2019-01-11,149731,AA Batteries (4-pack),Apple Airpods Headphones,AA Batteries (4-pack) + Apple Airpods Headphones,1
2019-01-18,149773,27in FHD Monitor,Wired Headphones,27in FHD Monitor + Wired Headphones,1
2019-01-07,149857,Apple Airpods Headphones,iPhone,Apple Airpods Headphones + iPhone,1
2019-01-24,149894,Google Phone,USB-C Charging Cable,Google Phone + USB-C Charging Cable,1
2019-01-22,149902,Lightning Charging Cable,iPhone,Lightning Charging Cable + iPhone,1
2019-01-19,149906,USB-C Charging Cable,iPhone,USB-C Charging Cable + iPhone,1
2019-01-16,149931,USB-C Charging Cable,iPhone,USB-C Charging Cable + iPhone,1
2019-01-20,149936,Bose SoundSport Headphones,Google Phone,Bose SoundSport Headphones + Google Phone,1
2019-01-20,149936,Bose SoundSport Headphones,USB-C Charging Cable,Bose SoundSport Headphones + USB-C Charging Cable,1
2019-01-20,149936,Google Phone,USB-C Charging Cable,Google Phone + USB-C Charging Cable,1
2019-01-22,149954,USB-C Charging Cable,Vareebadd Phone,USB-C Charging Cable + Vareebadd Phone,1
2019-01-10,149962,27in 4K Gaming Monitor,USB-C Charging Cable,27in 4K Gaming Monitor + USB-C Charging Cable,1
2019-01-23,149985,Lightning Charging Cable,iPhone,Lightning Charging Cable + iPhone,1
2019-01-06,149986,Google Phone,Wired Headphones,Google Phone + Wired Headphones,1
2019-01-03,150029,27in FHD Monitor,Wired Headphones,27in FHD Monitor + Wired Headphones,1
2019-01-17,150034,Google Phone,USB-C Charging Cable,Google Phone + USB-C Charging Cable,1
2019-01-17,150034,Google Phone,Wired Headphones,Google Phone + Wired Headphones,1
2019-01-17,150034,USB-C Charging Cable,Wired Headphones,USB-C Charging Cable + Wired Headphones,1
2019-01-07,150051,Bose SoundSport Headphones,Lightning Charging Cable,Bose SoundSport Headphones + Lightning Charging Cable,1
2019-01-26,150057,Lightning Charging Cable,iPhone,Lightning Charging Cable + iPhone,1
2019-01-18,150084,Apple Airpods Headphones,iPhone,Apple Airpods Headphones + iPhone,1
2019-01-17,150185,AAA Batteries (4-pack),USB-C Charging Cable,AAA Batteries (4-pack) + USB-C Charging Cable,1
2019-01-08,150202,Google Phone,USB-C Charging Cable,Google Phone + USB-C Charging Cable,1
2019-01-08,150202,Google Phone,Wired Headphones,Google Phone + Wired Headphones,1
2019-01-08,150202,USB-C Charging Cable,Wired Headphones,USB-C Charging Cable + Wired Headphones,1
2019-01-23,150209,Lightning Charging Cable,USB-C Charging Cable,Lightning Charging Cable + USB-C Charging Cable,1
2019-01-29,150231,Wired Headphones,iPhone,Wired Headphones + iPhone,1
2019-01-31,150232,Lightning Charging Cable,iPhone,Lightning Charging Cable + iPhone,1
2019-01-07,150287,Lightning Charging Cable,iPhone,Lightning Charging Cable + iPhone,1
2019-01-15,150303,Lightning Charging Cable,iPhone,Lightning Charging Cable + iPhone,1
2019-01-15,150323,Apple Airpods Headphones,Google Phone,Apple Airpods Headphones + Google Phone,1
2019-01-15,150323,Apple Airpods Headphones,USB-C Charging Cable,Apple Airpods Headphones + USB-C Charging Cable,1
2019-01-15,150323,Google Phone,USB-C Charging Cable,Google Phone + USB-C Charging Cable,1
2019-01-01,150335,Apple Airpods Headphones,iPhone,Apple Airpods Headphones + iPhone,1
2019-01-18,150433,Flatscreen TV,Google Phone,Flatscreen TV + Google Phone,1
2019-02-26,150518,Macbook Pro Laptop,iPhone,Macbook Pro Laptop + iPhone,1
2019-02-16,150582,Lightning Charging Cable,iPhone,Lightning Charging Cable + iPhone,1
2019-02-08,150590,AAA Batteries (4-pack),Apple Airpods Headphones,AAA Batteries (4-pack) + Apple Airpods Headphones,1
2019-02-25,150617,Google Phone,USB-C Charging Cable,Google Phone + USB-C Charging Cable,1
2019-02-02,150651,Google Phone,USB-C Charging Cable,Google Phone + USB-C Charging Cable,1
2019-02-21,150674,Google Phone,USB-C Charging Cable,Google Phone + USB-C Charging Cable,1
2019-02-21,150674,Google Phone,Wired Headphones,Google Phone + Wired Headphones,1
2019-02-21,150674,USB-C Charging Cable,Wired Headphones,USB-C Charging Cable + Wired Headphones,1
2019-02-07,150688,Google Phone,Wired Headphones,Google Phone + Wired Headphones,1
2019-02-13,150734,Google Phone,USB-C Charging Cable,Google Phone + USB-C Charging Cable,1
2019-02-19,150758,Wired Headphones,iPhone,Wired Headphones + iPhone,1
2019-02-27,150853,27in 4K Gaming Monitor,AAA Batteries (4-pack),27in 4K Gaming Monitor + AAA Batteries (4-pack),1
2019-02-18,150892,Apple Airpods Headphones,Wired Headphones,Apple Airpods Headphones + Wired Headphones,1
2019-02-25,150907,Apple Airpods Headphones,Wired Headphones,Apple Airpods Headphones + Wired Headphones,1
2019-02-07,150925,Lightning Charging Cable,iPhone,Lightning Charging Cable + iPhone,1
2019-02-06,150945,Wired Headphones,iPhone,Wired Headphones + iPhone,1
2019-02-04,150951,Apple Airpods Headphones,Lightning Charging Cable,Apple Airpods Headphones + Lightning Charging Cable,1
2019-02-04,150951,Apple Airpods Headphones,iPhone,Apple Airpods Headphones + iPhone,1
2019-02-04,150951,Lightning Charging Cable,iPhone,Lightning Charging Cable + iPhone,1
2019-02-18,150961,Vareebadd Phone,Wired Headphones,Vareebadd Phone + Wired Headphones,1
2019-02-11,150972,Google Phone,USB-C Charging Cable,Google Phone + USB-C Charging Cable,1
2019-02-03,151047,Lightning Charging Cable,iPhone,Lightning Charging Cable + iPhone,1
2019-02-14,151053,Wired Headphones,iPhone,Wired Headphones + iPhone,1
2019-02-28,151110,AAA Batteries (4-pack),Lightning Charging Cable,AAA Batteries (4-pack) + Lightning Charging Cable,1
2019-02-28,151145,Google Phone,Wired Headphones,Google Phone + Wired Headphones,1
2019-02-25,151172,Wired Headphones,iPhone,Wired Headphones + iPhone,1
2019-02-27,151182,34in Ultrawide Monitor,Lightning Charging Cable,34in Ultrawide Monitor + Lightning Charging Cable,1
2019-02-08,151216,Lightning Charging Cable,iPhone,Lightning Charging Cable + iPhone,1
2019-02-07,151222,Apple Airpods Headphones,iPhone,Apple Airpods Headphones + iPhone,1
2019-02-06,151258,USB-C Charging Cable,Vareebadd Phone,USB-C Charging Cable + Vareebadd Phone,1
2019-02-10,151262,Lightning Charging Cable,iPhone,Lightning Charging Cable + iPhone,1
2019-02-20,151270,Google Phone,LG Washing Machine,Google Phone + LG Washing Machine,1
2019-02-02,151277,Wired Headphones,iPhone,Wired Headphones + iPhone,1
2019-02-02,151283,Google Phone,USB-C Charging Cable,Google Phone + USB-C Charging Cable,1
2019-02-26,151287,USB-C Charging Cable,iPhone,USB-C Charging Cable + iPhone,1
2019-02-21,151299,LG Washing Machine,Wired Headphones,LG Washing Machine + Wired Headphones,1
2019-02-08,151308,Wired Headphones,iPhone,Wired Headphones + iPhone,1
2019-02-10,151313,AAA Batteries (4-pack),USB-C Charging Cable,AAA Batteries (4-pack) + USB-C Charging Cable,1
2019-02-21,151397,27in FHD Monitor,Macbook Pro Laptop,27in FHD Monitor + Macbook Pro Laptop,1
2019-02-04,151403,Google Phone,USB-C Charging Cable,Google Phone + USB-C Charging Cable,1
2019-02-17,151414,34in Ultrawide Monitor,Lightning Charging Cable,34in Ultrawide Monitor + Lightning Charging Cable,1
2019-02-20,151436,Apple Airpods Headphones,Lightning Charging Cable,Apple Airpods Headphones + Lightning Charging Cable,1
2019-02-17,151568,Google Phone,USB-C Charging Cable,Google Phone + USB-C Charging Cable,1
2019-02-17,151568,Google Phone,Wired Headphones,Google Phone + Wired Headphones,1
2019-02-17,151568,USB-C Charging Cable,Wired Headphones,USB-C Charging Cable + Wired Headphones,1
2019-02-24,151639,Lightning Charging Cable,iPhone,Lightning Charging Cable + iPhone,1
2019-02-02,151667,Apple Airpods Headphones,Bose SoundSport Headphones,Apple Airpods Headphones + Bose SoundSport Headphones,1
2019-02-19,151675,Google Phone,USB-C Charging Cable,Google Phone + USB-C Charging Cable,1
2019-02-03,151690,Bose SoundSport Headphones,Macbook Pro Laptop,Bose SoundSport Headphones + Macbook Pro Laptop,1
2019-02-15,151700,USB-C Charging Cable,Wired Headphones,USB-C Charging Cable + Wired Headphones,1
2019-02-09,151712,AA Batteries (4-pack),Lightning Charging Cable,AA Batteries (4-pack) + Lightning Charging Cable,1
2019-02-28,151734,Wired Headphones,iPhone,Wired Headphones + iPhone,1
2019-02-09,151748,Apple Airpods Headphones,iPhone,Apple Airpods Headphones + iPhone,1
2019-02-04,151776,20in Monitor,USB-C Charging Cable,20in Monitor + USB-C Charging Cable,1
2019-02-15,151843,Bose SoundSport Headphones,Vareebadd Phone,Bose SoundSport Headphones + Vareebadd Phone,1
2019-02-23,151851,Bose SoundSport Headphones,Google Phone,Bose SoundSport Headphones + Google Phone,1
2019-02-01,151858,Google Phone,USB-C Charging Cable,Google Phone + USB-C Charging Cable,1
2019-02-05,151902,Google Phone,iPhone,Google Phone + iPhone,1
2019-02-25,151958,Google Phone,Wired Headphones,Google Phone + Wired Headphones,1
2019-02-11,151959,Google Phone,USB-C Charging Cable,Google Phone + USB-C Charging Cable,1
2019-02-14,151961,Bose SoundSport Headphones,USB-C Charging Cable,Bose SoundSport Headphones + USB-C Charging Cable,1
2019-02-14,151961,Bose SoundSport Headphones,Vareebadd Phone,Bose SoundSport Headphones + Vareebadd Phone,1
2019-02-14,151961,USB-C Charging Cable,Vareebadd Phone,USB-C Charging Cable + Vareebadd Phone,1
2019-02-20,151976,AAA Batteries (4-pack),Bose SoundSport Headphones,AAA Batteries (4-pack) + Bose SoundSport Headphones,1
2019-02-26,151992,Apple Airpods Headphones,USB-C Charging Cable,Apple Airpods Headphones + USB-C Charging Cable,1
2019-02-14,152002,34in Ultrawide Monitor,AAA Batteries (4-pack),34in Ultrawide Monitor + AAA Batteries (4-pack),1
2019-02-12,152043,AAA Batteries (4-pack),Apple Airpods Headphones,AAA Batteries (4-pack) + Apple Airpods Headphones,1
2019-02-22,152064,AAA Batteries (4-pack),ThinkPad Laptop,AAA Batteries (4-pack) + ThinkPad Laptop,1
2019-02-19,152072,Apple Airpods Headphones,iPhone,Apple Airpods Headphones + iPhone,1
2019-02-18,152081,Lightning Charging Cable,iPhone,Lightning Charging Cable + iPhone,1
2019-02-26,152124,Google Phone,USB-C Charging Cable,Google Phone + USB-C Charging Cable,1
2019-02-16,152135,Wired Headphones,iPhone,Wired Headphones + iPhone,1
2019-02-17,152196,Apple Airpods Headphones,USB-C Charging Cable,Apple Airpods Headphones + USB-C Charging Cable,1
2019-02-11,152206,AAA Batteries (4-pack),Apple Airpods Headphones,AAA Batteries (4-pack) + Apple Airpods Headphones,1
2019-02-15,152225,27in 4K Gaming Monitor,AAA Batteries (4-pack),27in 4K Gaming Monitor + AAA Batteries (4-pack),1
2019-02-22,152242,AAA Batteries (4-pack),Lightning Charging Cable,AAA Batteries (4-pack) + Lightning Charging Cable,1
2019-02-01,152293,Apple Airpods Headphones,Lightning Charging Cable,Apple Airpods Headphones + Lightning Charging Cable,1
2019-02-01,152293,Apple Airpods Headphones,iPhone,Apple Airpods Headphones + iPhone,1
2019-02-01,152293,Lightning Charging Cable,iPhone,Lightning Charging Cable + iPhone,1
2019-02-05,152358,Apple Airpods Headphones,Lightning Charging Cable,Apple Airpods Headphones + Lightning Charging Cable,1
2019-02-08,152424,AA Batteries (4-pack),Apple Airpods Headphones,AA Batteries (4-pack) + Apple Airpods Headphones,1
2019-02-04,152460,USB-C Charging Cable,Vareebadd Phone,USB-C Charging Cable + Vareebadd Phone,1
2019-02-26,152472,AA Batteries (4-pack),Wired Headphones,AA Batteries (4-pack) + Wired Headphones,1
2019-02-16,152593,AAA Batteries (4-pack),iPhone,AAA Batteries (4-pack) + iPhone,1
2019-02-13,152613,Bose SoundSport Headphones,Google Phone,Bose SoundSport Headphones + Google Phone,1
2019-02-04,152630,Apple Airpods Headphones,iPhone,Apple Airpods Headphones + iPhone,1
2019-02-14,152644,27in FHD Monitor,Bose SoundSport Headphones,27in FHD Monitor + Bose SoundSport Headphones,1
2019-02-18,152666,Bose SoundSport Headphones,Google Phone,Bose SoundSport Headphones + Google Phone,1
2019-02-13,152727,AAA Batteries (4-pack),Macbook Pro Laptop,AAA Batteries (4-pack) + Macbook Pro Laptop,1
2019-02-07,152731,Bose SoundSport Headphones,Flatscreen TV,Bose SoundSport Headphones + Flatscreen TV,1
2019-02-05,152748,Wired Headphones,iPhone,Wired Headphones + iPhone,1
2019-02-02,152762,27in 4K Gaming Monitor,AA Batteries (4-pack),27in 4K Gaming Monitor + AA Batteries (4-pack),1
2019-02-21,152786,Lightning Charging Cable,iPhone,Lightning Charging Cable + iPhone,1
2019-02-10,152794,27in 4K Gaming Monitor,Macbook Pro Laptop,27in 4K Gaming Monitor + Macbook Pro Laptop,1
2019-02-05,152801,27in FHD Monitor,Apple Airpods Headphones,27in FHD Monitor + Apple Airpods Headphones,1
2019-02-26,152840,Lightning Charging Cable,iPhone,Lightning Charging Cable + iPhone,1
2019-02-14,152867,Apple Airpods Headphones,iPhone,Apple Airpods Headphones + iPhone,1
2019-02-28,152875,34in Ultrawide Monitor,Lightning Charging Cable,34in Ultrawide Monitor + Lightning Charging Cable,1
2019-02-25,152882,Wired Headphones,iPhone,Wired Headphones + iPhone,1
2019-02-13,152896,Google Phone,Vareebadd Phone,Google Phone + Vareebadd Phone,1
2019-02-20,152915,Wired Headphones,iPhone,Wired Headphones + iPhone,1
2019-02-10,152925,Google Phone,Lightning Charging Cable,Google Phone + Lightning Charging Cable,1
2019-02-19,152936,Google Phone,USB-C Charging Cable,Google Phone + USB-C Charging Cable,1
2019-02-02,152952,Bose SoundSport Headphones,USB-C Charging Cable,Bose SoundSport Headphones + USB-C Charging Cable,1
2019-02-13,152991,Google Phone,Wired Headphones,Google Phone + Wired Headphones,1
2019-02-06,153014,Bose SoundSport Headphones,ThinkPad Laptop,Bose SoundSport Headphones + ThinkPad Laptop,1
2019-02-21,153033,Google Phone,Wired Headphones,Google Phone + Wired Headphones,1
2019-02-03,153091,Google Phone,USB-C Charging Cable,Google Phone + USB-C Charging Cable,1
2019-02-22,153135,Bose SoundSport Headphones,Google Phone,Bose SoundSport Headphones + Google Phone,1
2019-02-22,153135,Bose SoundSport Headphones,USB-C Charging Cable,Bose SoundSport Headphones + USB-C Charging Cable,1
2019-02-22,153135,Google Phone,USB-C Charging Cable,Google Phone + USB-C Charging Cable,1
2019-02-14,153158,34in Ultrawide Monitor,Apple Airpods Headphones,34in Ultrawide Monitor + Apple Airpods Headphones,1
2019-02-14,153229,AA Batteries (4-pack),Vareebadd Phone,AA Batteries (4-pack) + Vareebadd Phone,1
2019-02-24,153254,Bose SoundSport Headphones,Lightning Charging Cable,Bose SoundSport Headphones + Lightning Charging Cable,1
2019-02-07,153263,Apple Airpods Headphones,Lightning Charging Cable,Apple Airpods Headphones + Lightning Charging Cable,1
2019-02-07,153263,Apple Airpods Headphones,iPhone,Apple Airpods Headphones + iPhone,1
2019-02-07,153263,Lightning Charging Cable,iPhone,Lightning Charging Cable + iPhone,1
2019-02-23,153294,Macbook Pro Laptop,Wired Headphones,Macbook Pro Laptop + Wired Headphones,1
2019-02-21,153323,Bose SoundSport Headphones,Google Phone,Bose SoundSport Headphones + Google Phone,1
2019-02-15,153341,Apple Airpods Headphones,Flatscreen TV,Apple Airpods Headphones + Flatscreen TV,1
2019-02-06,153366,AAA Batteries (4-pack),Wired Headphones,AAA Batteries (4-pack) + Wired Headphones,1
2019-02-16,153399,Lightning Charging Cable,iPhone,Lightning Charging Cable + iPhone,1
2019-02-10,153426,Lightning Charging Cable,iPhone,Lightning Charging Cable + iPhone,1
2019-02-15,153432,Wired Headphones,iPhone,Wired Headphones + iPhone,1
2019-02-12,153473,Google Phone,USB-C Charging Cable,Google Phone + USB-C Charging Cable,1
2019-02-05,153487,Lightning Charging Cable,iPhone,Lightning Charging Cable + iPhone,1
2019-02-26,153504,Google Phone,USB-C Charging Cable,Google Phone + USB-C Charging Cable,1
2019-02-24,153519,Google Phone,USB-C Charging Cable,Google Phone + USB-C Charging Cable,1
2019-02-12,153565,27in 4K Gaming Monitor,Lightning Charging Cable,27in 4K Gaming Monitor + Lightning Charging Cable,1
2019-02-07,153582,27in FHD Monitor,Wired Headphones,27in FHD Monitor + Wired Headphones,1
2019-02-20,153613,Google Phone,USB-C Charging Cable,Google Phone + USB-C Charging Cable,1
2019-02-20,153643,Apple Airpods Headphones,Wired Headphones,Apple Airpods Headphones + Wired Headphones,1
2019-02-06,153650,Google Phone,USB-C Charging Cable,Google Phone + USB-C Charging Cable,1
2019-02-17,153692,Apple Airpods Headphones,iPhone,Apple Airpods Headphones + iPhone,1
2019-02-15,153748,Bose SoundSport Headphones,USB-C Charging Cable,Bose SoundSport Headphones + USB-C Charging Cable,1
2019-02-28,153760,Wired Headphones,iPhone,Wired Headphones + iPhone,1
2019-02-04,153814,AAA Batteries (4-pack),Apple Airpods Headphones,AAA Batteries (4-pack) + Apple Airpods Headphones,1
2019-02-02,153846,Lightning Charging Cable,Wired Headphones,Lightning Charging Cable + Wired Headphones,1
2019-02-10,153850,Apple Airpods Headphones,Lightning Charging Cable,Apple Airpods Headphones + Lightning Charging Cable,1
2019-02-14,153936,Google Phone,USB-C Charging Cable,Google Phone + USB-C Charging Cable,1
2019-02-23,153956,Google Phone,USB-C Charging Cable,Google Phone + USB-C Charging Cable,1
2019-02-23,153956,Google Phone,Wired Headphones,Google Phone + Wired Headphones,1
2019-02-23,153956,USB-C Charging Cable,Wired Headphones,USB-C Charging Cable + Wired Headphones,1
2019-02-14,153966,Wired Headphones,iPhone,Wired Headphones + iPhone,1
2019-02-23,154007,Google Phone,Lightning Charging Cable,Google Phone + Lightning Charging Cable,1
2019-02-28,154012,27in 4K Gaming Monitor,Google Phone,27in 4K Gaming Monitor + Google Phone,1
2019-02-02,154019,Google Phone,USB-C Charging Cable,Google Phone + USB-C Charging Cable,1
2019-02-02,154019,Google Phone,Wired Headphones,Google Phone + Wired Headphones,1
2019-02-02,154019,USB-C Charging Cable,Wired Headphones,USB-C Charging Cable + Wired Headphones,1
2019-02-20,154022,Lightning Charging Cable,iPhone,Lightning Charging Cable + iPhone,1
2019-02-11,154028,27in 4K Gaming Monitor,Macbook Pro Laptop,27in 4K Gaming Monitor + Macbook Pro Laptop,1
2019-02-06,154062,Google Phone,USB-C Charging Cable,Google Phone + USB-C Charging Cable,1
2019-02-11,154063,27in FHD Monitor,Lightning Charging Cable,27in FHD Monitor + Lightning Charging Cable,1
2019-02-11,154079,Google Phone,USB-C Charging Cable,Google Phone + USB-C Charging Cable,1
2019-02-02,154089,Lightning Charging Cable,iPhone,Lightning Charging Cable + iPhone,1
2019-02-11,154101,Lightning Charging Cable,iPhone,Lightning Charging Cable + iPhone,1
2019-02-17,154126,Lightning Charging Cable,iPhone,Lightning Charging Cable + iPhone,1
2019-02-14,154134,Google Phone,Wired Headphones,Google Phone + Wired Headphones,1
2019-02-22,154181,Bose SoundSport Headphones,Wired Headphones,Bose SoundSport Headphones + Wired Headphones,1
2019-02-02,154284,Apple Airpods Headphones,Bose SoundSport Headphones,Apple Airpods Headphones + Bose SoundSport Headphones,1
2019-02-22,154293,Bose SoundSport Headphones,ThinkPad Laptop,Bose SoundSport Headphones + ThinkPad Laptop,1
2019-02-19,154303,Google Phone,Wired Headphones,Google Phone + Wired Headphones,1
2019-02-03,154336,Lightning Charging Cable,iPhone,Lightning Charging Cable + iPhone,1
2019-02-11,154374,Wired Headphones,iPhone,Wired Headphones + iPhone,1
2019-02-22,154375,Apple Airpods Headphones,iPhone,Apple Airpods Headphones + iPhone,1
2019-02-08,154417,Lightning Charging Cable,iPhone,Lightning Charging Cable + iPhone,1
2019-02-10,154471,Google Phone,Wired Headphones,Google Phone + Wired Headphones,1
2019-02-17,154511,27in FHD Monitor,Bose SoundSport Headphones,27in FHD Monitor + Bose SoundSport Headphones,1
2019-02-14,154524,Apple Airpods Headphones,iPhone,Apple Airpods Headphones + iPhone,1
2019-02-22,154576,Google Phone,USB-C Charging Cable,Google Phone + USB-C Charging Cable,1
2019-02-09,154580,Google Phone,USB-C Charging Cable,Google Phone + USB-C Charging Cable,1
2019-02-04,154611,27in 4K Gaming Monitor,Wired Headphones,27in 4K Gaming Monitor + Wired Headphones,1
2019-02-06,154628,Google Phone,USB-C Charging Cable,Google Phone + USB-C Charging Cable,1
2019-02-12,154644,Apple Airpods Headphones,Lightning Charging Cable,Apple Airpods Headphones + Lightning Charging Cable,1
2019-02-08,154655,Google Phone,USB-C Charging Cable,Google Phone + USB-C Charging Cable,1
2019-02-07,154658,Google Phone,USB-C Charging Cable,Google Phone + USB-C Charging Cable,1
2019-02-13,154679,34in Ultrawide Monitor,AAA Batteries (4-pack),34in Ultrawide Monitor + AAA Batteries (4-pack),1
2019-02-02,154694,Bose SoundSport Headphones,Lightning Charging Cable,Bose SoundSport Headphones + Lightning Charging Cable,1
2019-02-20,154707,Google Phone,USB-C Charging Cable,Google Phone + USB-C Charging Cable,1
2019-02-20,154707,Google Phone,Wired Headphones,Google Phone + Wired Headphones,1
2019-02-20,154707,USB-C Charging Cable,Wired Headphones,USB-C Charging Cable + Wired Headphones,1
2019-02-14,154827,AA Batteries (4-pack),Apple Airpods Headphones,AA Batteries (4-pack) + Apple Airpods Headphones,1
2019-02-20,154838,Bose SoundSport Headphones,Google Phone,Bose SoundSport Headphones + Google Phone,1
2019-02-06,154862,Google Phone,USB-C Charging Cable,Google Phone + USB-C Charging Cable,1
2019-02-07,154925,Wired Headphones,iPhone,Wired Headphones + iPhone,1
2019-02-08,154943,34in Ultrawide Monitor,AA Batteries (4-pack),34in Ultrawide Monitor + AA Batteries (4-pack),1
2019-02-09,154989,Bose SoundSport Headphones,Google Phone,Bose SoundSport Headphones + Google Phone,1
2019-02-09,154989,Bose SoundSport Headphones,USB-C Charging Cable,Bose SoundSport Headphones + USB-C Charging Cable,1
2019-02-09,154989,Google Phone,USB-C Charging Cable,Google Phone + USB-C Charging Cable,1
2019-02-28,155041,Bose SoundSport Headphones,Google Phone,Bose SoundSport Headphones + Google Phone,1
2019-02-16,155053,Bose SoundSport Headphones,Google Phone,Bose SoundSport Headphones + Google Phone,1
2019-02-16,155053,Bose SoundSport Headphones,Wired Headphones,Bose SoundSport Headphones + Wired Headphones,1
2019-02-16,155053,Google Phone,Wired Headphones,Google Phone + Wired Headphones,1
2019-02-12,155057,USB-C Charging Cable,Vareebadd Phone,USB-C Charging Cable + Vareebadd Phone,1
2019-02-10,155071,USB-C Charging Cable,Vareebadd Phone,USB-C Charging Cable + Vareebadd Phone,1
2019-02-20,155117,Lightning Charging Cable,Wired Headphones,Lightning Charging Cable + Wired Headphones,1
2019-02-21,155130,AA Batteries (4-pack),AAA Batteries (4-pack),AA Batteries (4-pack) + AAA Batteries (4-pack),1
2019-02-20,155185,27in FHD Monitor,Macbook Pro Laptop,27in FHD Monitor + Macbook Pro Laptop,1
2019-02-25,155205,Lightning Charging Cable,iPhone,Lightning Charging Cable + iPhone,1
2019-02-18,155209,27in 4K Gaming Monitor,USB-C Charging Cable,27in 4K Gaming Monitor + USB-C Charging Cable,1
2019-02-04,155237,Wired Headphones,iPhone,Wired Headphones + iPhone,1
2019-02-08,155239,Google Phone,USB-C Charging Cable,Google Phone + USB-C Charging Cable,1
2019-02-20,155242,Lightning Charging Cable,iPhone,Lightning Charging Cable + iPhone,1
2019-02-02,155275,AA Batteries (4-pack),Wired Headphones,AA Batteries (4-pack) + Wired Headphones,1
2019-02-04,155303,Bose SoundSport Headphones,Google Phone,Bose SoundSport Headphones + Google Phone,1
2019-02-17,155315,AAA Batteries (4-pack),Google Phone,AAA Batteries (4-pack) + Google Phone,1
2019-02-11,155385,27in 4K Gaming Monitor,AAA Batteries (4-pack),27in 4K Gaming Monitor + AAA Batteries (4-pack),1
2019-02-06,155415,Bose SoundSport Headphones,Google Phone,Bose SoundSport Headphones + Google Phone,1
2019-02-06,155415,Bose SoundSport Headphones,USB-C Charging Cable,Bose SoundSport Headphones + USB-C Charging Cable,1
2019-02-06,155415,Google Phone,USB-C Charging Cable,Google Phone + USB-C Charging Cable,1
2019-02-05,155428,Lightning Charging Cable,iPhone,Lightning Charging Cable + iPhone,1
2019-02-26,155438,Vareebadd Phone,Wired Headphones,Vareebadd Phone + Wired Headphones,1
2019-02-21,155448,Google Phone,Wired Headphones,Google Phone + Wired Headphones,1
2019-02-17,155461,Google Phone,Wired Headphones,Google Phone + Wired Headphones,1
2019-02-13,155474,ThinkPad Laptop,Wired Headphones,ThinkPad Laptop + Wired Headphones,1
2019-02-19,155550,AA Batteries (4-pack),Google Phone,AA Batteries (4-pack) + Google Phone,1
2019-02-10,155566,Lightning Charging Cable,ThinkPad Laptop,Lightning Charging Cable + ThinkPad Laptop,1
2019-02-12,155567,USB-C Charging Cable,Vareebadd Phone,USB-C Charging Cable + Vareebadd Phone,1
2019-02-13,155618,Lightning Charging Cable,iPhone,Lightning Charging Cable + iPhone,1
2019-02-10,155628,Lightning Charging Cable,iPhone,Lightning Charging Cable + iPhone,1
2019-02-13,155664,27in 4K Gaming Monitor,Bose SoundSport Headphones,27in 4K Gaming Monitor + Bose SoundSport Headphones,1
2019-02-19,155674,27in FHD Monitor,AAA Batteries (4-pack),27in FHD Monitor + AAA Batteries (4-pack),1
2019-02-13,155706,Wired Headphones,iPhone,Wired Headphones + iPhone,1
2019-02-11,155711,USB-C Charging Cable,Vareebadd Phone,USB-C Charging Cable + Vareebadd Phone,1
2019-02-04,155762,USB-C Charging Cable,Vareebadd Phone,USB-C Charging Cable + Vareebadd Phone,1
2019-02-24,155766,Vareebadd Phone,Wired Headphones,Vareebadd Phone + Wired Headphones,1
2019-02-27,155767,27in 4K Gaming Monitor,Bose SoundSport Headphones,27in 4K Gaming Monitor + Bose SoundSport Headphones,1
2019-02-01,155805,Google Phone,USB-C Charging Cable,Google Phone + USB-C Charging Cable,1
2019-02-15,155828,Google Phone,Wired Headphones,Google Phone + Wired Headphones,1
2019-02-08,155910,Apple Airpods Headphones,iPhone,Apple Airpods Headphones + iPhone,1
2019-02-12,155915,Lightning Charging Cable,iPhone,Lightning Charging Cable + iPhone,1
2019-02-05,155935,Google Phone,USB-C Charging Cable,Google Phone + USB-C Charging Cable,1
2019-02-12,155992,Macbook Pro Laptop,USB-C Charging Cable,Macbook Pro Laptop + USB-C Charging Cable,1
2019-02-05,156040,34in Ultrawide Monitor,Apple Airpods Headphones,34in Ultrawide Monitor + Apple Airpods Headphones,1
2019-02-02,156056,AA Batteries (4-pack),Wired Headphones,AA Batteries (4-pack) + Wired Headphones,1
2019-02-19,156058,USB-C Charging Cable,Vareebadd Phone,USB-C Charging Cable + Vareebadd Phone,1
2019-02-15,156095,27in 4K Gaming Monitor,AA Batteries (4-pack),27in 4K Gaming Monitor + AA Batteries (4-pack),1
2019-02-04,156135,Google Phone,Wired Headphones,Google Phone + Wired Headphones,1
2019-02-23,156188,Bose SoundSport Headphones,Lightning Charging Cable,Bose SoundSport Headphones + Lightning Charging Cable,1
2019-02-20,156202,Wired Headphones,iPhone,Wired Headphones + iPhone,1
2019-02-20,156213,AA Batteries (4-pack),USB-C Charging Cable,AA Batteries (4-pack) + USB-C Charging Cable,1
2019-02-09,156217,Bose SoundSport Headphones,Vareebadd Phone,Bose SoundSport Headphones + Vareebadd Phone,1
2019-02-19,156239,USB-C Charging Cable,Vareebadd Phone,USB-C Charging Cable + Vareebadd Phone,1
2019-02-14,156255,AAA Batteries (4-pack),Bose SoundSport Headphones,AAA Batteries (4-pack) + Bose SoundSport Headphones,1
2019-02-20,156261,Google Phone,Wired Headphones,Google Phone + Wired Headphones,1
2019-02-13,156271,Apple Airpods Headphones,Bose SoundSport Headphones,Apple Airpods Headphones + Bose SoundSport Headphones,1
2019-02-22,156275,Bose SoundSport Headphones,Google Phone,Bose SoundSport Headphones + Google Phone,1
2019-02-01,156282,AA Batteries (4-pack),Bose SoundSport Headphones,AA Batteries (4-pack) + Bose SoundSport Headphones,1
2019-02-06,156301,Flatscreen TV,iPhone,Flatscreen TV + iPhone,1
2019-02-02,156343,Lightning Charging Cable,iPhone,Lightning Charging Cable + iPhone,1
2019-02-19,156352,27in FHD Monitor,AA Batteries (4-pack),27in FHD Monitor + AA Batteries (4-pack),1
2019-02-09,156365,Vareebadd Phone,Wired Headphones,Vareebadd Phone + Wired Headphones,1
2019-02-09,156365,Vareebadd Phone,iPhone,Vareebadd Phone + iPhone,1
2019-02-09,156365,Wired Headphones,iPhone,Wired Headphones + iPhone,1
2019-02-26,156372,AA Batteries (4-pack),Apple Airpods Headphones,AA Batteries (4-pack) + Apple Airpods Headphones,1
2019-02-01,156399,AAA Batteries (4-pack),Lightning Charging Cable,AAA Batteries (4-pack) + Lightning Charging Cable,1
2019-02-02,156440,USB-C Charging Cable,Vareebadd Phone,USB-C Charging Cable + Vareebadd Phone,1
2019-02-13,156449,Lightning Charging Cable,iPhone,Lightning Charging Cable + iPhone,1
2019-02-11,156463,27in 4K Gaming Monitor,AA Batteries (4-pack),27in 4K Gaming Monitor + AA Batteries (4-pack),1
2019-02-26,156524,Google Phone,USB-C Charging Cable,Google Phone + USB-C Charging Cable,1
2019-02-10,156621,Google Phone,USB-C Charging Cable,Google Phone + USB-C Charging Cable,1
2019-02-22,156638,AA Batteries (4-pack),Flatscreen TV,AA Batteries (4-pack) + Flatscreen TV,1
2019-02-16,156682,Wired Headphones,iPhone,Wired Headphones + iPhone,1
2019-02-06,156722,27in FHD Monitor,Lightning Charging Cable,27in FHD Monitor + Lightning Charging Cable,1
2019-02-14,156863,Vareebadd Phone,Wired Headphones,Vareebadd Phone + Wired Headphones,1
2019-02-10,156881,Lightning Charging Cable,iPhone,Lightning Charging Cable + iPhone,1
2019-02-07,156897,AAA Batteries (4-pack),Lightning Charging Cable,AAA Batteries (4-pack) + Lightning Charging Cable,1
2019-02-14,156898,Lightning Charging Cable,Wired Headphones,Lightning Charging Cable + Wired Headphones,1
2019-02-13,156904,Apple Airpods Headphones,iPhone,Apple Airpods Headphones + iPhone,1
2019-02-10,156909,AAA Batteries (4-pack),Wired Headphones,AAA Batteries (4-pack) + Wired Headphones,1
2019-02-21,156914,AA Batteries (4-pack),USB-C Charging Cable,AA Batteries (4-pack) + USB-C Charging Cable,1
2019-02-26,156932,Google Phone,USB-C Charging Cable,Google Phone + USB-C Charging Cable,1
2019-02-04,156950,Google Phone,Wired Headphones,Google Phone + Wired Headphones,1
2019-02-12,156956,Apple Airpods Headphones,iPhone,Apple Airpods Headphones + iPhone,1
2019-02-19,156981,Lightning Charging Cable,iPhone,Lightning Charging Cable + iPhone,1
2019-02-27,156992,Bose SoundSport Headphones,Google Phone,Bose SoundSport Headphones + Google Phone,1
2019-02-12,156998,Google Phone,Wired Headphones,Google Phone + Wired Headphones,1
2019-02-08,157002,Bose SoundSport Headphones,USB-C Charging Cable,Bose SoundSport Headphones + USB-C Charging Cable,1
2019-02-19,157008,USB-C Charging Cable,iPhone,USB-C Charging Cable + iPhone,1
2019-02-07,157072,USB-C Charging Cable,Vareebadd Phone,USB-C Charging Cable + Vareebadd Phone,1
2019-02-07,157072,USB-C Charging Cable,Wired Headphones,USB-C Charging Cable + Wired Headphones,1
2019-02-07,157072,Vareebadd Phone,Wired Headphones,Vareebadd Phone + Wired Headphones,1
2019-02-01,157099,Google Phone,USB-C Charging Cable,Google Phone + USB-C Charging Cable,1
2019-02-12,157102,Google Phone,USB-C Charging Cable,Google Phone + USB-C Charging Cable,1
2019-02-14,157115,Apple Airpods Headphones,Lightning Charging Cable,Apple Airpods Headphones + Lightning Charging Cable,1
2019-02-14,157115,Apple Airpods Headphones,iPhone,Apple Airpods Headphones + iPhone,1
2019-02-14,157115,Lightning Charging Cable,iPhone,Lightning Charging Cable + iPhone,1
2019-02-05,157190,27in 4K Gaming Monitor,Wired Headphones,27in 4K Gaming Monitor + Wired Headphones,1
2019-02-21,157204,AAA Batteries (4-pack),Macbook Pro Laptop,AAA Batteries (4-pack) + Macbook Pro Laptop,1
2019-02-15,157208,Wired Headphones,iPhone,Wired Headphones + iPhone,1
2019-02-10,157238,Macbook Pro Laptop,Wired Headphones,Macbook Pro Laptop + Wired Headphones,1
2019-02-14,157251,Vareebadd Phone,Wired Headphones,Vareebadd Phone + Wired Headphones,1
2019-02-28,157255,Lightning Charging Cable,USB-C Charging Cable,Lightning Charging Cable + USB-C Charging Cable,1
2019-02-12,157281,Google Phone,USB-C Charging Cable,Google Phone + USB-C Charging Cable,1
2019-02-11,157286,Apple Airpods Headphones,iPhone,Apple Airpods Headphones + iPhone,1
2019-02-19,157300,34in Ultrawide Monitor,Lightning Charging Cable,34in Ultrawide Monitor + Lightning Charging Cable,1
2019-02-26,157316,Google Phone,USB-C Charging Cable,Google Phone + USB-C Charging Cable,1
2019-02-27,157334,Google Phone,Wired Headphones,Google Phone + Wired Headphones,1
2019-02-18,157342,USB-C Charging Cable,Vareebadd Phone,USB-C Charging Cable + Vareebadd Phone,1
2019-02-20,157344,USB-C Charging Cable,Vareebadd Phone,USB-C Charging Cable + Vareebadd Phone,1
2019-02-20,157344,USB-C Charging Cable,Wired Headphones,USB-C Charging Cable + Wired Headphones,1
2019-02-20,157344,Vareebadd Phone,Wired Headphones,Vareebadd Phone + Wired Headphones,1
2019-02-27,157368,Lightning Charging Cable,USB-C Charging Cable,Lightning Charging Cable + USB-C Charging Cable,1
2019-02-17,157370,Lightning Charging Cable,Wired Headphones,Lightning Charging Cable + Wired Headphones,1
2019-02-17,157396,Google Phone,USB-C Charging Cable,Google Phone + USB-C Charging Cable,1
2019-02-12,157399,Wired Headphones,iPhone,Wired Headphones + iPhone,1
2019-02-05,157418,AA Batteries (4-pack),Apple Airpods Headphones,AA Batteries (4-pack) + Apple Airpods Headphones,1
2019-02-05,157425,Wired Headphones,iPhone,Wired Headphones + iPhone,1
2019-02-13,157427,Wired Headphones,iPhone,Wired Headphones + iPhone,1
2019-02-10,157433,AAA Batteries (4-pack),Apple Airpods Headphones,AAA Batteries (4-pack) + Apple Airpods Headphones,1
2019-02-27,157440,Google Phone,USB-C Charging Cable,Google Phone + USB-C Charging Cable,1
2019-02-16,157441,Apple Airpods Headphones,iPhone,Apple Airpods Headphones + iPhone,1
2019-02-09,157450,Google Phone,USB-C Charging Cable,Google Phone + USB-C Charging Cable,1
2019-02-10,157455,27in 4K Gaming Monitor,USB-C Charging Cable,27in 4K Gaming Monitor + USB-C Charging Cable,1
2019-02-10,157529,Google Phone,USB-C Charging Cable,Google Phone + USB-C Charging Cable,1
2019-02-05,157620,AA Batteries (4-pack),iPhone,AA Batteries (4-pack) + iPhone,1
2019-02-17,157667,AAA Batteries (4-pack),USB-C Charging Cable,AAA Batteries (4-pack) + USB-C Charging Cable,1
2019-02-04,157688,Apple Airpods Headphones,iPhone,Apple Airpods Headphones + iPhone,1
2019-02-12,157724,Lightning Charging Cable,iPhone,Lightning Charging Cable + iPhone,1
2019-02-26,157735,Apple Airpods Headphones,USB-C Charging Cable,Apple Airpods Headphones + USB-C Charging Cable,1
2019-02-25,157794,Lightning Charging Cable,ThinkPad Laptop,Lightning Charging Cable + ThinkPad Laptop,1
2019-02-09,157827,27in FHD Monitor,LG Dryer,27in FHD Monitor + LG Dryer,1
2019-02-01,157845,Lightning Charging Cable,iPhone,Lightning Charging Cable + iPhone,1
2019-02-12,157909,20in Monitor,27in FHD Monitor,20in Monitor + 27in FHD Monitor,1
2019-02-22,157960,Google Phone,Lightning Charging Cable,Google Phone + Lightning Charging Cable,1
2019-02-09,158022,Lightning Charging Cable,Wired Headphones,Lightning Charging Cable + Wired Headphones,1
2019-02-12,158086,AAA Batteries (4-pack),Wired Headphones,AAA Batteries (4-pack) + Wired Headphones,1
2019-02-07,158102,20in Monitor,AA Batteries (4-pack),20in Monitor + AA Batteries (4-pack),1
2019-02-07,158107,Bose SoundSport Headphones,Google Phone,Bose SoundSport Headphones + Google Phone,1
2019-02-07,158107,Bose SoundSport Headphones,USB-C Charging Cable,Bose SoundSport Headphones + USB-C Charging Cable,1
2019-02-07,158107,Google Phone,USB-C Charging Cable,Google Phone + USB-C Charging Cable,1
2019-02-03,158142,Apple Airpods Headphones,iPhone,Apple Airpods Headphones + iPhone,1
2019-02-17,158182,AA Batteries (4-pack),LG Dryer,AA Batteries (4-pack) + LG Dryer,1
2019-02-08,158205,Google Phone,USB-C Charging Cable,Google Phone + USB-C Charging Cable,1
2019-02-15,158210,Lightning Charging Cable,iPhone,Lightning Charging Cable + iPhone,1
2019-02-19,158310,Lightning Charging Cable,USB-C Charging Cable,Lightning Charging Cable + USB-C Charging Cable,1
2019-02-14,158332,20in Monitor,Apple Airpods Headphones,20in Monitor + Apple Airpods Headphones,1
2019-02-12,158337,USB-C Charging Cable,Vareebadd Phone,USB-C Charging Cable + Vareebadd Phone,1
2019-02-03,158342,Google Phone,USB-C Charging Cable,Google Phone + USB-C Charging Cable,1
2019-02-23,158348,27in FHD Monitor,USB-C Charging Cable,27in FHD Monitor + USB-C Charging Cable,1
2019-02-20,158357,Apple Airpods Headphones,USB-C Charging Cable,Apple Airpods Headphones + USB-C Charging Cable,1
2019-02-26,158385,Google Phone,USB-C Charging Cable,Google Phone + USB-C Charging Cable,1
2019-02-08,158391,Apple Airpods Headphones,iPhone,Apple Airpods Headphones + iPhone,1
2019-02-24,158408,27in 4K Gaming Monitor,Wired Headphones,27in 4K Gaming Monitor + Wired Headphones,1
2019-02-17,158485,Apple Airpods Headphones,iPhone,Apple Airpods Headphones + iPhone,1
2019-02-28,158512,AAA Batteries (4-pack),Lightning Charging Cable,AAA Batteries (4-pack) + Lightning Charging Cable,1
2019-02-24,158574,Flatscreen TV,Wired Headphones,Flatscreen TV + Wired Headphones,1
2019-02-27,158589,USB-C Charging Cable,Vareebadd Phone,USB-C Charging Cable + Vareebadd Phone,1
2019-02-06,158596,Apple Airpods Headphones,Vareebadd Phone,Apple Airpods Headphones + Vareebadd Phone,1
2019-02-08,158631,Bose SoundSport Headphones,Wired Headphones,Bose SoundSport Headphones + Wired Headphones,1
2019-02-08,158642,USB-C Charging Cable,Vareebadd Phone,USB-C Charging Cable + Vareebadd Phone,1
2019-02-18,158695,Apple Airpods Headphones,Lightning Charging Cable,Apple Airpods Headphones + Lightning Charging Cable,1
2019-02-15,158850,Google Phone,USB-C Charging Cable,Google Phone + USB-C Charging Cable,1
2019-02-12,158852,Vareebadd Phone,Wired Headphones,Vareebadd Phone + Wired Headphones,1
2019-02-13,158866,Google Phone,USB-C Charging Cable,Google Phone + USB-C Charging Cable,1
2019-02-23,158884,Google Phone,USB-C Charging Cable,Google Phone + USB-C Charging Cable,1
2019-02-11,158899,34in Ultrawide Monitor,USB-C Charging Cable,34in Ultrawide Monitor + USB-C Charging Cable,1
2019-02-19,158955,USB-C Charging Cable,Vareebadd Phone,USB-C Charging Cable + Vareebadd Phone,1
2019-02-10,158973,34in Ultrawide Monitor,AA Batteries (4-pack),34in Ultrawide Monitor + AA Batteries (4-pack),1
2019-02-04,159000,Lightning Charging Cable,Wired Headphones,Lightning Charging Cable + Wired Headphones,1
2019-02-04,159000,Lightning Charging Cable,iPhone,Lightning Charging Cable + iPhone,1
2019-02-04,159000,Wired Headphones,iPhone,Wired Headphones + iPhone,1
2019-02-01,159026,Wired Headphones,iPhone,Wired Headphones + iPhone,1
2019-02-22,159041,Bose SoundSport Headphones,USB-C Charging Cable,Bose SoundSport Headphones + USB-C Charging Cable,1
2019-02-25,159045,Google Phone,Lightning Charging Cable,Google Phone + Lightning Charging Cable,1
2019-02-27,159073,Flatscreen TV,USB-C Charging Cable,Flatscreen TV + USB-C Charging Cable,1
2019-02-24,159084,Google Phone,USB-C Charging Cable,Google Phone + USB-C Charging Cable,1
2019-02-23,159140,Google Phone,USB-C Charging Cable,Google Phone + USB-C Charging Cable,1
2019-02-10,159183,AAA Batteries (4-pack),Wired Headphones,AAA Batteries (4-pack) + Wired Headphones,1
2019-02-06,159197,Apple Airpods Headphones,Vareebadd Phone,Apple Airpods Headphones + Vareebadd Phone,1
2019-02-06,159197,Apple Airpods Headphones,Wired Headphones,Apple Airpods Headphones + Wired Headphones,1
2019-02-06,159197,Vareebadd Phone,Wired Headphones,Vareebadd Phone + Wired Headphones,1
2019-02-13,159204,Google Phone,Wired Headphones,Google Phone + Wired Headphones,1
2019-02-04,159219,Google Phone,USB-C Charging Cable,Google Phone + USB-C Charging Cable,1
2019-02-04,159219,Google Phone,Wired Headphones,Google Phone + Wired Headphones,1
2019-02-04,159219,USB-C Charging Cable,Wired Headphones,USB-C Charging Cable + Wired Headphones,1
2019-02-12,159240,Apple Airpods Headphones,Flatscreen TV,Apple Airpods Headphones + Flatscreen TV,1
2019-02-28,159249,Google Phone,USB-C Charging Cable,Google Phone + USB-C Charging Cable,1
2019-02-25,159262,USB-C Charging Cable,Vareebadd Phone,USB-C Charging Cable + Vareebadd Phone,1
2019-02-19,159317,Google Phone,USB-C Charging Cable,Google Phone + USB-C Charging Cable,1
2019-02-15,159322,20in Monitor,Macbook Pro Laptop,20in Monitor + Macbook Pro Laptop,1
2019-02-24,159379,Google Phone,Wired Headphones,Google Phone + Wired Headphones,1
2019-02-27,159396,Google Phone,USB-C Charging Cable,Google Phone + USB-C Charging Cable,1
2019-02-19,159466,27in FHD Monitor,USB-C Charging Cable,27in FHD Monitor + USB-C Charging Cable,1
2019-02-28,159517,Apple Airpods Headphones,iPhone,Apple Airpods Headphones + iPhone,1
2019-02-19,159543,Lightning Charging Cable,USB-C Charging Cable,Lightning Charging Cable + USB-C Charging Cable,1
2019-02-27,159568,Google Phone,USB-C Charging Cable,Google Phone + USB-C Charging Cable,1
2019-02-06,159611,Lightning Charging Cable,Macbook Pro Laptop,Lightning Charging Cable + Macbook Pro Laptop,1
2019-02-06,159671,AA Batteries (4-pack),USB-C Charging Cable,AA Batteries (4-pack) + USB-C Charging Cable,1
2019-02-08,159680,Lightning Charging Cable,iPhone,Lightning Charging Cable + iPhone,1
2019-02-18,159695,Lightning Charging Cable,iPhone,Lightning Charging Cable + iPhone,1
2019-02-16,159710,Apple Airpods Headphones,Lightning Charging Cable,Apple Airpods Headphones + Lightning Charging Cable,1
2019-02-08,159719,Lightning Charging Cable,iPhone,Lightning Charging Cable + iPhone,1
2019-02-26,159774,Vareebadd Phone,Wired Headphones,Vareebadd Phone + Wired Headphones,1
2019-02-24,159812,AA Batteries (4-pack),AAA Batteries (4-pack),AA Batteries (4-pack) + AAA Batteries (4-pack),1
2019-02-22,159835,AA Batteries (4-pack),USB-C Charging Cable,AA Batteries (4-pack) + USB-C Charging Cable,1
2019-02-17,159850,Google Phone,USB-C Charging Cable,Google Phone + USB-C Charging Cable,1
2019-02-02,159952,Google Phone,USB-C Charging Cable,Google Phone + USB-C Charging Cable,1
2019-02-12,159979,AA Batteries (4-pack),AAA Batteries (4-pack),AA Batteries (4-pack) + AAA Batteries (4-pack),1
2019-02-19,160021,Wired Headphones,iPhone,Wired Headphones + iPhone,1
2019-02-08,160055,Google Phone,USB-C Charging Cable,Google Phone + USB-C Charging Cable,1
2019-02-08,160055,Google Phone,Wired Headphones,Google Phone + Wired Headphones,1
2019-02-08,160055,USB-C Charging Cable,Wired Headphones,USB-C Charging Cable + Wired Headphones,1
2019-02-26,160179,Google Phone,USB-C Charging Cable,Google Phone + USB-C Charging Cable,1
2019-02-26,160264,USB-C Charging Cable,Vareebadd Phone,USB-C Charging Cable + Vareebadd Phone,1
2019-02-04,160298,Apple Airpods Headphones,USB-C Charging Cable,Apple Airpods Headphones + USB-C Charging Cable,1
2019-02-06,160333,Lightning Charging Cable,iPhone,Lightning Charging Cable + iPhone,1
2019-02-13,160371,Google Phone,USB-C Charging Cable,Google Phone + USB-C Charging Cable,1
2019-02-12,160481,27in 4K Gaming Monitor,AA Batteries (4-pack),27in 4K Gaming Monitor + AA Batteries (4-pack),1
2019-02-27,160538,AA Batteries (4-pack),ThinkPad Laptop,AA Batteries (4-pack) + ThinkPad Laptop,1
2019-02-05,160593,Google Phone,USB-C Charging Cable,Google Phone + USB-C Charging Cable,1
2019-02-03,160627,27in 4K Gaming Monitor,AA Batteries (4-pack),27in 4K Gaming Monitor + AA Batteries (4-pack),1
2019-02-14,160656,AA Batteries (4-pack),Bose SoundSport Headphones,AA Batteries (4-pack) + Bose SoundSport Headphones,1
2019-02-28,160698,Wired Headphones,iPhone,Wired Headphones + iPhone,1
2019-02-08,160707,Wired Headphones,iPhone,Wired Headphones + iPhone,1
2019-02-17,160775,Lightning Charging Cable,iPhone,Lightning Charging Cable + iPhone,1
2019-02-03,160787,Bose SoundSport Headphones,USB-C Charging Cable,Bose SoundSport Headphones + USB-C Charging Cable,1
2019-02-13,160803,Bose SoundSport Headphones,Lightning Charging Cable,Bose SoundSport Headphones + Lightning Charging Cable,1
2019-02-05,160850,AA Batteries (4-pack),Wired Headphones,AA Batteries (4-pack) + Wired Headphones,1
2019-02-07,160851,27in 4K Gaming Monitor,Lightning Charging Cable,27in 4K Gaming Monitor + Lightning Charging Cable,1
2019-02-22,160863,Google Phone,Wired Headphones,Google Phone + Wired Headphones,1
2019-02-10,160873,Apple Airpods Headphones,Google Phone,Apple Airpods Headphones + Google Phone,1
2019-02-10,160873,Apple Airpods Headphones,Lightning Charging Cable,Apple Airpods Headphones + Lightning Charging Cable,1
2019-02-10,160873,Apple Airpods Headphones,Wired Headphones,Apple Airpods Headphones + Wired Headphones,1
2019-02-10,160873,Apple Airpods Headphones,iPhone,Apple Airpods Headphones + iPhone,1
2019-02-10,160873,Google Phone,Lightning Charging Cable,Google Phone + Lightning Charging Cable,1
2019-02-10,160873,Google Phone,Wired Headphones,Google Phone + Wired Headphones,1
2019-02-10,160873,Google Phone,iPhone,Google Phone + iPhone,1
2019-02-10,160873,Lightning Charging Cable,Wired Headphones,Lightning Charging Cable + Wired Headphones,1
2019-02-10,160873,Lightning Charging Cable,iPhone,Lightning Charging Cable + iPhone,1
2019-02-10,160873,Wired Headphones,iPhone,Wired Headphones + iPhone,1
2019-02-20,160883,Google Phone,USB-C Charging Cable,Google Phone + USB-C Charging Cable,1
2019-02-16,160885,Lightning Charging Cable,iPhone,Lightning Charging Cable + iPhone,1
2019-02-24,160894,AAA Batteries (4-pack),Apple Airpods Headphones,AAA Batteries (4-pack) + Apple Airpods Headphones,1
2019-02-17,160906,AAA Batteries (4-pack),iPhone,AAA Batteries (4-pack) + iPhone,1
2019-02-09,160912,27in 4K Gaming Monitor,USB-C Charging Cable,27in 4K Gaming Monitor + USB-C Charging Cable,1
2019-02-13,160928,27in 4K Gaming Monitor,Vareebadd Phone,27in 4K Gaming Monitor + Vareebadd Phone,1
2019-02-13,160928,27in 4K Gaming Monitor,Wired Headphones,27in 4K Gaming Monitor + Wired Headphones,1
2019-02-13,160928,Vareebadd Phone,Wired Headphones,Vareebadd Phone + Wired Headphones,1
2019-02-01,160961,Google Phone,USB-C Charging Cable,Google Phone + USB-C Charging Cable,1
2019-02-04,160970,27in 4K Gaming Monitor,Macbook Pro Laptop,27in 4K Gaming Monitor + Macbook Pro Laptop,1
2019-02-04,161015,Google Phone,USB-C Charging Cable,Google Phone + USB-C Charging Cable,1
2019-02-01,161090,Wired Headphones,iPhone,Wired Headphones + iPhone,1
2019-02-14,161100,Bose SoundSport Headphones,Google Phone,Bose SoundSport Headphones + Google Phone,1
2019-02-10,161111,27in FHD Monitor,34in Ultrawide Monitor,27in FHD Monitor + 34in Ultrawide Monitor,1
2019-02-19,161149,Lightning Charging Cable,iPhone,Lightning Charging Cable + iPhone,1
2019-02-21,161159,Bose SoundSport Headphones,USB-C Charging Cable,Bose SoundSport Headphones + USB-C Charging Cable,1
2019-02-02,161172,Lightning Charging Cable,iPhone,Lightning Charging Cable + iPhone,1
2019-02-14,161183,ThinkPad Laptop,iPhone,ThinkPad Laptop + iPhone,1
2019-02-09,161212,Lightning Charging Cable,iPhone,Lightning Charging Cable + iPhone,1
2019-02-12,161220,Google Phone,USB-C Charging Cable,Google Phone + USB-C Charging Cable,1
2019-02-13,161244,Bose SoundSport Headphones,USB-C Charging Cable,Bose SoundSport Headphones + USB-C Charging Cable,1
2019-02-01,161263,AAA Batteries (4-pack),Bose SoundSport Headphones,AAA Batteries (4-pack) + Bose SoundSport Headphones,1
2019-02-16,161282,Wired Headphones,iPhone,Wired Headphones + iPhone,1
2019-02-19,161313,AAA Batteries (4-pack),Apple Airpods Headphones,AAA Batteries (4-pack) + Apple Airpods Headphones,1
2019-02-08,161314,Lightning Charging Cable,Wired Headphones,Lightning Charging Cable + Wired Headphones,1
2019-02-20,161325,20in Monitor,27in 4K Gaming Monitor,20in Monitor + 27in 4K Gaming Monitor,1
2019-02-27,161337,20in Monitor,Lightning Charging Cable,20in Monitor + Lightning Charging Cable,1
2019-02-19,161396,34in Ultrawide Monitor,Wired Headphones,34in Ultrawide Monitor + Wired Headphones,1
2019-02-13,161405,Bose SoundSport Headphones,Vareebadd Phone,Bose SoundSport Headphones + Vareebadd Phone,1
2019-02-01,161412,Google Phone,USB-C Charging Cable,Google Phone + USB-C Charging Cable,1
2019-02-17,161441,Google Phone,Wired Headphones,Google Phone + Wired Headphones,1
2019-02-26,161453,Apple Airpods Headphones,Wired Headphones,Apple Airpods Headphones + Wired Headphones,1
2019-02-22,161477,Lightning Charging Cable,Wired Headphones,Lightning Charging Cable + Wired Headphones,1
2019-02-14,161480,Lightning Charging Cable,iPhone,Lightning Charging Cable + iPhone,1
2019-02-03,161505,Bose SoundSport Headphones,Google Phone,Bose SoundSport Headphones + Google Phone,1
2019-02-09,161565,Lightning Charging Cable,Wired Headphones,Lightning Charging Cable + Wired Headphones,1
2019-02-01,161586,Lightning Charging Cable,iPhone,Lightning Charging Cable + iPhone,1
2019-02-09,161598,Wired Headphones,iPhone,Wired Headphones + iPhone,1
2019-02-24,161603,Lightning Charging Cable,iPhone,Lightning Charging Cable + iPhone,1
2019-02-20,161605,Lightning Charging Cable,ThinkPad Laptop,Lightning Charging Cable + ThinkPad Laptop,1
2019-02-21,161614,Bose SoundSport Headphones,Google Phone,Bose SoundSport Headphones + Google Phone,1
2019-02-02,161630,Lightning Charging Cable,iPhone,Lightning Charging Cable + iPhone,1
2019-02-16,161678,34in Ultrawide Monitor,USB-C Charging Cable,34in Ultrawide Monitor + USB-C Charging Cable,1
2019-02-25,161684,Apple Airpods Headphones,ThinkPad Laptop,Apple Airpods Headphones + ThinkPad Laptop,1
2019-02-20,161733,AAA Batteries (4-pack),Lightning Charging Cable,AAA Batteries (4-pack) + Lightning Charging Cable,1
2019-02-16,161806,Apple Airpods Headphones,iPhone,Apple Airpods Headphones + iPhone,1
2019-02-17,161850,AA Batteries (4-pack),AAA Batteries (4-pack),AA Batteries (4-pack) + AAA Batteries (4-pack),1
2019-02-17,161861,Lightning Charging Cable,Wired Headphones,Lightning Charging Cable + Wired Headphones,1
2019-02-03,161891,LG Washing Machine,Lightning Charging Cable,LG Washing Machine + Lightning Charging Cable,1
2019-02-24,161920,AAA Batteries (4-pack),Google Phone,AAA Batteries (4-pack) + Google Phone,1
2019-02-24,161920,AAA Batteries (4-pack),USB-C Charging Cable,AAA Batteries (4-pack) + USB-C Charging Cable,1
2019-02-24,161920,Google Phone,USB-C Charging Cable,Google Phone + USB-C Charging Cable,1
2019-02-19,161945,34in Ultrawide Monitor,USB-C Charging Cable,34in Ultrawide Monitor + USB-C Charging Cable,1
2019-02-01,161960,USB-C Charging Cable,Vareebadd Phone,USB-C Charging Cable + Vareebadd Phone,1
2019-02-02,161972,Google Phone,USB-C Charging Cable,Google Phone + USB-C Charging Cable,1
2019-02-28,161997,Google Phone,USB-C Charging Cable,Google Phone + USB-C Charging Cable,1
2019-03-28,162009,Lightning Charging Cable,Wired Headphones,Lightning Charging Cable + Wired Headphones,1
2019-03-28,162009,Lightning Charging Cable,iPhone,Lightning Charging Cable + iPhone,1
2019-03-28,162009,Wired Headphones,iPhone,Wired Headphones + iPhone,1
2019-03-23,162037,Lightning Charging Cable,iPhone,Lightning Charging Cable + iPhone,1
2019-03-13,162066,AA Batteries (4-pack),USB-C Charging Cable,AA Batteries (4-pack) + USB-C Charging Cable,1
2019-03-30,162071,USB-C Charging Cable,Vareebadd Phone,USB-C Charging Cable + Vareebadd Phone,1
2019-03-09,162082,Vareebadd Phone,Wired Headphones,Vareebadd Phone + Wired Headphones,1
2019-03-18,162087,Google Phone,USB-C Charging Cable,Google Phone + USB-C Charging Cable,1
2019-03-18,162092,AAA Batteries (4-pack),Flatscreen TV,AAA Batteries (4-pack) + Flatscreen TV,1
2019-03-01,162142,AA Batteries (4-pack),Vareebadd Phone,AA Batteries (4-pack) + Vareebadd Phone,1
2019-03-30,162161,AAA Batteries (4-pack),Wired Headphones,AAA Batteries (4-pack) + Wired Headphones,1
2019-03-16,162187,Google Phone,USB-C Charging Cable,Google Phone + USB-C Charging Cable,1
2019-03-23,162189,27in 4K Gaming Monitor,Lightning Charging Cable,27in 4K Gaming Monitor + Lightning Charging Cable,1
2019-03-23,162189,27in 4K Gaming Monitor,iPhone,27in 4K Gaming Monitor + iPhone,1
2019-03-23,162189,Lightning Charging Cable,iPhone,Lightning Charging Cable + iPhone,1
2019-03-11,162215,AAA Batteries (4-pack),Macbook Pro Laptop,AAA Batteries (4-pack) + Macbook Pro Laptop,1
2019-03-23,162244,Google Phone,USB-C Charging Cable,Google Phone + USB-C Charging Cable,1
2019-03-12,162297,20in Monitor,Apple Airpods Headphones,20in Monitor + Apple Airpods Headphones,1
2019-03-26,162329,USB-C Charging Cable,Vareebadd Phone,USB-C Charging Cable + Vareebadd Phone,1
2019-03-31,162347,34in Ultrawide Monitor,Lightning Charging Cable,34in Ultrawide Monitor + Lightning Charging Cable,1
2019-03-24,162352,AAA Batteries (4-pack),Bose SoundSport Headphones,AAA Batteries (4-pack) + Bose SoundSport Headphones,1
2019-03-04,162361,Vareebadd Phone,Wired Headphones,Vareebadd Phone + Wired Headphones,1
2019-03-01,162364,Lightning Charging Cable,iPhone,Lightning Charging Cable + iPhone,1
2019-03-11,162368,Lightning Charging Cable,Wired Headphones,Lightning Charging Cable + Wired Headphones,1
2019-03-02,162376,Wired Headphones,iPhone,Wired Headphones + iPhone,1
2019-03-31,162381,AA Batteries (4-pack),iPhone,AA Batteries (4-pack) + iPhone,1
2019-03-16,162391,Apple Airpods Headphones,iPhone,Apple Airpods Headphones + iPhone,1
2019-03-24,162408,Google Phone,Wired Headphones,Google Phone + Wired Headphones,1
2019-03-17,162409,Apple Airpods Headphones,Wired Headphones,Apple Airpods Headphones + Wired Headphones,1
2019-03-26,162463,Lightning Charging Cable,iPhone,Lightning Charging Cable + iPhone,1
2019-03-04,162486,Lightning Charging Cable,iPhone,Lightning Charging Cable + iPhone,1
2019-03-12,162490,Google Phone,USB-C Charging Cable,Google Phone + USB-C Charging Cable,1
2019-03-25,162508,Lightning Charging Cable,iPhone,Lightning Charging Cable + iPhone,1
2019-03-29,162554,Wired Headphones,iPhone,Wired Headphones + iPhone,1
2019-03-22,162557,Lightning Charging Cable,iPhone,Lightning Charging Cable + iPhone,1
2019-03-11,162612,USB-C Charging Cable,Wired Headphones,USB-C Charging Cable + Wired Headphones,1
2019-03-25,162623,AA Batteries (4-pack),AAA Batteries (4-pack),AA Batteries (4-pack) + AAA Batteries (4-pack),1
2019-03-04,162661,Apple Airpods Headphones,Lightning Charging Cable,Apple Airpods Headphones + Lightning Charging Cable,1
2019-03-18,162739,Google Phone,USB-C Charging Cable,Google Phone + USB-C Charging Cable,1
2019-03-01,162741,USB-C Charging Cable,Vareebadd Phone,USB-C Charging Cable + Vareebadd Phone,1
2019-03-31,162759,Vareebadd Phone,Wired Headphones,Vareebadd Phone + Wired Headphones,1
2019-03-09,162786,Bose SoundSport Headphones,Lightning Charging Cable,Bose SoundSport Headphones + Lightning Charging Cable,1
2019-03-15,162788,Apple Airpods Headphones,Bose SoundSport Headphones,Apple Airpods Headphones + Bose SoundSport Headphones,1
2019-03-19,162801,Apple Airpods Headphones,iPhone,Apple Airpods Headphones + iPhone,1
2019-03-29,162814,Apple Airpods Headphones,USB-C Charging Cable,Apple Airpods Headphones + USB-C Charging Cable,1
2019-03-15,162854,Lightning Charging Cable,iPhone,Lightning Charging Cable + iPhone,1
2019-03-05,162857,34in Ultrawide Monitor,AA Batteries (4-pack),34in Ultrawide Monitor + AA Batteries (4-pack),1
2019-03-29,162877,Bose SoundSport Headphones,Google Phone,Bose SoundSport Headphones + Google Phone,1
2019-03-24,162883,USB-C Charging Cable,Vareebadd Phone,USB-C Charging Cable + Vareebadd Phone,1
2019-03-11,162934,USB-C Charging Cable,Vareebadd Phone,USB-C Charging Cable + Vareebadd Phone,1
2019-03-01,162955,Lightning Charging Cable,iPhone,Lightning Charging Cable + iPhone,1
2019-03-27,162988,Google Phone,Wired Headphones,Google Phone + Wired Headphones,1
2019-03-08,163002,Google Phone,USB-C Charging Cable,Google Phone + USB-C Charging Cable,1
2019-03-18,163019,34in Ultrawide Monitor,Lightning Charging Cable,34in Ultrawide Monitor + Lightning Charging Cable,1
2019-03-20,163056,Lightning Charging Cable,iPhone,Lightning Charging Cable + iPhone,1
2019-03-08,163133,Lightning Charging Cable,USB-C Charging Cable,Lightning Charging Cable + USB-C Charging Cable,1
2019-03-27,163144,Lightning Charging Cable,iPhone,Lightning Charging Cable + iPhone,1
2019-03-29,163149,Bose SoundSport Headphones,Google Phone,Bose SoundSport Headphones + Google Phone,1
2019-03-29,163149,Bose SoundSport Headphones,USB-C Charging Cable,Bose SoundSport Headphones + USB-C Charging Cable,1
2019-03-29,163149,Google Phone,USB-C Charging Cable,Google Phone + USB-C Charging Cable,1
2019-03-26,163164,ThinkPad Laptop,Wired Headphones,ThinkPad Laptop + Wired Headphones,1
2019-03-29,163171,Flatscreen TV,Wired Headphones,Flatscreen TV + Wired Headphones,1
2019-03-06,163201,USB-C Charging Cable,Vareebadd Phone,USB-C Charging Cable + Vareebadd Phone,1
2019-03-08,163208,34in Ultrawide Monitor,USB-C Charging Cable,34in Ultrawide Monitor + USB-C Charging Cable,1
2019-03-31,163211,Wired Headphones,iPhone,Wired Headphones + iPhone,1
2019-03-29,163213,27in FHD Monitor,Bose SoundSport Headphones,27in FHD Monitor + Bose SoundSport Headphones,1
2019-03-10,163236,Bose SoundSport Headphones,Google Phone,Bose SoundSport Headphones + Google Phone,1
2019-03-05,163257,Apple Airpods Headphones,Wired Headphones,Apple Airpods Headphones + Wired Headphones,1
2019-03-05,163257,Apple Airpods Headphones,iPhone,Apple Airpods Headphones + iPhone,1
2019-03-05,163257,Wired Headphones,iPhone,Wired Headphones + iPhone,1
2019-03-21,163343,Google Phone,USB-C Charging Cable,Google Phone + USB-C Charging Cable,1
2019-03-06,163375,Apple Airpods Headphones,Lightning Charging Cable,Apple Airpods Headphones + Lightning Charging Cable,1
2019-03-06,163375,Apple Airpods Headphones,iPhone,Apple Airpods Headphones + iPhone,1
2019-03-06,163375,Lightning Charging Cable,iPhone,Lightning Charging Cable + iPhone,1
2019-03-02,163480,Lightning Charging Cable,iPhone,Lightning Charging Cable + iPhone,1
2019-03-27,163502,Bose SoundSport Headphones,Vareebadd Phone,Bose SoundSport Headphones + Vareebadd Phone,1
2019-03-27,163510,Apple Airpods Headphones,Macbook Pro Laptop,Apple Airpods Headphones + Macbook Pro Laptop,1
2019-03-04,163547,AA Batteries (4-pack),USB-C Charging Cable,AA Batteries (4-pack) + USB-C Charging Cable,1
2019-03-27,163590,Lightning Charging Cable,iPhone,Lightning Charging Cable + iPhone,1
2019-03-01,163606,Google Phone,USB-C Charging Cable,Google Phone + USB-C Charging Cable,1
2019-03-31,163653,Lightning Charging Cable,iPhone,Lightning Charging Cable + iPhone,1
2019-03-17,163658,Apple Airpods Headphones,iPhone,Apple Airpods Headphones + iPhone,1
2019-03-22,163680,Google Phone,USB-C Charging Cable,Google Phone + USB-C Charging Cable,1
2019-03-19,163682,Vareebadd Phone,Wired Headphones,Vareebadd Phone + Wired Headphones,1
2019-03-26,163710,Google Phone,USB-C Charging Cable,Google Phone + USB-C Charging Cable,1
2019-03-10,163783,27in FHD Monitor,Apple Airpods Headphones,27in FHD Monitor + Apple Airpods Headphones,1
2019-03-13,163802,27in FHD Monitor,34in Ultrawide Monitor,27in FHD Monitor + 34in Ultrawide Monitor,1
2019-03-21,163826,Lightning Charging Cable,iPhone,Lightning Charging Cable + iPhone,1
2019-03-21,163862,AAA Batteries (4-pack),Lightning Charging Cable,AAA Batteries (4-pack) + Lightning Charging Cable,1
2019-03-24,163913,Bose SoundSport Headphones,Flatscreen TV,Bose SoundSport Headphones + Flatscreen TV,1
2019-03-05,163983,USB-C Charging Cable,iPhone,USB-C Charging Cable + iPhone,1
2019-03-13,163984,Lightning Charging Cable,USB-C Charging Cable,Lightning Charging Cable + USB-C Charging Cable,1
2019-03-03,163991,Google Phone,Wired Headphones,Google Phone + Wired Headphones,1
2019-03-21,163993,27in 4K Gaming Monitor,Vareebadd Phone,27in 4K Gaming Monitor + Vareebadd Phone,1
2019-03-07,164006,Google Phone,USB-C Charging Cable,Google Phone + USB-C Charging Cable,1
2019-03-22,164061,AAA Batteries (4-pack),Lightning Charging Cable,AAA Batteries (4-pack) + Lightning Charging Cable,1
2019-03-14,164072,AA Batteries (4-pack),USB-C Charging Cable,AA Batteries (4-pack) + USB-C Charging Cable,1
2019-03-21,164233,Google Phone,USB-C Charging Cable,Google Phone + USB-C Charging Cable,1
2019-03-25,164242,34in Ultrawide Monitor,AA Batteries (4-pack),34in Ultrawide Monitor + AA Batteries (4-pack),1
2019-03-31,164265,Flatscreen TV,Lightning Charging Cable,Flatscreen TV + Lightning Charging Cable,1
2019-03-15,164273,Lightning Charging Cable,iPhone,Lightning Charging Cable + iPhone,1
2019-03-06,164309,AAA Batteries (4-pack),Wired Headphones,AAA Batteries (4-pack) + Wired Headphones,1
2019-03-27,164331,20in Monitor,Apple Airpods Headphones,20in Monitor + Apple Airpods Headphones,1
2019-03-08,164337,Lightning Charging Cable,iPhone,Lightning Charging Cable + iPhone,1
2019-03-02,164348,Wired Headphones,iPhone,Wired Headphones + iPhone,1
2019-03-14,164351,Lightning Charging Cable,Wired Headphones,Lightning Charging Cable + Wired Headphones,1
2019-03-14,164351,Lightning Charging Cable,iPhone,Lightning Charging Cable + iPhone,1
2019-03-14,164351,Wired Headphones,iPhone,Wired Headphones + iPhone,1
2019-03-11,164361,Wired Headphones,iPhone,Wired Headphones + iPhone,1
2019-03-22,164363,Bose SoundSport Headphones,Lightning Charging Cable,Bose SoundSport Headphones + Lightning Charging Cable,1
2019-03-19,164441,Lightning Charging Cable,iPhone,Lightning Charging Cable + iPhone,1
2019-03-23,164454,Bose SoundSport Headphones,Google Phone,Bose SoundSport Headphones + Google Phone,1
2019-03-06,164468,Google Phone,Wired Headphones,Google Phone + Wired Headphones,1
2019-03-11,164477,AAA Batteries (4-pack),Wired Headphones,AAA Batteries (4-pack) + Wired Headphones,1
2019-03-31,164484,Google Phone,USB-C Charging Cable,Google Phone + USB-C Charging Cable,1
2019-03-04,164521,Bose SoundSport Headphones,Flatscreen TV,Bose SoundSport Headphones + Flatscreen TV,1
2019-03-11,164541,Google Phone,USB-C Charging Cable,Google Phone + USB-C Charging Cable,1
2019-03-06,164553,AA Batteries (4-pack),Bose SoundSport Headphones,AA Batteries (4-pack) + Bose SoundSport Headphones,1
2019-03-12,164555,AAA Batteries (4-pack),USB-C Charging Cable,AAA Batteries (4-pack) + USB-C Charging Cable,1
2019-03-08,164611,AAA Batteries (4-pack),USB-C Charging Cable,AAA Batteries (4-pack) + USB-C Charging Cable,1
2019-03-03,164635,34in Ultrawide Monitor,Lightning Charging Cable,34in Ultrawide Monitor + Lightning Charging Cable,1
2019-03-25,164659,AAA Batteries (4-pack),USB-C Charging Cable,AAA Batteries (4-pack) + USB-C Charging Cable,1
2019-03-04,164677,Google Phone,USB-C Charging Cable,Google Phone + USB-C Charging Cable,1
2019-03-03,164689,Bose SoundSport Headphones,Google Phone,Bose SoundSport Headphones + Google Phone,1
2019-03-03,164689,Bose SoundSport Headphones,USB-C Charging Cable,Bose SoundSport Headphones + USB-C Charging Cable,1
2019-03-03,164689,Google Phone,USB-C Charging Cable,Google Phone + USB-C Charging Cable,1
2019-03-23,164710,Apple Airpods Headphones,Bose SoundSport Headphones,Apple Airpods Headphones + Bose SoundSport Headphones,1
2019-03-31,164713,Bose SoundSport Headphones,Google Phone,Bose SoundSport Headphones + Google Phone,1
2019-03-10,164717,AA Batteries (4-pack),AAA Batteries (4-pack),AA Batteries (4-pack) + AAA Batteries (4-pack),1
2019-03-14,164737,Google Phone,USB-C Charging Cable,Google Phone + USB-C Charging Cable,1
2019-03-31,164750,34in Ultrawide Monitor,AA Batteries (4-pack),34in Ultrawide Monitor + AA Batteries (4-pack),1
2019-03-29,164755,Google Phone,USB-C Charging Cable,Google Phone + USB-C Charging Cable,1
2019-03-04,164759,Google Phone,USB-C Charging Cable,Google Phone + USB-C Charging Cable,1
2019-03-26,164770,Google Phone,USB-C Charging Cable,Google Phone + USB-C Charging Cable,1
2019-03-09,164793,Google Phone,USB-C Charging Cable,Google Phone + USB-C Charging Cable,1
2019-03-25,164804,Google Phone,USB-C Charging Cable,Google Phone + USB-C Charging Cable,1
2019-03-08,164812,Wired Headphones,iPhone,Wired Headphones + iPhone,1
2019-03-18,164817,Apple Airpods Headphones,Bose SoundSport Headphones,Apple Airpods Headphones + Bose SoundSport Headphones,1
2019-03-22,164857,Lightning Charging Cable,Macbook Pro Laptop,Lightning Charging Cable + Macbook Pro Laptop,1
2019-03-10,164880,Vareebadd Phone,Wired Headphones,Vareebadd Phone + Wired Headphones,1
2019-03-02,164903,AA Batteries (4-pack),Apple Airpods Headphones,AA Batteries (4-pack) + Apple Airpods Headphones,1
2019-03-06,164928,AA Batteries (4-pack),Lightning Charging Cable,AA Batteries (4-pack) + Lightning Charging Cable,1
2019-03-23,164977,Lightning Charging Cable,iPhone,Lightning Charging Cable + iPhone,1
2019-03-21,164985,Google Phone,Wired Headphones,Google Phone + Wired Headphones,1
2019-03-16,165051,USB-C Charging Cable,Vareebadd Phone,USB-C Charging Cable + Vareebadd Phone,1
2019-03-06,165103,AA Batteries (4-pack),Google Phone,AA Batteries (4-pack) + Google Phone,1
2019-03-22,165115,Bose SoundSport Headphones,Google Phone,Bose SoundSport Headphones + Google Phone,1
2019-03-29,165122,Apple Airpods Headphones,USB-C Charging Cable,Apple Airpods Headphones + USB-C Charging Cable,1
2019-03-18,165123,Lightning Charging Cable,Wired Headphones,Lightning Charging Cable + Wired Headphones,1
2019-03-02,165129,USB-C Charging Cable,iPhone,USB-C Charging Cable + iPhone,1
2019-03-11,165158,Lightning Charging Cable,iPhone,Lightning Charging Cable + iPhone,1
2019-03-22,165197,Apple Airpods Headphones,Macbook Pro Laptop,Apple Airpods Headphones + Macbook Pro Laptop,1
2019-03-10,165217,ThinkPad Laptop,USB-C Charging Cable,ThinkPad Laptop + USB-C Charging Cable,1
2019-03-07,165241,Google Phone,USB-C Charging Cable,Google Phone + USB-C Charging Cable,1
2019-03-15,165244,AA Batteries (4-pack),iPhone,AA Batteries (4-pack) + iPhone,1
2019-03-11,165248,27in FHD Monitor,Lightning Charging Cable,27in FHD Monitor + Lightning Charging Cable,1
2019-03-27,165270,Google Phone,USB-C Charging Cable,Google Phone + USB-C Charging Cable,1
2019-03-20,165410,AAA Batteries (4-pack),USB-C Charging Cable,AAA Batteries (4-pack) + USB-C Charging Cable,1
2019-03-14,165462,Google Phone,Wired Headphones,Google Phone + Wired Headphones,1
2019-03-25,165471,AAA Batteries (4-pack),Wired Headphones,AAA Batteries (4-pack) + Wired Headphones,1
2019-03-08,165511,Lightning Charging Cable,iPhone,Lightning Charging Cable + iPhone,1
2019-03-07,165514,AA Batteries (4-pack),Lightning Charging Cable,AA Batteries (4-pack) + Lightning Charging Cable,1
2019-03-13,165584,Apple Airpods Headphones,Lightning Charging Cable,Apple Airpods Headphones + Lightning Charging Cable,1
2019-03-13,165601,Apple Airpods Headphones,iPhone,Apple Airpods Headphones + iPhone,1
2019-03-07,165618,Lightning Charging Cable,iPhone,Lightning Charging Cable + iPhone,1
2019-03-01,165665,AA Batteries (4-pack),Google Phone,AA Batteries (4-pack) + Google Phone,1
2019-03-01,165665,AA Batteries (4-pack),USB-C Charging Cable,AA Batteries (4-pack) + USB-C Charging Cable,1
2019-03-01,165665,AA Batteries (4-pack),Wired Headphones,AA Batteries (4-pack) + Wired Headphones,1
2019-03-01,165665,Google Phone,USB-C Charging Cable,Google Phone + USB-C Charging Cable,1
2019-03-01,165665,Google Phone,Wired Headphones,Google Phone + Wired Headphones,1
2019-03-01,165665,USB-C Charging Cable,Wired Headphones,USB-C Charging Cable + Wired Headphones,1
2019-03-09,165754,Google Phone,Wired Headphones,Google Phone + Wired Headphones,1
2019-03-25,165756,AAA Batteries (4-pack),Wired Headphones,AAA Batteries (4-pack) + Wired Headphones,1
2019-03-17,165768,Lightning Charging Cable,iPhone,Lightning Charging Cable + iPhone,1
2019-03-27,165782,AA Batteries (4-pack),Vareebadd Phone,AA Batteries (4-pack) + Vareebadd Phone,1
2019-03-22,165792,Bose SoundSport Headphones,Wired Headphones,Bose SoundSport Headphones + Wired Headphones,1
2019-03-30,165812,Lightning Charging Cable,iPhone,Lightning Charging Cable + iPhone,1
2019-03-12,165859,27in FHD Monitor,Google Phone,27in FHD Monitor + Google Phone,1
2019-03-09,165862,Apple Airpods Headphones,Wired Headphones,Apple Airpods Headphones + Wired Headphones,1
2019-03-31,165890,AA Batteries (4-pack),Wired Headphones,AA Batteries (4-pack) + Wired Headphones,1
2019-03-15,165911,Lightning Charging Cable,iPhone,Lightning Charging Cable + iPhone,1
2019-03-04,165914,Vareebadd Phone,Wired Headphones,Vareebadd Phone + Wired Headphones,1
2019-03-25,165928,USB-C Charging Cable,Vareebadd Phone,USB-C Charging Cable + Vareebadd Phone,1
2019-03-30,165938,Google Phone,USB-C Charging Cable,Google Phone + USB-C Charging Cable,1
2019-03-30,165938,Google Phone,Wired Headphones,Google Phone + Wired Headphones,1
2019-03-30,165938,USB-C Charging Cable,Wired Headphones,USB-C Charging Cable + Wired Headphones,1
2019-03-24,165948,34in Ultrawide Monitor,Bose SoundSport Headphones,34in Ultrawide Monitor + Bose SoundSport Headphones,1
2019-03-15,166001,USB-C Charging Cable,Vareebadd Phone,USB-C Charging Cable + Vareebadd Phone,1
2019-03-28,166082,Apple Airpods Headphones,iPhone,Apple Airpods Headphones + iPhone,1
2019-03-19,166105,Google Phone,Wired Headphones,Google Phone + Wired Headphones,1
2019-03-14,166127,Lightning Charging Cable,iPhone,Lightning Charging Cable + iPhone,1
2019-03-29,166161,Google Phone,Wired Headphones,Google Phone + Wired Headphones,1
2019-03-20,166163,AAA Batteries (4-pack),Lightning Charging Cable,AAA Batteries (4-pack) + Lightning Charging Cable,1
2019-03-12,166260,Lightning Charging Cable,USB-C Charging Cable,Lightning Charging Cable + USB-C Charging Cable,1
2019-03-05,166284,Lightning Charging Cable,ThinkPad Laptop,Lightning Charging Cable + ThinkPad Laptop,1
2019-03-25,166302,Wired Headphones,iPhone,Wired Headphones + iPhone,1
2019-03-11,166326,27in FHD Monitor,Vareebadd Phone,27in FHD Monitor + Vareebadd Phone,1
2019-03-03,166334,Bose SoundSport Headphones,Google Phone,Bose SoundSport Headphones + Google Phone,1
2019-03-03,166337,Google Phone,USB-C Charging Cable,Google Phone + USB-C Charging Cable,1
2019-03-04,166393,Vareebadd Phone,Wired Headphones,Vareebadd Phone + Wired Headphones,1
2019-03-31,166430,Google Phone,USB-C Charging Cable,Google Phone + USB-C Charging Cable,1
2019-03-17,166448,Lightning Charging Cable,Wired Headphones,Lightning Charging Cable + Wired Headphones,1
2019-03-31,166595,Apple Airpods Headphones,Wired Headphones,Apple Airpods Headphones + Wired Headphones,1
2019-03-05,166639,27in FHD Monitor,Wired Headphones,27in FHD Monitor + Wired Headphones,1
2019-03-19,166645,Bose SoundSport Headphones,ThinkPad Laptop,Bose SoundSport Headphones + ThinkPad Laptop,1
2019-03-18,166666,Apple Airpods Headphones,Lightning Charging Cable,Apple Airpods Headphones + Lightning Charging Cable,1
2019-03-11,166710,Google Phone,USB-C Charging Cable,Google Phone + USB-C Charging Cable,1
2019-03-14,166737,Lightning Charging Cable,iPhone,Lightning Charging Cable + iPhone,1
2019-03-04,166740,AAA Batteries (4-pack),iPhone,AAA Batteries (4-pack) + iPhone,1
2019-03-17,166745,AA Batteries (4-pack),AAA Batteries (4-pack),AA Batteries (4-pack) + AAA Batteries (4-pack),1
2019-03-09,166752,AAA Batteries (4-pack),Wired Headphones,AAA Batteries (4-pack) + Wired Headphones,1
2019-03-20,166776,Lightning Charging Cable,iPhone,Lightning Charging Cable + iPhone,1
2019-03-09,166794,Lightning Charging Cable,iPhone,Lightning Charging Cable + iPhone,1
2019-03-25,166824,Apple Airpods Headphones,iPhone,Apple Airpods Headphones + iPhone,1
2019-03-12,166842,27in 4K Gaming Monitor,AA Batteries (4-pack),27in 4K Gaming Monitor + AA Batteries (4-pack),1
2019-03-21,166878,20in Monitor,USB-C Charging Cable,20in Monitor + USB-C Charging Cable,1
2019-03-01,166942,Apple Airpods Headphones,iPhone,Apple Airpods Headphones + iPhone,1
2019-03-27,166968,27in 4K Gaming Monitor,LG Washing Machine,27in 4K Gaming Monitor + LG Washing Machine,1
2019-03-09,167014,Apple Airpods Headphones,iPhone,Apple Airpods Headphones + iPhone,1
2019-03-17,167023,Lightning Charging Cable,iPhone,Lightning Charging Cable + iPhone,1
2019-03-21,167026,Lightning Charging Cable,iPhone,Lightning Charging Cable + iPhone,1
2019-03-16,167084,AA Batteries (4-pack),Bose SoundSport Headphones,AA Batteries (4-pack) + Bose SoundSport Headphones,1
2019-03-20,167124,Flatscreen TV,ThinkPad Laptop,Flatscreen TV + ThinkPad Laptop,1
2019-03-31,167159,AA Batteries (4-pack),Google Phone,AA Batteries (4-pack) + Google Phone,1
2019-03-30,167220,AA Batteries (4-pack),iPhone,AA Batteries (4-pack) + iPhone,1
2019-03-30,167222,AAA Batteries (4-pack),ThinkPad Laptop,AAA Batteries (4-pack) + ThinkPad Laptop,1
2019-03-28,167258,Google Phone,USB-C Charging Cable,Google Phone + USB-C Charging Cable,1
2019-03-22,167261,Google Phone,USB-C Charging Cable,Google Phone + USB-C Charging Cable,1
2019-03-22,167261,Google Phone,Wired Headphones,Google Phone + Wired Headphones,1
2019-03-22,167261,USB-C Charging Cable,Wired Headphones,USB-C Charging Cable + Wired Headphones,1
2019-03-30,167275,ThinkPad Laptop,iPhone,ThinkPad Laptop + iPhone,1
2019-03-06,167284,USB-C Charging Cable,Vareebadd Phone,USB-C Charging Cable + Vareebadd Phone,1
2019-03-04,167294,Wired Headphones,iPhone,Wired Headphones + iPhone,1
2019-03-12,167324,AA Batteries (4-pack),Lightning Charging Cable,AA Batteries (4-pack) + Lightning Charging Cable,1
2019-03-07,167348,AA Batteries (4-pack),Bose SoundSport Headphones,AA Batteries (4-pack) + Bose SoundSport Headphones,1
2019-03-12,167360,Wired Headphones,iPhone,Wired Headphones + iPhone,1
2019-03-24,167388,27in 4K Gaming Monitor,Apple Airpods Headphones,27in 4K Gaming Monitor + Apple Airpods Headphones,1
2019-03-15,167433,27in 4K Gaming Monitor,Lightning Charging Cable,27in 4K Gaming Monitor + Lightning Charging Cable,1
2019-03-11,167441,27in 4K Gaming Monitor,Flatscreen TV,27in 4K Gaming Monitor + Flatscreen TV,1
2019-03-24,167447,Wired Headphones,iPhone,Wired Headphones + iPhone,1
2019-03-03,167469,Google Phone,USB-C Charging Cable,Google Phone + USB-C Charging Cable,1
2019-03-19,167488,Lightning Charging Cable,iPhone,Lightning Charging Cable + iPhone,1
2019-03-05,167532,Apple Airpods Headphones,iPhone,Apple Airpods Headphones + iPhone,1
2019-03-03,167567,Lightning Charging Cable,Macbook Pro Laptop,Lightning Charging Cable + Macbook Pro Laptop,1
2019-03-18,167591,Apple Airpods Headphones,Lightning Charging Cable,Apple Airpods Headphones + Lightning Charging Cable,1
2019-03-28,167598,Vareebadd Phone,Wired Headphones,Vareebadd Phone + Wired Headphones,1
2019-03-30,167643,Google Phone,USB-C Charging Cable,Google Phone + USB-C Charging Cable,1
2019-03-12,167659,USB-C Charging Cable,Vareebadd Phone,USB-C Charging Cable + Vareebadd Phone,1
2019-03-22,167702,AA Batteries (4-pack),Wired Headphones,AA Batteries (4-pack) + Wired Headphones,1
2019-03-28,167709,Google Phone,USB-C Charging Cable,Google Phone + USB-C Charging Cable,1
2019-03-18,167721,Google Phone,USB-C Charging Cable,Google Phone + USB-C Charging Cable,1
2019-03-11,167833,Apple Airpods Headphones,iPhone,Apple Airpods Headphones + iPhone,1
2019-03-26,167837,Google Phone,USB-C Charging Cable,Google Phone + USB-C Charging Cable,1
2019-03-28,167839,Bose SoundSport Headphones,Vareebadd Phone,Bose SoundSport Headphones + Vareebadd Phone,1
2019-03-10,167891,Google Phone,USB-C Charging Cable,Google Phone + USB-C Charging Cable,1
2019-03-29,167924,Google Phone,USB-C Charging Cable,Google Phone + USB-C Charging Cable,1
2019-03-22,167931,Bose SoundSport Headphones,USB-C Charging Cable,Bose SoundSport Headphones + USB-C Charging Cable,1
2019-03-31,167934,Google Phone,USB-C Charging Cable,Google Phone + USB-C Charging Cable,1
2019-03-29,167955,Apple Airpods Headphones,iPhone,Apple Airpods Headphones + iPhone,1
2019-03-18,167958,Google Phone,USB-C Charging Cable,Google Phone + USB-C Charging Cable,1
2019-03-10,167977,Google Phone,Wired Headphones,Google Phone + Wired Headphones,1
2019-03-02,168037,Lightning Charging Cable,USB-C Charging Cable,Lightning Charging Cable + USB-C Charging Cable,1
2019-03-05,168080,Google Phone,USB-C Charging Cable,Google Phone + USB-C Charging Cable,1
2019-03-24,168173,34in Ultrawide Monitor,AAA Batteries (4-pack),34in Ultrawide Monitor + AAA Batteries (4-pack),1
2019-03-23,168187,Lightning Charging Cable,iPhone,Lightning Charging Cable + iPhone,1
2019-03-03,168213,Lightning Charging Cable,iPhone,Lightning Charging Cable + iPhone,1
2019-03-01,168215,AA Batteries (4-pack),USB-C Charging Cable,AA Batteries (4-pack) + USB-C Charging Cable,1
2019-03-04,168236,Google Phone,Wired Headphones,Google Phone + Wired Headphones,1
2019-03-16,168282,Flatscreen TV,USB-C Charging Cable,Flatscreen TV + USB-C Charging Cable,1
2019-03-28,168333,AAA Batteries (4-pack),Apple Airpods Headphones,AAA Batteries (4-pack) + Apple Airpods Headphones,1
2019-03-28,168376,Apple Airpods Headphones,iPhone,Apple Airpods Headphones + iPhone,1
2019-03-29,168380,AAA Batteries (4-pack),Lightning Charging Cable,AAA Batteries (4-pack) + Lightning Charging Cable,1
2019-03-04,168382,USB-C Charging Cable,Vareebadd Phone,USB-C Charging Cable + Vareebadd Phone,1
2019-03-16,168436,Bose SoundSport Headphones,Lightning Charging Cable,Bose SoundSport Headphones + Lightning Charging Cable,1
2019-03-27,168561,Lightning Charging Cable,iPhone,Lightning Charging Cable + iPhone,1
2019-03-25,168604,Google Phone,USB-C Charging Cable,Google Phone + USB-C Charging Cable,1
2019-03-20,168607,Apple Airpods Headphones,Bose SoundSport Headphones,Apple Airpods Headphones + Bose SoundSport Headphones,1
2019-03-20,168607,Apple Airpods Headphones,iPhone,Apple Airpods Headphones + iPhone,1
2019-03-20,168607,Bose SoundSport Headphones,iPhone,Bose SoundSport Headphones + iPhone,1
2019-03-21,168619,USB-C Charging Cable,Vareebadd Phone,USB-C Charging Cable + Vareebadd Phone,1
2019-03-07,168631,20in Monitor,Lightning Charging Cable,20in Monitor + Lightning Charging Cable,1
2019-03-03,168674,Google Phone,USB-C Charging Cable,Google Phone + USB-C Charging Cable,1
2019-03-16,168694,Bose SoundSport Headphones,Wired Headphones,Bose SoundSport Headphones + Wired Headphones,1
2019-03-07,168777,Lightning Charging Cable,iPhone,Lightning Charging Cable + iPhone,1
2019-03-08,168778,27in FHD Monitor,Bose SoundSport Headphones,27in FHD Monitor + Bose SoundSport Headphones,1
2019-03-31,168806,Lightning Charging Cable,iPhone,Lightning Charging Cable + iPhone,1
2019-03-15,168818,AA Batteries (4-pack),AAA Batteries (4-pack),AA Batteries (4-pack) + AAA Batteries (4-pack),1
2019-03-05,168890,AAA Batteries (4-pack),Wired Headphones,AAA Batteries (4-pack) + Wired Headphones,1
2019-03-25,168900,AAA Batteries (4-pack),Lightning Charging Cable,AAA Batteries (4-pack) + Lightning Charging Cable,1
2019-04-01,168905,ThinkPad Laptop,USB-C Charging Cable,ThinkPad Laptop + USB-C Charging Cable,1
2019-03-22,168910,27in 4K Gaming Monitor,Lightning Charging Cable,27in 4K Gaming Monitor + Lightning Charging Cable,1
2019-03-02,168938,Lightning Charging Cable,Wired Headphones,Lightning Charging Cable + Wired Headphones,1
2019-03-02,168938,Lightning Charging Cable,iPhone,Lightning Charging Cable + iPhone,1
2019-03-02,168938,Wired Headphones,iPhone,Wired Headphones + iPhone,1
2019-03-05,169022,Google Phone,USB-C Charging Cable,Google Phone + USB-C Charging Cable,1
2019-03-20,169076,AA Batteries (4-pack),Apple Airpods Headphones,AA Batteries (4-pack) + Apple Airpods Headphones,1
2019-03-08,169116,Bose SoundSport Headphones,Lightning Charging Cable,Bose SoundSport Headphones + Lightning Charging Cable,1
2019-03-07,169160,ThinkPad Laptop,Vareebadd Phone,ThinkPad Laptop + Vareebadd Phone,1
2019-03-28,169167,Google Phone,USB-C Charging Cable,Google Phone + USB-C Charging Cable,1
2019-03-28,169192,Lightning Charging Cable,iPhone,Lightning Charging Cable + iPhone,1
2019-03-04,169207,Lightning Charging Cable,iPhone,Lightning Charging Cable + iPhone,1
2019-03-12,169221,Lightning Charging Cable,Wired Headphones,Lightning Charging Cable + Wired Headphones,1
2019-03-15,169259,USB-C Charging Cable,Wired Headphones,USB-C Charging Cable + Wired Headphones,1
2019-03-10,169266,Google Phone,Lightning Charging Cable,Google Phone + Lightning Charging Cable,1
2019-03-10,169266,Google Phone,iPhone,Google Phone + iPhone,1
2019-03-10,169266,Lightning Charging Cable,iPhone,Lightning Charging Cable + iPhone,1
2019-03-28,169268,Apple Airpods Headphones,Bose SoundSport Headphones,Apple Airpods Headphones + Bose SoundSport Headphones,1
2019-03-24,169297,Google Phone,Wired Headphones,Google Phone + Wired Headphones,1
2019-03-27,169324,Lightning Charging Cable,iPhone,Lightning Charging Cable + iPhone,1
2019-03-20,169344,34in Ultrawide Monitor,Google Phone,34in Ultrawide Monitor + Google Phone,1
2019-03-05,169421,Apple Airpods Headphones,USB-C Charging Cable,Apple Airpods Headphones + USB-C Charging Cable,1
2019-03-16,169424,AAA Batteries (4-pack),Apple Airpods Headphones,AAA Batteries (4-pack) + Apple Airpods Headphones,1
2019-03-13,169545,Google Phone,USB-C Charging Cable,Google Phone + USB-C Charging Cable,1
2019-03-13,169545,Google Phone,Wired Headphones,Google Phone + Wired Headphones,1
2019-03-13,169545,USB-C Charging Cable,Wired Headphones,USB-C Charging Cable + Wired Headphones,1
2019-03-28,169550,27in 4K Gaming Monitor,iPhone,27in 4K Gaming Monitor + iPhone,1
2019-03-16,169551,Google Phone,USB-C Charging Cable,Google Phone + USB-C Charging Cable,1
2019-03-27,169564,Apple Airpods Headphones,iPhone,Apple Airpods Headphones + iPhone,1
2019-03-19,169643,Bose SoundSport Headphones,Google Phone,Bose SoundSport Headphones + Google Phone,1
2019-03-28,169666,Bose SoundSport Headphones,Google Phone,Bose SoundSport Headphones + Google Phone,1
2019-03-31,169668,Bose SoundSport Headphones,Lightning Charging Cable,Bose SoundSport Headphones + Lightning Charging Cable,1
2019-03-07,169681,Apple Airpods Headphones,ThinkPad Laptop,Apple Airpods Headphones + ThinkPad Laptop,1
2019-03-10,169683,Google Phone,USB-C Charging Cable,Google Phone + USB-C Charging Cable,1
2019-03-24,169687,AAA Batteries (4-pack),Lightning Charging Cable,AAA Batteries (4-pack) + Lightning Charging Cable,1
2019-03-13,169698,Lightning Charging Cable,iPhone,Lightning Charging Cable + iPhone,1
2019-03-01,169720,Lightning Charging Cable,iPhone,Lightning Charging Cable + iPhone,1
2019-03-02,169738,Lightning Charging Cable,iPhone,Lightning Charging Cable + iPhone,1
2019-03-20,169765,USB-C Charging Cable,Wired Headphones,USB-C Charging Cable + Wired Headphones,1
2019-03-01,169780,Apple Airpods Headphones,Lightning Charging Cable,Apple Airpods Headphones + Lightning Charging Cable,1
2019-03-26,169800,Apple Airpods Headphones,iPhone,Apple Airpods Headphones + iPhone,1
2019-03-30,169830,Google Phone,USB-C Charging Cable,Google Phone + USB-C Charging Cable,1
2019-03-02,169883,Bose SoundSport Headphones,Google Phone,Bose SoundSport Headphones + Google Phone,1
2019-03-30,169949,AAA Batteries (4-pack),LG Washing Machine,AAA Batteries (4-pack) + LG Washing Machine,1
2019-03-28,169956,Google Phone,iPhone,Google Phone + iPhone,1
2019-03-23,169959,Wired Headphones,iPhone,Wired Headphones + iPhone,1
2019-03-05,169961,Google Phone,Wired Headphones,Google Phone + Wired Headphones,1
2019-03-16,169983,Bose SoundSport Headphones,Google Phone,Bose SoundSport Headphones + Google Phone,1
2019-03-26,170027,Apple Airpods Headphones,LG Washing Machine,Apple Airpods Headphones + LG Washing Machine,1
2019-03-28,170036,USB-C Charging Cable,Vareebadd Phone,USB-C Charging Cable + Vareebadd Phone,1
2019-03-17,170069,Apple Airpods Headphones,iPhone,Apple Airpods Headphones + iPhone,1
2019-03-10,170082,Bose SoundSport Headphones,Google Phone,Bose SoundSport Headphones + Google Phone,1
2019-03-07,170138,27in 4K Gaming Monitor,34in Ultrawide Monitor,27in 4K Gaming Monitor + 34in Ultrawide Monitor,1
2019-03-09,170156,AA Batteries (4-pack),USB-C Charging Cable,AA Batteries (4-pack) + USB-C Charging Cable,1
2019-03-23,170196,AAA Batteries (4-pack),LG Washing Machine,AAA Batteries (4-pack) + LG Washing Machine,1
2019-03-23,170207,Lightning Charging Cable,iPhone,Lightning Charging Cable + iPhone,1
2019-03-04,170215,Google Phone,USB-C Charging Cable,Google Phone + USB-C Charging Cable,1
2019-03-16,170216,27in 4K Gaming Monitor,Lightning Charging Cable,27in 4K Gaming Monitor + Lightning Charging Cable,1
2019-03-12,170241,Lightning Charging Cable,Wired Headphones,Lightning Charging Cable + Wired Headphones,1
2019-03-12,170241,Lightning Charging Cable,iPhone,Lightning Charging Cable + iPhone,1
2019-03-12,170241,Wired Headphones,iPhone,Wired Headphones + iPhone,1
2019-03-14,170247,Google Phone,USB-C Charging Cable,Google Phone + USB-C Charging Cable,1
2019-03-08,170278,Lightning Charging Cable,iPhone,Lightning Charging Cable + iPhone,1
2019-03-30,170319,Google Phone,USB-C Charging Cable,Google Phone + USB-C Charging Cable,1
2019-03-15,170361,Flatscreen TV,Lightning Charging Cable,Flatscreen TV + Lightning Charging Cable,1
2019-03-06,170432,20in Monitor,Bose SoundSport Headphones,20in Monitor + Bose SoundSport Headphones,1
2019-03-16,170505,Lightning Charging Cable,iPhone,Lightning Charging Cable + iPhone,1
2019-03-24,170508,Bose SoundSport Headphones,Lightning Charging Cable,Bose SoundSport Headphones + Lightning Charging Cable,1
2019-03-04,170534,AA Batteries (4-pack),Flatscreen TV,AA Batteries (4-pack) + Flatscreen TV,1
2019-03-25,170589,Lightning Charging Cable,iPhone,Lightning Charging Cable + iPhone,1
2019-03-24,170607,USB-C Charging Cable,Vareebadd Phone,USB-C Charging Cable + Vareebadd Phone,1
2019-03-18,170623,Apple Airpods Headphones,Lightning Charging Cable,Apple Airpods Headphones + Lightning Charging Cable,1
2019-03-07,170647,AAA Batteries (4-pack),Lightning Charging Cable,AAA Batteries (4-pack) + Lightning Charging Cable,1
2019-03-28,170707,AAA Batteries (4-pack),USB-C Charging Cable,AAA Batteries (4-pack) + USB-C Charging Cable,1
2019-03-05,170721,Apple Airpods Headphones,Wired Headphones,Apple Airpods Headphones + Wired Headphones,1
2019-03-26,170742,AAA Batteries (4-pack),Apple Airpods Headphones,AAA Batteries (4-pack) + Apple Airpods Headphones,1
2019-03-05,170746,USB-C Charging Cable,Vareebadd Phone,USB-C Charging Cable + Vareebadd Phone,1
2019-03-22,170749,AAA Batteries (4-pack),USB-C Charging Cable,AAA Batteries (4-pack) + USB-C Charging Cable,1
2019-03-06,170765,AAA Batteries (4-pack),Apple Airpods Headphones,AAA Batteries (4-pack) + Apple Airpods Headphones,1
2019-03-23,170771,Lightning Charging Cable,iPhone,Lightning Charging Cable + iPhone,1
2019-03-19,170781,AA Batteries (4-pack),Lightning Charging Cable,AA Batteries (4-pack) + Lightning Charging Cable,1
2019-03-02,170786,27in FHD Monitor,34in Ultrawide Monitor,27in FHD Monitor + 34in Ultrawide Monitor,1
2019-03-18,170819,Google Phone,USB-C Charging Cable,Google Phone + USB-C Charging Cable,1
2019-03-16,170904,Bose SoundSport Headphones,Google Phone,Bose SoundSport Headphones + Google Phone,1
2019-03-13,170964,Apple Airpods Headphones,Google Phone,Apple Airpods Headphones + Google Phone,1
2019-03-29,170979,AA Batteries (4-pack),Macbook Pro Laptop,AA Batteries (4-pack) + Macbook Pro Laptop,1
2019-03-24,170984,34in Ultrawide Monitor,USB-C Charging Cable,34in Ultrawide Monitor + USB-C Charging Cable,1
2019-03-08,170986,Google Phone,USB-C Charging Cable,Google Phone + USB-C Charging Cable,1
2019-03-14,171017,Apple Airpods Headphones,Lightning Charging Cable,Apple Airpods Headphones + Lightning Charging Cable,1
2019-03-07,171026,AAA Batteries (4-pack),USB-C Charging Cable,AAA Batteries (4-pack) + USB-C Charging Cable,1
2019-03-29,171074,Google Phone,USB-C Charging Cable,Google Phone + USB-C Charging Cable,1
2019-03-04,171076,Apple Airpods Headphones,iPhone,Apple Airpods Headphones + iPhone,1
2019-03-16,171094,27in 4K Gaming Monitor,Flatscreen TV,27in 4K Gaming Monitor + Flatscreen TV,1
2019-03-07,171114,Lightning Charging Cable,iPhone,Lightning Charging Cable + iPhone,1
2019-03-24,171171,Apple Airpods Headphones,iPhone,Apple Airpods Headphones + iPhone,1
2019-03-11,171176,27in 4K Gaming Monitor,27in FHD Monitor,27in 4K Gaming Monitor + 27in FHD Monitor,1
2019-03-15,171226,Google Phone,USB-C Charging Cable,Google Phone + USB-C Charging Cable,1
2019-03-19,171277,Lightning Charging Cable,iPhone,Lightning Charging Cable + iPhone,1
2019-03-19,171375,Google Phone,USB-C Charging Cable,Google Phone + USB-C Charging Cable,1
2019-03-08,171400,Apple Airpods Headphones,iPhone,Apple Airpods Headphones + iPhone,1
2019-03-09,171417,34in Ultrawide Monitor,AA Batteries (4-pack),34in Ultrawide Monitor + AA Batteries (4-pack),1
2019-03-24,171506,AAA Batteries (4-pack),Wired Headphones,AAA Batteries (4-pack) + Wired Headphones,1
2019-03-22,171521,34in Ultrawide Monitor,Apple Airpods Headphones,34in Ultrawide Monitor + Apple Airpods Headphones,1
2019-03-25,171553,Google Phone,USB-C Charging Cable,Google Phone + USB-C Charging Cable,1
2019-03-03,171589,Lightning Charging Cable,iPhone,Lightning Charging Cable + iPhone,1
2019-03-04,171622,Google Phone,USB-C Charging Cable,Google Phone + USB-C Charging Cable,1
2019-03-19,171639,AA Batteries (4-pack),AAA Batteries (4-pack),AA Batteries (4-pack) + AAA Batteries (4-pack),1
2019-03-17,171645,Lightning Charging Cable,iPhone,Lightning Charging Cable + iPhone,1
2019-03-23,171658,Google Phone,Wired Headphones,Google Phone + Wired Headphones,1
2019-03-02,171711,Google Phone,Wired Headphones,Google Phone + Wired Headphones,1
2019-03-31,171801,Apple Airpods Headphones,iPhone,Apple Airpods Headphones + iPhone,1
2019-03-06,171806,Lightning Charging Cable,iPhone,Lightning Charging Cable + iPhone,1
2019-03-03,171825,Lightning Charging Cable,iPhone,Lightning Charging Cable + iPhone,1
2019-03-05,171843,Bose SoundSport Headphones,Google Phone,Bose SoundSport Headphones + Google Phone,1
2019-03-18,171896,USB-C Charging Cable,Vareebadd Phone,USB-C Charging Cable + Vareebadd Phone,1
2019-03-04,171904,27in 4K Gaming Monitor,Lightning Charging Cable,27in 4K Gaming Monitor + Lightning Charging Cable,1
2019-03-19,171912,Bose SoundSport Headphones,USB-C Charging Cable,Bose SoundSport Headphones + USB-C Charging Cable,1
2019-03-14,171935,AAA Batteries (4-pack),LG Washing Machine,AAA Batteries (4-pack) + LG Washing Machine,1
2019-03-29,171945,Lightning Charging Cable,Macbook Pro Laptop,Lightning Charging Cable + Macbook Pro Laptop,1
2019-03-14,172029,Wired Headphones,iPhone,Wired Headphones + iPhone,1
2019-03-09,172040,AAA Batteries (4-pack),Wired Headphones,AAA Batteries (4-pack) + Wired Headphones,1
2019-03-08,172070,20in Monitor,Lightning Charging Cable,20in Monitor + Lightning Charging Cable,1
2019-03-14,172123,AAA Batteries (4-pack),Wired Headphones,AAA Batteries (4-pack) + Wired Headphones,1
2019-03-23,172171,27in FHD Monitor,Flatscreen TV,27in FHD Monitor + Flatscreen TV,1
2019-03-02,172175,Google Phone,USB-C Charging Cable,Google Phone + USB-C Charging Cable,1
2019-03-26,172176,Google Phone,USB-C Charging Cable,Google Phone + USB-C Charging Cable,1
2019-03-08,172177,AAA Batteries (4-pack),Wired Headphones,AAA Batteries (4-pack) + Wired Headphones,1
2019-03-27,172183,AAA Batteries (4-pack),Bose SoundSport Headphones,AAA Batteries (4-pack) + Bose SoundSport Headphones,1
2019-03-17,172201,Google Phone,Wired Headphones,Google Phone + Wired Headphones,1
2019-03-20,172205,Apple Airpods Headphones,iPhone,Apple Airpods Headphones + iPhone,1
2019-03-30,172208,Google Phone,USB-C Charging Cable,Google Phone + USB-C Charging Cable,1
2019-03-27,172223,Lightning Charging Cable,iPhone,Lightning Charging Cable + iPhone,1
2019-03-13,172241,20in Monitor,Wired Headphones,20in Monitor + Wired Headphones,1
2019-03-02,172265,Bose SoundSport Headphones,Google Phone,Bose SoundSport Headphones + Google Phone,1
2019-03-25,172267,Macbook Pro Laptop,Wired Headphones,Macbook Pro Laptop + Wired Headphones,1
2019-03-01,172293,Google Phone,USB-C Charging Cable,Google Phone + USB-C Charging Cable,1
2019-03-24,172327,Lightning Charging Cable,USB-C Charging Cable,Lightning Charging Cable + USB-C Charging Cable,1
2019-03-02,172357,USB-C Charging Cable,Vareebadd Phone,USB-C Charging Cable + Vareebadd Phone,1
2019-03-20,172362,Lightning Charging Cable,iPhone,Lightning Charging Cable + iPhone,1
2019-03-15,172369,USB-C Charging Cable,Vareebadd Phone,USB-C Charging Cable + Vareebadd Phone,1
2019-03-06,172387,AAA Batteries (4-pack),Wired Headphones,AAA Batteries (4-pack) + Wired Headphones,1
2019-03-30,172404,Lightning Charging Cable,USB-C Charging Cable,Lightning Charging Cable + USB-C Charging Cable,1
2019-03-18,172426,Google Phone,USB-C Charging Cable,Google Phone + USB-C Charging Cable,1
2019-03-06,172492,USB-C Charging Cable,Wired Headphones,USB-C Charging Cable + Wired Headphones,1
2019-03-26,172493,Wired Headphones,iPhone,Wired Headphones + iPhone,1
2019-03-08,172495,Lightning Charging Cable,USB-C Charging Cable,Lightning Charging Cable + USB-C Charging Cable,1
2019-03-19,172516,AA Batteries (4-pack),Wired Headphones,AA Batteries (4-pack) + Wired Headphones,1
2019-03-25,172528,AA Batteries (4-pack),LG Dryer,AA Batteries (4-pack) + LG Dryer,1
2019-03-08,172557,Bose SoundSport Headphones,Google Phone,Bose SoundSport Headphones + Google Phone,1
2019-03-08,172557,Bose SoundSport Headphones,USB-C Charging Cable,Bose SoundSport Headphones + USB-C Charging Cable,1
2019-03-08,172557,Google Phone,USB-C Charging Cable,Google Phone + USB-C Charging Cable,1
2019-03-05,172654,Lightning Charging Cable,iPhone,Lightning Charging Cable + iPhone,1
2019-03-23,172692,Vareebadd Phone,Wired Headphones,Vareebadd Phone + Wired Headphones,1
2019-03-14,172706,Apple Airpods Headphones,iPhone,Apple Airpods Headphones + iPhone,1
2019-03-07,172716,Lightning Charging Cable,iPhone,Lightning Charging Cable + iPhone,1
2019-03-19,172725,34in Ultrawide Monitor,AA Batteries (4-pack),34in Ultrawide Monitor + AA Batteries (4-pack),1
2019-03-16,172782,AA Batteries (4-pack),USB-C Charging Cable,AA Batteries (4-pack) + USB-C Charging Cable,1
2019-03-19,172788,27in 4K Gaming Monitor,Wired Headphones,27in 4K Gaming Monitor + Wired Headphones,1
2019-03-13,172800,Google Phone,USB-C Charging Cable,Google Phone + USB-C Charging Cable,1
2019-03-14,172805,AA Batteries (4-pack),Bose SoundSport Headphones,AA Batteries (4-pack) + Bose SoundSport Headphones,1
2019-03-29,172828,Apple Airpods Headphones,Lightning Charging Cable,Apple Airpods Headphones + Lightning Charging Cable,1
2019-03-30,172847,Google Phone,Wired Headphones,Google Phone + Wired Headphones,1
2019-03-06,172861,Vareebadd Phone,Wired Headphones,Vareebadd Phone + Wired Headphones,1
2019-03-19,172867,Apple Airpods Headphones,Google Phone,Apple Airpods Headphones + Google Phone,1
2019-03-30,172892,Bose SoundSport Headphones,Vareebadd Phone,Bose SoundSport Headphones + Vareebadd Phone,1
2019-03-12,172898,Lightning Charging Cable,iPhone,Lightning Charging Cable + iPhone,1
2019-03-06,172912,Lightning Charging Cable,iPhone,Lightning Charging Cable + iPhone,1
2019-03-05,172935,Apple Airpods Headphones,iPhone,Apple Airpods Headphones + iPhone,1
2019-03-07,173002,Vareebadd Phone,Wired Headphones,Vareebadd Phone + Wired Headphones,1
2019-03-23,173055,Apple Airpods Headphones,Wired Headphones,Apple Airpods Headphones + Wired Headphones,1
2019-03-12,173056,AA Batteries (4-pack),Wired Headphones,AA Batteries (4-pack) + Wired Headphones,1
2019-03-11,173066,USB-C Charging Cable,Vareebadd Phone,USB-C Charging Cable + Vareebadd Phone,1
2019-03-11,173066,USB-C Charging Cable,Wired Headphones,USB-C Charging Cable + Wired Headphones,1
2019-03-11,173066,Vareebadd Phone,Wired Headphones,Vareebadd Phone + Wired Headphones,1
2019-03-04,173084,Lightning Charging Cable,iPhone,Lightning Charging Cable + iPhone,1
2019-03-07,173086,34in Ultrawide Monitor,Lightning Charging Cable,34in Ultrawide Monitor + Lightning Charging Cable,1
2019-03-04,173118,27in FHD Monitor,Apple Airpods Headphones,27in FHD Monitor + Apple Airpods Headphones,1
2019-03-11,173134,27in 4K Gaming Monitor,Lightning Charging Cable,27in 4K Gaming Monitor + Lightning Charging Cable,1
2019-03-11,173139,Google Phone,USB-C Charging Cable,Google Phone + USB-C Charging Cable,1
2019-03-14,173179,AA Batteries (4-pack),Apple Airpods Headphones,AA Batteries (4-pack) + Apple Airpods Headphones,1
2019-03-27,173225,Lightning Charging Cable,iPhone,Lightning Charging Cable + iPhone,1
2019-03-19,173248,Lightning Charging Cable,iPhone,Lightning Charging Cable + iPhone,1
2019-03-07,173290,Lightning Charging Cable,Wired Headphones,Lightning Charging Cable + Wired Headphones,1
2019-03-02,173294,Bose SoundSport Headphones,Lightning Charging Cable,Bose SoundSport Headphones + Lightning Charging Cable,1
2019-03-16,173320,Apple Airpods Headphones,Lightning Charging Cable,Apple Airpods Headphones + Lightning Charging Cable,1
2019-03-06,173373,Wired Headphones,iPhone,Wired Headphones + iPhone,1
2019-03-02,173377,USB-C Charging Cable,Wired Headphones,USB-C Charging Cable + Wired Headphones,1
2019-03-13,173404,Bose SoundSport Headphones,Vareebadd Phone,Bose SoundSport Headphones + Vareebadd Phone,1
2019-03-22,173421,Bose SoundSport Headphones,iPhone,Bose SoundSport Headphones + iPhone,1
2019-03-08,173428,USB-C Charging Cable,Vareebadd Phone,USB-C Charging Cable + Vareebadd Phone,1
2019-03-10,173438,AA Batteries (4-pack),AAA Batteries (4-pack),AA Batteries (4-pack) + AAA Batteries (4-pack),1
2019-03-08,173472,Wired Headphones,iPhone,Wired Headphones + iPhone,1
2019-03-02,173485,Google Phone,Wired Headphones,Google Phone + Wired Headphones,1
2019-03-22,173486,USB-C Charging Cable,Wired Headphones,USB-C Charging Cable + Wired Headphones,1
2019-03-12,173489,Bose SoundSport Headphones,Flatscreen TV,Bose SoundSport Headphones + Flatscreen TV,1
2019-03-27,173493,27in 4K Gaming Monitor,Wired Headphones,27in 4K Gaming Monitor + Wired Headphones,1
2019-03-28,173504,Lightning Charging Cable,iPhone,Lightning Charging Cable + iPhone,1
2019-03-22,173526,AA Batteries (4-pack),AAA Batteries (4-pack),AA Batteries (4-pack) + AAA Batteries (4-pack),1
2019-03-23,173533,AAA Batteries (4-pack),ThinkPad Laptop,AAA Batteries (4-pack) + ThinkPad Laptop,1
2019-03-12,173559,Bose SoundSport Headphones,USB-C Charging Cable,Bose SoundSport Headphones + USB-C Charging Cable,1
2019-03-14,173647,Bose SoundSport Headphones,Vareebadd Phone,Bose SoundSport Headphones + Vareebadd Phone,1
2019-03-14,173647,Bose SoundSport Headphones,Wired Headphones,Bose SoundSport Headphones + Wired Headphones,1
2019-03-14,173647,Vareebadd Phone,Wired Headphones,Vareebadd Phone + Wired Headphones,1
2019-03-27,173695,AA Batteries (4-pack),Wired Headphones,AA Batteries (4-pack) + Wired Headphones,1
2019-03-14,173700,Lightning Charging Cable,iPhone,Lightning Charging Cable + iPhone,1
2019-03-06,173716,Apple Airpods Headphones,iPhone,Apple Airpods Headphones + iPhone,1
2019-03-08,173733,USB-C Charging Cable,Vareebadd Phone,USB-C Charging Cable + Vareebadd Phone,1
2019-03-11,173740,Apple Airpods Headphones,Bose SoundSport Headphones,Apple Airpods Headphones + Bose SoundSport Headphones,1
2019-03-02,173770,Google Phone,Wired Headphones,Google Phone + Wired Headphones,1
2019-03-14,173781,Lightning Charging Cable,iPhone,Lightning Charging Cable + iPhone,1
2019-03-04,173869,Google Phone,USB-C Charging Cable,Google Phone + USB-C Charging Cable,1
2019-03-21,173918,Bose SoundSport Headphones,Wired Headphones,Bose SoundSport Headphones + Wired Headphones,1
2019-03-08,173936,AAA Batteries (4-pack),Apple Airpods Headphones,AAA Batteries (4-pack) + Apple Airpods Headphones,1
2019-03-29,173937,27in 4K Gaming Monitor,LG Dryer,27in 4K Gaming Monitor + LG Dryer,1
2019-03-04,173969,27in FHD Monitor,Wired Headphones,27in FHD Monitor + Wired Headphones,1
2019-03-29,173980,Google Phone,USB-C Charging Cable,Google Phone + USB-C Charging Cable,1
2019-03-04,174137,20in Monitor,LG Washing Machine,20in Monitor + LG Washing Machine,1
2019-03-16,174152,LG Washing Machine,Wired Headphones,LG Washing Machine + Wired Headphones,1
2019-03-22,174213,Lightning Charging Cable,iPhone,Lightning Charging Cable + iPhone,1
2019-03-28,174227,Lightning Charging Cable,iPhone,Lightning Charging Cable + iPhone,1
2019-03-01,174241,Google Phone,USB-C Charging Cable,Google Phone + USB-C Charging Cable,1
2019-03-03,174243,Wired Headphones,iPhone,Wired Headphones + iPhone,1
2019-03-19,174278,Google Phone,USB-C Charging Cable,Google Phone + USB-C Charging Cable,1
2019-03-04,174294,Google Phone,Wired Headphones,Google Phone + Wired Headphones,1
2019-03-12,174360,Apple Airpods Headphones,iPhone,Apple Airpods Headphones + iPhone,1
2019-03-27,174398,Bose SoundSport Headphones,Wired Headphones,Bose SoundSport Headphones + Wired Headphones,1
2019-03-23,174403,Lightning Charging Cable,iPhone,Lightning Charging Cable + iPhone,1
2019-03-22,174404,Lightning Charging Cable,Wired Headphones,Lightning Charging Cable + Wired Headphones,1
2019-03-14,174423,Vareebadd Phone,Wired Headphones,Vareebadd Phone + Wired Headphones,1
2019-03-22,174435,Bose SoundSport Headphones,Google Phone,Bose SoundSport Headphones + Google Phone,1
2019-03-19,174496,Google Phone,USB-C Charging Cable,Google Phone + USB-C Charging Cable,1
2019-03-11,174506,20in Monitor,Lightning Charging Cable,20in Monitor + Lightning Charging Cable,1
2019-03-30,174509,USB-C Charging Cable,Wired Headphones,USB-C Charging Cable + Wired Headphones,1
2019-03-22,174515,USB-C Charging Cable,Vareebadd Phone,USB-C Charging Cable + Vareebadd Phone,1
2019-03-21,174527,27in FHD Monitor,USB-C Charging Cable,27in FHD Monitor + USB-C Charging Cable,1
2019-03-23,174531,20in Monitor,Lightning Charging Cable,20in Monitor + Lightning Charging Cable,1
2019-03-09,174555,Google Phone,USB-C Charging Cable,Google Phone + USB-C Charging Cable,1
2019-03-31,174558,Bose SoundSport Headphones,Lightning Charging Cable,Bose SoundSport Headphones + Lightning Charging Cable,1
2019-03-19,174655,Bose SoundSport Headphones,USB-C Charging Cable,Bose SoundSport Headphones + USB-C Charging Cable,1
2019-03-29,174662,Wired Headphones,iPhone,Wired Headphones + iPhone,1
2019-03-13,174663,AA Batteries (4-pack),Lightning Charging Cable,AA Batteries (4-pack) + Lightning Charging Cable,1
2019-03-25,174667,Google Phone,USB-C Charging Cable,Google Phone + USB-C Charging Cable,1
2019-03-19,174683,Bose SoundSport Headphones,Google Phone,Bose SoundSport Headphones + Google Phone,1
2019-03-11,174710,Lightning Charging Cable,Wired Headphones,Lightning Charging Cable + Wired Headphones,1
2019-03-14,174742,Google Phone,USB-C Charging Cable,Google Phone + USB-C Charging Cable,1
2019-03-08,174746,Google Phone,USB-C Charging Cable,Google Phone + USB-C Charging Cable,1
2019-03-04,174748,Apple Airpods Headphones,LG Dryer,Apple Airpods Headphones + LG Dryer,1
2019-03-29,174770,Lightning Charging Cable,iPhone,Lightning Charging Cable + iPhone,1
2019-03-18,174873,USB-C Charging Cable,Vareebadd Phone,USB-C Charging Cable + Vareebadd Phone,1
2019-03-06,174930,Lightning Charging Cable,iPhone,Lightning Charging Cable + iPhone,1
2019-03-15,174932,Bose SoundSport Headphones,Google Phone,Bose SoundSport Headphones + Google Phone,1
2019-03-16,174933,Lightning Charging Cable,Wired Headphones,Lightning Charging Cable + Wired Headphones,1
2019-03-26,174976,Google Phone,LG Dryer,Google Phone + LG Dryer,1
2019-03-13,174993,Apple Airpods Headphones,Wired Headphones,Apple Airpods Headphones + Wired Headphones,1
2019-03-05,175008,27in 4K Gaming Monitor,Lightning Charging Cable,27in 4K Gaming Monitor + Lightning Charging Cable,1
2019-03-10,175031,Bose SoundSport Headphones,Google Phone,Bose SoundSport Headphones + Google Phone,1
2019-03-27,175041,Lightning Charging Cable,iPhone,Lightning Charging Cable + iPhone,1
2019-03-30,175109,Lightning Charging Cable,iPhone,Lightning Charging Cable + iPhone,1
2019-03-23,175188,AAA Batteries (4-pack),Wired Headphones,AAA Batteries (4-pack) + Wired Headphones,1
2019-03-25,175217,Google Phone,USB-C Charging Cable,Google Phone + USB-C Charging Cable,1
2019-03-05,175267,Wired Headphones,iPhone,Wired Headphones + iPhone,1
2019-03-26,175286,Lightning Charging Cable,iPhone,Lightning Charging Cable + iPhone,1
2019-03-25,175299,AAA Batteries (4-pack),USB-C Charging Cable,AAA Batteries (4-pack) + USB-C Charging Cable,1
2019-03-21,175332,Lightning Charging Cable,iPhone,Lightning Charging Cable + iPhone,1
2019-03-13,175366,AA Batteries (4-pack),Macbook Pro Laptop,AA Batteries (4-pack) + Macbook Pro Laptop,1
2019-03-28,175367,AAA Batteries (4-pack),Lightning Charging Cable,AAA Batteries (4-pack) + Lightning Charging Cable,1
2019-03-16,175407,Bose SoundSport Headphones,Google Phone,Bose SoundSport Headphones + Google Phone,1
2019-03-16,175407,Bose SoundSport Headphones,USB-C Charging Cable,Bose SoundSport Headphones + USB-C Charging Cable,1
2019-03-16,175407,Google Phone,USB-C Charging Cable,Google Phone + USB-C Charging Cable,1
2019-03-25,175507,USB-C Charging Cable,Vareebadd Phone,USB-C Charging Cable + Vareebadd Phone,1
2019-03-23,175511,AAA Batteries (4-pack),USB-C Charging Cable,AAA Batteries (4-pack) + USB-C Charging Cable,1
2019-03-11,175545,Lightning Charging Cable,USB-C Charging Cable,Lightning Charging Cable + USB-C Charging Cable,1
2019-03-26,175559,Google Phone,USB-C Charging Cable,Google Phone + USB-C Charging Cable,1
2019-03-29,175592,Bose SoundSport Headphones,Google Phone,Bose SoundSport Headphones + Google Phone,1
2019-03-29,175592,Bose SoundSport Headphones,USB-C Charging Cable,Bose SoundSport Headphones + USB-C Charging Cable,1
2019-03-29,175592,Google Phone,USB-C Charging Cable,Google Phone + USB-C Charging Cable,1
2019-03-06,175673,Apple Airpods Headphones,ThinkPad Laptop,Apple Airpods Headphones + ThinkPad Laptop,1
2019-03-29,175681,Google Phone,USB-C Charging Cable,Google Phone + USB-C Charging Cable,1
2019-03-13,175737,AAA Batteries (4-pack),Lightning Charging Cable,AAA Batteries (4-pack) + Lightning Charging Cable,1
2019-03-13,175761,Wired Headphones,iPhone,Wired Headphones + iPhone,1
2019-03-01,175794,Google Phone,USB-C Charging Cable,Google Phone + USB-C Charging Cable,1
2019-03-16,175800,Bose SoundSport Headphones,Google Phone,Bose SoundSport Headphones + Google Phone,1
2019-03-16,175807,USB-C Charging Cable,Vareebadd Phone,USB-C Charging Cable + Vareebadd Phone,1
2019-03-11,175833,Flatscreen TV,Wired Headphones,Flatscreen TV + Wired Headphones,1
2019-03-11,175868,27in 4K Gaming Monitor,Bose SoundSport Headphones,27in 4K Gaming Monitor + Bose SoundSport Headphones,1
2019-03-28,175916,AA Batteries (4-pack),Bose SoundSport Headphones,AA Batteries (4-pack) + Bose SoundSport Headphones,1
2019-03-21,175917,Google Phone,Wired Headphones,Google Phone + Wired Headphones,1
2019-03-17,175933,27in 4K Gaming Monitor,iPhone,27in 4K Gaming Monitor + iPhone,1
2019-03-14,175965,Lightning Charging Cable,iPhone,Lightning Charging Cable + iPhone,1
2019-03-24,176060,AA Batteries (4-pack),AAA Batteries (4-pack),AA Batteries (4-pack) + AAA Batteries (4-pack),1
2019-03-18,176087,Google Phone,Wired Headphones,Google Phone + Wired Headphones,1
2019-03-22,176096,AA Batteries (4-pack),Lightning Charging Cable,AA Batteries (4-pack) + Lightning Charging Cable,1
2019-03-06,176098,Google Phone,USB-C Charging Cable,Google Phone + USB-C Charging Cable,1
2019-03-31,176143,USB-C Charging Cable,iPhone,USB-C Charging Cable + iPhone,1
2019-03-25,176155,Wired Headphones,iPhone,Wired Headphones + iPhone,1
2019-03-07,176192,Lightning Charging Cable,iPhone,Lightning Charging Cable + iPhone,1
2019-03-09,176195,27in FHD Monitor,AAA Batteries (4-pack),27in FHD Monitor + AAA Batteries (4-pack),1
2019-03-09,176217,Lightning Charging Cable,iPhone,Lightning Charging Cable + iPhone,1
2019-03-15,176224,Google Phone,USB-C Charging Cable,Google Phone + USB-C Charging Cable,1
2019-03-18,176241,Wired Headphones,iPhone,Wired Headphones + iPhone,1
2019-03-31,176251,20in Monitor,AAA Batteries (4-pack),20in Monitor + AAA Batteries (4-pack),1
2019-03-23,176271,Lightning Charging Cable,ThinkPad Laptop,Lightning Charging Cable + ThinkPad Laptop,1
2019-03-30,176290,Google Phone,USB-C Charging Cable,Google Phone + USB-C Charging Cable,1
2019-03-16,176292,Apple Airpods Headphones,ThinkPad Laptop,Apple Airpods Headphones + ThinkPad Laptop,1
2019-03-01,176320,Lightning Charging Cable,iPhone,Lightning Charging Cable + iPhone,1
2019-03-26,176442,Lightning Charging Cable,iPhone,Lightning Charging Cable + iPhone,1
2019-03-17,176484,Wired Headphones,iPhone,Wired Headphones + iPhone,1
2019-03-02,176486,Apple Airpods Headphones,Bose SoundSport Headphones,Apple Airpods Headphones + Bose SoundSport Headphones,1
2019-03-14,176487,Lightning Charging Cable,iPhone,Lightning Charging Cable + iPhone,1
2019-03-30,176557,Lightning Charging Cable,iPhone,Lightning Charging Cable + iPhone,1
2019-04-12,176560,Google Phone,Wired Headphones,Google Phone + Wired Headphones,1
2019-04-03,176574,Google Phone,USB-C Charging Cable,Google Phone + USB-C Charging Cable,1
2019-04-10,176586,AAA Batteries (4-pack),Google Phone,AAA Batteries (4-pack) + Google Phone,1
2019-04-12,176672,Lightning Charging Cable,USB-C Charging Cable,Lightning Charging Cable + USB-C Charging Cable,1
2019-04-20,176681,Apple Airpods Headphones,ThinkPad Laptop,Apple Airpods Headphones + ThinkPad Laptop,1
2019-04-24,176689,AAA Batteries (4-pack),Bose SoundSport Headphones,AAA Batteries (4-pack) + Bose SoundSport Headphones,1
2019-04-05,176739,34in Ultrawide Monitor,Google Phone,34in Ultrawide Monitor + Google Phone,1
2019-04-25,176774,Lightning Charging Cable,USB-C Charging Cable,Lightning Charging Cable + USB-C Charging Cable,1
2019-04-03,176781,Lightning Charging Cable,iPhone,Lightning Charging Cable + iPhone,1
2019-04-21,176797,Bose SoundSport Headphones,Google Phone,Bose SoundSport Headphones + Google Phone,1
2019-04-21,176797,Bose SoundSport Headphones,Wired Headphones,Bose SoundSport Headphones + Wired Headphones,1
2019-04-21,176797,Google Phone,Wired Headphones,Google Phone + Wired Headphones,1
2019-04-01,176805,Google Phone,USB-C Charging Cable,Google Phone + USB-C Charging Cable,1
2019-04-28,176808,Google Phone,Wired Headphones,Google Phone + Wired Headphones,1
2019-04-28,176813,Google Phone,Wired Headphones,Google Phone + Wired Headphones,1
2019-04-03,176935,27in FHD Monitor,AAA Batteries (4-pack),27in FHD Monitor + AAA Batteries (4-pack),1
2019-04-23,176975,AAA Batteries (4-pack),USB-C Charging Cable,AAA Batteries (4-pack) + USB-C Charging Cable,1
2019-04-09,176989,Google Phone,USB-C Charging Cable,Google Phone + USB-C Charging Cable,1
2019-04-07,176993,Wired Headphones,iPhone,Wired Headphones + iPhone,1
2019-04-17,177022,Wired Headphones,iPhone,Wired Headphones + iPhone,1
2019-04-24,177102,27in 4K Gaming Monitor,iPhone,27in 4K Gaming Monitor + iPhone,1
2019-04-19,177115,Lightning Charging Cable,iPhone,Lightning Charging Cable + iPhone,1
2019-04-16,177117,AAA Batteries (4-pack),ThinkPad Laptop,AAA Batteries (4-pack) + ThinkPad Laptop,1
2019-04-28,177167,AAA Batteries (4-pack),Apple Airpods Headphones,AAA Batteries (4-pack) + Apple Airpods Headphones,1
2019-04-28,177167,AAA Batteries (4-pack),iPhone,AAA Batteries (4-pack) + iPhone,1
2019-04-28,177167,Apple Airpods Headphones,iPhone,Apple Airpods Headphones + iPhone,1
2019-04-07,177178,Lightning Charging Cable,iPhone,Lightning Charging Cable + iPhone,1
2019-04-09,177181,Apple Airpods Headphones,Wired Headphones,Apple Airpods Headphones + Wired Headphones,1
2019-04-10,177182,Macbook Pro Laptop,ThinkPad Laptop,Macbook Pro Laptop + ThinkPad Laptop,1
2019-04-01,177184,AA Batteries (4-pack),Flatscreen TV,AA Batteries (4-pack) + Flatscreen TV,1
2019-04-06,177198,USB-C Charging Cable,Vareebadd Phone,USB-C Charging Cable + Vareebadd Phone,1
2019-04-26,177201,Lightning Charging Cable,USB-C Charging Cable,Lightning Charging Cable + USB-C Charging Cable,1
2019-04-25,177213,Lightning Charging Cable,iPhone,Lightning Charging Cable + iPhone,1
2019-04-17,177228,AA Batteries (4-pack),Google Phone,AA Batteries (4-pack) + Google Phone,1
2019-04-21,177254,AA Batteries (4-pack),AAA Batteries (4-pack),AA Batteries (4-pack) + AAA Batteries (4-pack),1
2019-04-28,177256,AA Batteries (4-pack),Bose SoundSport Headphones,AA Batteries (4-pack) + Bose SoundSport Headphones,1
2019-04-03,177300,20in Monitor,Apple Airpods Headphones,20in Monitor + Apple Airpods Headphones,1
2019-04-05,177367,Bose SoundSport Headphones,Google Phone,Bose SoundSport Headphones + Google Phone,1
2019-04-05,177367,Bose SoundSport Headphones,USB-C Charging Cable,Bose SoundSport Headphones + USB-C Charging Cable,1
2019-04-05,177367,Google Phone,USB-C Charging Cable,Google Phone + USB-C Charging Cable,1
2019-04-13,177398,27in FHD Monitor,AAA Batteries (4-pack),27in FHD Monitor + AAA Batteries (4-pack),1
2019-04-15,177428,USB-C Charging Cable,Vareebadd Phone,USB-C Charging Cable + Vareebadd Phone,1
2019-04-16,177441,Lightning Charging Cable,iPhone,Lightning Charging Cable + iPhone,1
2019-04-21,177443,27in 4K Gaming Monitor,Apple Airpods Headphones,27in 4K Gaming Monitor + Apple Airpods Headphones,1
2019-04-24,177448,Google Phone,USB-C Charging Cable,Google Phone + USB-C Charging Cable,1
2019-04-21,177486,Google Phone,ThinkPad Laptop,Google Phone + ThinkPad Laptop,1
2019-04-10,177504,Google Phone,USB-C Charging Cable,Google Phone + USB-C Charging Cable,1
2019-04-02,177506,Apple Airpods Headphones,iPhone,Apple Airpods Headphones + iPhone,1
2019-04-07,177511,Lightning Charging Cable,iPhone,Lightning Charging Cable + iPhone,1
2019-04-27,177569,Google Phone,Wired Headphones,Google Phone + Wired Headphones,1
2019-04-28,177578,Google Phone,USB-C Charging Cable,Google Phone + USB-C Charging Cable,1
2019-04-16,177582,Bose SoundSport Headphones,Wired Headphones,Bose SoundSport Headphones + Wired Headphones,1
2019-04-19,177592,Lightning Charging Cable,iPhone,Lightning Charging Cable + iPhone,1
2019-04-04,177638,Apple Airpods Headphones,Google Phone,Apple Airpods Headphones + Google Phone,1
2019-04-01,177681,AAA Batteries (4-pack),Macbook Pro Laptop,AAA Batteries (4-pack) + Macbook Pro Laptop,1
2019-04-18,177719,Google Phone,USB-C Charging Cable,Google Phone + USB-C Charging Cable,1
2019-04-01,177758,Lightning Charging Cable,USB-C Charging Cable,Lightning Charging Cable + USB-C Charging Cable,1
2019-04-14,177769,Lightning Charging Cable,iPhone,Lightning Charging Cable + iPhone,1
2019-05-01,177778,Apple Airpods Headphones,iPhone,Apple Airpods Headphones + iPhone,1
2019-04-17,177782,27in 4K Gaming Monitor,Lightning Charging Cable,27in 4K Gaming Monitor + Lightning Charging Cable,1
2019-04-03,177800,Google Phone,USB-C Charging Cable,Google Phone + USB-C Charging Cable,1
2019-04-03,177800,Google Phone,Wired Headphones,Google Phone + Wired Headphones,1
2019-04-03,177800,USB-C Charging Cable,Wired Headphones,USB-C Charging Cable + Wired Headphones,1
2019-04-19,177815,Apple Airpods Headphones,Lightning Charging Cable,Apple Airpods Headphones + Lightning Charging Cable,1
2019-04-23,177861,AA Batteries (4-pack),Apple Airpods Headphones,AA Batteries (4-pack) + Apple Airpods Headphones,1
2019-04-04,177874,Apple Airpods Headphones,iPhone,Apple Airpods Headphones + iPhone,1
2019-04-30,177971,Lightning Charging Cable,iPhone,Lightning Charging Cable + iPhone,1
2019-04-07,177996,Lightning Charging Cable,iPhone,Lightning Charging Cable + iPhone,1
2019-04-10,178009,34in Ultrawide Monitor,USB-C Charging Cable,34in Ultrawide Monitor + USB-C Charging Cable,1
2019-04-06,178029,Apple Airpods Headphones,iPhone,Apple Airpods Headphones + iPhone,1
2019-04-27,178106,AAA Batteries (4-pack),Wired Headphones,AAA Batteries (4-pack) + Wired Headphones,1
2019-04-27,178118,AAA Batteries (4-pack),iPhone,AAA Batteries (4-pack) + iPhone,1
2019-04-13,178135,AA Batteries (4-pack),Lightning Charging Cable,AA Batteries (4-pack) + Lightning Charging Cable,1
2019-04-07,178137,AA Batteries (4-pack),Lightning Charging Cable,AA Batteries (4-pack) + Lightning Charging Cable,1
2019-04-28,178158,Google Phone,USB-C Charging Cable,Google Phone + USB-C Charging Cable,1
2019-04-28,178158,Google Phone,Wired Headphones,Google Phone + Wired Headphones,1
2019-04-28,178158,USB-C Charging Cable,Wired Headphones,USB-C Charging Cable + Wired Headphones,1
2019-04-09,178162,Lightning Charging Cable,iPhone,Lightning Charging Cable + iPhone,1
2019-04-21,178168,AA Batteries (4-pack),Macbook Pro Laptop,AA Batteries (4-pack) + Macbook Pro Laptop,1
2019-04-02,178190,Vareebadd Phone,Wired Headphones,Vareebadd Phone + Wired Headphones,1
2019-04-21,178221,Flatscreen TV,Lightning Charging Cable,Flatscreen TV + Lightning Charging Cable,1
2019-04-17,178242,Lightning Charging Cable,iPhone,Lightning Charging Cable + iPhone,1
2019-04-22,178258,Apple Airpods Headphones,iPhone,Apple Airpods Headphones + iPhone,1
2019-04-08,178280,Lightning Charging Cable,iPhone,Lightning Charging Cable + iPhone,1
2019-04-09,178290,ThinkPad Laptop,Wired Headphones,ThinkPad Laptop + Wired Headphones,1
2019-04-06,178404,Bose SoundSport Headphones,USB-C Charging Cable,Bose SoundSport Headphones + USB-C Charging Cable,1
2019-04-05,178412,Vareebadd Phone,Wired Headphones,Vareebadd Phone + Wired Headphones,1
2019-04-13,178432,Bose SoundSport Headphones,USB-C Charging Cable,Bose SoundSport Headphones + USB-C Charging Cable,1
2019-04-08,178523,20in Monitor,USB-C Charging Cable,20in Monitor + USB-C Charging Cable,1
2019-04-01,178525,AA Batteries (4-pack),AAA Batteries (4-pack),AA Batteries (4-pack) + AAA Batteries (4-pack),1
2019-04-05,178527,AA Batteries (4-pack),Bose SoundSport Headphones,AA Batteries (4-pack) + Bose SoundSport Headphones,1
2019-04-21,178572,27in 4K Gaming Monitor,USB-C Charging Cable,27in 4K Gaming Monitor + USB-C Charging Cable,1
2019-04-30,178749,Lightning Charging Cable,iPhone,Lightning Charging Cable + iPhone,1
2019-04-03,178781,Google Phone,Wired Headphones,Google Phone + Wired Headphones,1
2019-04-02,178825,Apple Airpods Headphones,iPhone,Apple Airpods Headphones + iPhone,1
2019-04-08,178886,Google Phone,Wired Headphones,Google Phone + Wired Headphones,1
2019-04-17,178954,Google Phone,USB-C Charging Cable,Google Phone + USB-C Charging Cable,1
2019-04-10,178989,USB-C Charging Cable,Vareebadd Phone,USB-C Charging Cable + Vareebadd Phone,1
2019-04-10,178990,Google Phone,USB-C Charging Cable,Google Phone + USB-C Charging Cable,1
2019-04-23,179000,Lightning Charging Cable,iPhone,Lightning Charging Cable + iPhone,1
2019-04-12,179028,27in 4K Gaming Monitor,Bose SoundSport Headphones,27in 4K Gaming Monitor + Bose SoundSport Headphones,1
2019-04-10,179057,Google Phone,USB-C Charging Cable,Google Phone + USB-C Charging Cable,1
2019-05-01,179076,Google Phone,USB-C Charging Cable,Google Phone + USB-C Charging Cable,1
2019-04-21,179108,AAA Batteries (4-pack),Lightning Charging Cable,AAA Batteries (4-pack) + Lightning Charging Cable,1
2019-04-26,179128,Apple Airpods Headphones,iPhone,Apple Airpods Headphones + iPhone,1
2019-04-23,179162,Google Phone,USB-C Charging Cable,Google Phone + USB-C Charging Cable,1
2019-04-09,179226,34in Ultrawide Monitor,Macbook Pro Laptop,34in Ultrawide Monitor + Macbook Pro Laptop,1
2019-04-01,179270,Lightning Charging Cable,iPhone,Lightning Charging Cable + iPhone,1
2019-04-09,179311,USB-C Charging Cable,Wired Headphones,USB-C Charging Cable + Wired Headphones,1
2019-04-01,179328,AA Batteries (4-pack),Wired Headphones,AA Batteries (4-pack) + Wired Headphones,1
2019-04-28,179340,Apple Airpods Headphones,Macbook Pro Laptop,Apple Airpods Headphones + Macbook Pro Laptop,1
2019-04-01,179357,Google Phone,USB-C Charging Cable,Google Phone + USB-C Charging Cable,1
2019-04-18,179377,AA Batteries (4-pack),USB-C Charging Cable,AA Batteries (4-pack) + USB-C Charging Cable,1
2019-04-12,179379,Bose SoundSport Headphones,Google Phone,Bose SoundSport Headphones + Google Phone,1
2019-04-24,179434,20in Monitor,Macbook Pro Laptop,20in Monitor + Macbook Pro Laptop,1
2019-04-19,179453,Wired Headphones,iPhone,Wired Headphones + iPhone,1
2019-04-30,179485,USB-C Charging Cable,Vareebadd Phone,USB-C Charging Cable + Vareebadd Phone,1
2019-04-26,179514,Google Phone,USB-C Charging Cable,Google Phone + USB-C Charging Cable,1
2019-04-03,179530,Google Phone,USB-C Charging Cable,Google Phone + USB-C Charging Cable,1
2019-04-04,179538,Bose SoundSport Headphones,Vareebadd Phone,Bose SoundSport Headphones + Vareebadd Phone,1
2019-04-11,179540,Lightning Charging Cable,iPhone,Lightning Charging Cable + iPhone,1
2019-04-03,179544,Flatscreen TV,Wired Headphones,Flatscreen TV + Wired Headphones,1
2019-04-15,179653,AA Batteries (4-pack),Flatscreen TV,AA Batteries (4-pack) + Flatscreen TV,1
2019-04-05,179745,Google Phone,USB-C Charging Cable,Google Phone + USB-C Charging Cable,1
2019-04-04,179808,27in FHD Monitor,USB-C Charging Cable,27in FHD Monitor + USB-C Charging Cable,1
2019-04-03,179820,Google Phone,USB-C Charging Cable,Google Phone + USB-C Charging Cable,1
2019-04-21,179835,Google Phone,Wired Headphones,Google Phone + Wired Headphones,1
2019-04-04,179837,Google Phone,USB-C Charging Cable,Google Phone + USB-C Charging Cable,1
2019-04-26,179885,20in Monitor,Bose SoundSport Headphones,20in Monitor + Bose SoundSport Headphones,1
2019-04-28,179944,AA Batteries (4-pack),Flatscreen TV,AA Batteries (4-pack) + Flatscreen TV,1
2019-04-15,179966,Lightning Charging Cable,iPhone,Lightning Charging Cable + iPhone,1
2019-04-21,179969,Google Phone,Wired Headphones,Google Phone + Wired Headphones,1
2019-04-01,179998,Apple Airpods Headphones,iPhone,Apple Airpods Headphones + iPhone,1
2019-04-15,180000,Lightning Charging Cable,iPhone,Lightning Charging Cable + iPhone,1
2019-04-22,180031,USB-C Charging Cable,Vareebadd Phone,USB-C Charging Cable + Vareebadd Phone,1
2019-04-12,180108,AA Batteries (4-pack),Bose SoundSport Headphones,AA Batteries (4-pack) + Bose SoundSport Headphones,1
2019-04-13,180135,Google Phone,Wired Headphones,Google Phone + Wired Headphones,1
2019-04-16,180161,ThinkPad Laptop,USB-C Charging Cable,ThinkPad Laptop + USB-C Charging Cable,1
2019-04-18,180213,27in FHD Monitor,AAA Batteries (4-pack),27in FHD Monitor + AAA Batteries (4-pack),1
2019-04-04,180227,Bose SoundSport Headphones,USB-C Charging Cable,Bose SoundSport Headphones + USB-C Charging Cable,1
2019-04-18,180237,AAA Batteries (4-pack),iPhone,AAA Batteries (4-pack) + iPhone,1
2019-04-13,180322,USB-C Charging Cable,iPhone,USB-C Charging Cable + iPhone,1
2019-04-14,180333,AA Batteries (4-pack),Wired Headphones,AA Batteries (4-pack) + Wired Headphones,1
2019-04-22,180353,27in FHD Monitor,AA Batteries (4-pack),27in FHD Monitor + AA Batteries (4-pack),1
2019-04-23,180365,Google Phone,Lightning Charging Cable,Google Phone + Lightning Charging Cable,1
2019-04-17,180370,Google Phone,USB-C Charging Cable,Google Phone + USB-C Charging Cable,1
2019-04-19,180382,AA Batteries (4-pack),AAA Batteries (4-pack),AA Batteries (4-pack) + AAA Batteries (4-pack),1
2019-04-21,180397,AA Batteries (4-pack),Apple Airpods Headphones,AA Batteries (4-pack) + Apple Airpods Headphones,1
2019-04-11,180399,Lightning Charging Cable,iPhone,Lightning Charging Cable + iPhone,1
2019-04-19,180406,Bose SoundSport Headphones,Lightning Charging Cable,Bose SoundSport Headphones + Lightning Charging Cable,1
2019-04-10,180422,Google Phone,USB-C Charging Cable,Google Phone + USB-C Charging Cable,1
2019-04-28,180456,Apple Airpods Headphones,iPhone,Apple Airpods Headphones + iPhone,1
2019-04-03,180467,Apple Airpods Headphones,USB-C Charging Cable,Apple Airpods Headphones + USB-C Charging Cable,1
2019-04-15,180514,Wired Headphones,iPhone,Wired Headphones + iPhone,1
2019-04-29,180515,27in 4K Gaming Monitor,Apple Airpods Headphones,27in 4K Gaming Monitor + Apple Airpods Headphones,1
2019-04-09,180523,Lightning Charging Cable,iPhone,Lightning Charging Cable + iPhone,1
2019-04-18,180532,Lightning Charging Cable,iPhone,Lightning Charging Cable + iPhone,1
2019-04-03,180558,27in 4K Gaming Monitor,Vareebadd Phone,27in 4K Gaming Monitor + Vareebadd Phone,1
2019-04-11,180627,Lightning Charging Cable,iPhone,Lightning Charging Cable + iPhone,1
2019-04-25,180631,AA Batteries (4-pack),Lightning Charging Cable,AA Batteries (4-pack) + Lightning Charging Cable,1
2019-04-20,180651,AA Batteries (4-pack),Wired Headphones,AA Batteries (4-pack) + Wired Headphones,1
2019-04-10,180652,Google Phone,USB-C Charging Cable,Google Phone + USB-C Charging Cable,1
2019-04-18,180671,Apple Airpods Headphones,Wired Headphones,Apple Airpods Headphones + Wired Headphones,1
2019-04-28,180676,27in FHD Monitor,Apple Airpods Headphones,27in FHD Monitor + Apple Airpods Headphones,1
2019-04-20,180723,Bose SoundSport Headphones,Google Phone,Bose SoundSport Headphones + Google Phone,1
2019-04-20,180723,Bose SoundSport Headphones,USB-C Charging Cable,Bose SoundSport Headphones + USB-C Charging Cable,1
2019-04-20,180723,Google Phone,USB-C Charging Cable,Google Phone + USB-C Charging Cable,1
2019-04-17,180797,27in 4K Gaming Monitor,AAA Batteries (4-pack),27in 4K Gaming Monitor + AAA Batteries (4-pack),1
2019-04-18,180814,USB-C Charging Cable,Vareebadd Phone,USB-C Charging Cable + Vareebadd Phone,1
2019-04-13,180830,AAA Batteries (4-pack),Apple Airpods Headphones,AAA Batteries (4-pack) + Apple Airpods Headphones,1
2019-04-22,180857,AA Batteries (4-pack),Bose SoundSport Headphones,AA Batteries (4-pack) + Bose SoundSport Headphones,1
2019-04-01,180874,Bose SoundSport Headphones,Google Phone,Bose SoundSport Headphones + Google Phone,1
2019-04-14,180884,Lightning Charging Cable,Wired Headphones,Lightning Charging Cable + Wired Headphones,1
2019-04-14,180884,Lightning Charging Cable,iPhone,Lightning Charging Cable + iPhone,1
2019-04-14,180884,Wired Headphones,iPhone,Wired Headphones + iPhone,1
2019-04-30,180907,Wired Headphones,iPhone,Wired Headphones + iPhone,1
2019-04-17,180911,Wired Headphones,iPhone,Wired Headphones + iPhone,1
2019-04-06,180915,Lightning Charging Cable,iPhone,Lightning Charging Cable + iPhone,1
2019-04-19,180979,LG Dryer,Lightning Charging Cable,LG Dryer + Lightning Charging Cable,1
2019-04-25,181009,Apple Airpods Headphones,Bose SoundSport Headphones,Apple Airpods Headphones + Bose SoundSport Headphones,1
2019-04-06,181022,Google Phone,USB-C Charging Cable,Google Phone + USB-C Charging Cable,1
2019-04-02,181027,Lightning Charging Cable,iPhone,Lightning Charging Cable + iPhone,1
2019-04-10,181063,AAA Batteries (4-pack),Google Phone,AAA Batteries (4-pack) + Google Phone,1
2019-04-27,181069,34in Ultrawide Monitor,Macbook Pro Laptop,34in Ultrawide Monitor + Macbook Pro Laptop,1
2019-04-19,181096,AA Batteries (4-pack),USB-C Charging Cable,AA Batteries (4-pack) + USB-C Charging Cable,1
2019-04-19,181125,20in Monitor,Bose SoundSport Headphones,20in Monitor + Bose SoundSport Headphones,1
2019-04-14,181131,AAA Batteries (4-pack),USB-C Charging Cable,AAA Batteries (4-pack) + USB-C Charging Cable,1
2019-04-01,181177,Lightning Charging Cable,Vareebadd Phone,Lightning Charging Cable + Vareebadd Phone,1
2019-04-01,181177,Lightning Charging Cable,iPhone,Lightning Charging Cable + iPhone,1
2019-04-01,181177,Vareebadd Phone,iPhone,Vareebadd Phone + iPhone,1
2019-04-30,181180,USB-C Charging Cable,Vareebadd Phone,USB-C Charging Cable + Vareebadd Phone,1
2019-04-26,181211,Vareebadd Phone,Wired Headphones,Vareebadd Phone + Wired Headphones,1
2019-04-19,181220,27in 4K Gaming Monitor,Apple Airpods Headphones,27in 4K Gaming Monitor + Apple Airpods Headphones,1
2019-04-14,181257,Wired Headphones,iPhone,Wired Headphones + iPhone,1
2019-04-23,181262,AAA Batteries (4-pack),Google Phone,AAA Batteries (4-pack) + Google Phone,1
2019-04-27,181266,Wired Headphones,iPhone,Wired Headphones + iPhone,1
2019-04-28,181315,Google Phone,USB-C Charging Cable,Google Phone + USB-C Charging Cable,1
2019-04-05,181327,27in FHD Monitor,AAA Batteries (4-pack),27in FHD Monitor + AAA Batteries (4-pack),1
2019-04-14,181328,AAA Batteries (4-pack),USB-C Charging Cable,AAA Batteries (4-pack) + USB-C Charging Cable,1
2019-04-19,181370,USB-C Charging Cable,iPhone,USB-C Charging Cable + iPhone,1
2019-04-19,181392,USB-C Charging Cable,Vareebadd Phone,USB-C Charging Cable + Vareebadd Phone,1
2019-04-14,181402,AA Batteries (4-pack),AAA Batteries (4-pack),AA Batteries (4-pack) + AAA Batteries (4-pack),1
2019-04-23,181412,USB-C Charging Cable,Vareebadd Phone,USB-C Charging Cable + Vareebadd Phone,1
2019-04-04,181419,34in Ultrawide Monitor,Apple Airpods Headphones,34in Ultrawide Monitor + Apple Airpods Headphones,1
2019-04-22,181435,AA Batteries (4-pack),AAA Batteries (4-pack),AA Batteries (4-pack) + AAA Batteries (4-pack),1
2019-04-02,181476,Vareebadd Phone,Wired Headphones,Vareebadd Phone + Wired Headphones,1
2019-04-01,181515,Google Phone,Wired Headphones,Google Phone + Wired Headphones,1
2019-04-26,181557,Google Phone,USB-C Charging Cable,Google Phone + USB-C Charging Cable,1
2019-04-14,181660,AAA Batteries (4-pack),Bose SoundSport Headphones,AAA Batteries (4-pack) + Bose SoundSport Headphones,1
2019-04-08,181697,Google Phone,USB-C Charging Cable,Google Phone + USB-C Charging Cable,1
2019-04-07,181807,Lightning Charging Cable,iPhone,Lightning Charging Cable + iPhone,1
2019-04-26,181819,Vareebadd Phone,Wired Headphones,Vareebadd Phone + Wired Headphones,1
2019-04-18,181823,AAA Batteries (4-pack),Bose SoundSport Headphones,AAA Batteries (4-pack) + Bose SoundSport Headphones,1
2019-04-12,181843,Apple Airpods Headphones,iPhone,Apple Airpods Headphones + iPhone,1
2019-04-20,181862,Apple Airpods Headphones,iPhone,Apple Airpods Headphones + iPhone,1
2019-04-15,181904,Lightning Charging Cable,iPhone,Lightning Charging Cable + iPhone,1
2019-04-10,181917,Google Phone,USB-C Charging Cable,Google Phone + USB-C Charging Cable,1
2019-04-27,181936,Lightning Charging Cable,iPhone,Lightning Charging Cable + iPhone,1
2019-04-01,181941,Lightning Charging Cable,Wired Headphones,Lightning Charging Cable + Wired Headphones,1
2019-04-08,181979,USB-C Charging Cable,Vareebadd Phone,USB-C Charging Cable + Vareebadd Phone,1
2019-04-06,181999,Apple Airpods Headphones,Wired Headphones,Apple Airpods Headphones + Wired Headphones,1
2019-04-19,182024,Bose SoundSport Headphones,Google Phone,Bose SoundSport Headphones + Google Phone,1
2019-04-07,182027,AA Batteries (4-pack),Apple Airpods Headphones,AA Batteries (4-pack) + Apple Airpods Headphones,1
2019-04-16,182043,34in Ultrawide Monitor,Wired Headphones,34in Ultrawide Monitor + Wired Headphones,1
2019-04-02,182060,Lightning Charging Cable,iPhone,Lightning Charging Cable + iPhone,1
2019-04-12,182087,27in FHD Monitor,AAA Batteries (4-pack),27in FHD Monitor + AAA Batteries (4-pack),1
2019-04-18,182093,AAA Batteries (4-pack),Bose SoundSport Headphones,AAA Batteries (4-pack) + Bose SoundSport Headphones,1
2019-04-02,182099,Google Phone,USB-C Charging Cable,Google Phone + USB-C Charging Cable,1
2019-04-11,182100,AAA Batteries (4-pack),Lightning Charging Cable,AAA Batteries (4-pack) + Lightning Charging Cable,1
2019-04-02,182125,Lightning Charging Cable,iPhone,Lightning Charging Cable + iPhone,1
2019-04-10,182136,20in Monitor,Lightning Charging Cable,20in Monitor + Lightning Charging Cable,1
2019-04-06,182147,USB-C Charging Cable,Vareebadd Phone,USB-C Charging Cable + Vareebadd Phone,1
2019-04-26,182158,Bose SoundSport Headphones,ThinkPad Laptop,Bose SoundSport Headphones + ThinkPad Laptop,1
2019-04-27,182168,AA Batteries (4-pack),Apple Airpods Headphones,AA Batteries (4-pack) + Apple Airpods Headphones,1
2019-04-11,182176,AA Batteries (4-pack),USB-C Charging Cable,AA Batteries (4-pack) + USB-C Charging Cable,1
2019-04-05,182215,27in FHD Monitor,Bose SoundSport Headphones,27in FHD Monitor + Bose SoundSport Headphones,1
2019-04-27,182240,Lightning Charging Cable,iPhone,Lightning Charging Cable + iPhone,1
2019-04-02,182374,Apple Airpods Headphones,iPhone,Apple Airpods Headphones + iPhone,1
2019-04-30,182385,AA Batteries (4-pack),Apple Airpods Headphones,AA Batteries (4-pack) + Apple Airpods Headphones,1
2019-04-18,182386,AA Batteries (4-pack),USB-C Charging Cable,AA Batteries (4-pack) + USB-C Charging Cable,1
2019-04-08,182420,Apple Airpods Headphones,iPhone,Apple Airpods Headphones + iPhone,1
2019-04-16,182428,Google Phone,USB-C Charging Cable,Google Phone + USB-C Charging Cable,1
2019-04-30,182443,Lightning Charging Cable,iPhone,Lightning Charging Cable + iPhone,1
2019-04-18,182501,Google Phone,USB-C Charging Cable,Google Phone + USB-C Charging Cable,1
2019-04-24,182523,Lightning Charging Cable,iPhone,Lightning Charging Cable + iPhone,1
2019-04-04,182530,Lightning Charging Cable,iPhone,Lightning Charging Cable + iPhone,1
2019-04-26,182568,Apple Airpods Headphones,iPhone,Apple Airpods Headphones + iPhone,1
2019-04-15,182643,Wired Headphones,iPhone,Wired Headphones + iPhone,1
2019-04-30,182668,AAA Batteries (4-pack),Apple Airpods Headphones,AAA Batteries (4-pack) + Apple Airpods Headphones,1
2019-04-11,182692,AA Batteries (4-pack),Lightning Charging Cable,AA Batteries (4-pack) + Lightning Charging Cable,1
2019-04-09,182707,AA Batteries (4-pack),Apple Airpods Headphones,AA Batteries (4-pack) + Apple Airpods Headphones,1
2019-04-15,182713,20in Monitor,Macbook Pro Laptop,20in Monitor + Macbook Pro Laptop,1
2019-04-10,182721,Lightning Charging Cable,iPhone,Lightning Charging Cable + iPhone,1
2019-04-30,182731,Wired Headphones,iPhone,Wired Headphones + iPhone,1
2019-04-27,182735,AAA Batteries (4-pack),Wired Headphones,AAA Batteries (4-pack) + Wired Headphones,1
2019-04-21,182752,27in FHD Monitor,Bose SoundSport Headphones,27in FHD Monitor + Bose SoundSport Headphones,1
2019-04-20,182756,Apple Airpods Headphones,Wired Headphones,Apple Airpods Headphones + Wired Headphones,1
2019-04-24,182766,Google Phone,Wired Headphones,Google Phone + Wired Headphones,1
2019-04-13,182776,Google Phone,USB-C Charging Cable,Google Phone + USB-C Charging Cable,1
2019-04-10,182809,AA Batteries (4-pack),Macbook Pro Laptop,AA Batteries (4-pack) + Macbook Pro Laptop,1
2019-04-04,182846,Lightning Charging Cable,iPhone,Lightning Charging Cable + iPhone,1
2019-04-27,182852,AA Batteries (4-pack),Lightning Charging Cable,AA Batteries (4-pack) + Lightning Charging Cable,1
2019-04-24,182891,27in 4K Gaming Monitor,Bose SoundSport Headphones,27in 4K Gaming Monitor + Bose SoundSport Headphones,1
2019-04-28,182892,AAA Batteries (4-pack),USB-C Charging Cable,AAA Batteries (4-pack) + USB-C Charging Cable,1
2019-04-23,182901,Google Phone,USB-C Charging Cable,Google Phone + USB-C Charging Cable,1
2019-04-22,182905,Google Phone,Lightning Charging Cable,Google Phone + Lightning Charging Cable,1
2019-04-19,182908,Google Phone,USB-C Charging Cable,Google Phone + USB-C Charging Cable,1
2019-04-19,182908,Google Phone,Wired Headphones,Google Phone + Wired Headphones,1
2019-04-19,182908,USB-C Charging Cable,Wired Headphones,USB-C Charging Cable + Wired Headphones,1
2019-04-29,182917,USB-C Charging Cable,iPhone,USB-C Charging Cable + iPhone,1
2019-04-25,182987,Lightning Charging Cable,iPhone,Lightning Charging Cable + iPhone,1
2019-04-12,183014,Google Phone,Wired Headphones,Google Phone + Wired Headphones,1
2019-04-30,183016,Google Phone,USB-C Charging Cable,Google Phone + USB-C Charging Cable,1
2019-04-30,183016,Google Phone,Wired Headphones,Google Phone + Wired Headphones,1
2019-04-30,183016,USB-C Charging Cable,Wired Headphones,USB-C Charging Cable + Wired Headphones,1
2019-04-16,183034,Lightning Charging Cable,iPhone,Lightning Charging Cable + iPhone,1
2019-04-19,183059,ThinkPad Laptop,USB-C Charging Cable,ThinkPad Laptop + USB-C Charging Cable,1
2019-04-15,183085,Lightning Charging Cable,iPhone,Lightning Charging Cable + iPhone,1
2019-04-17,183093,Apple Airpods Headphones,ThinkPad Laptop,Apple Airpods Headphones + ThinkPad Laptop,1
2019-04-12,183122,Google Phone,USB-C Charging Cable,Google Phone + USB-C Charging Cable,1
2019-04-17,183140,Google Phone,USB-C Charging Cable,Google Phone + USB-C Charging Cable,1
2019-04-09,183146,Lightning Charging Cable,iPhone,Lightning Charging Cable + iPhone,1
2019-04-27,183149,27in 4K Gaming Monitor,Apple Airpods Headphones,27in 4K Gaming Monitor + Apple Airpods Headphones,1
2019-04-24,183177,Lightning Charging Cable,iPhone,Lightning Charging Cable + iPhone,1
2019-04-24,183217,Lightning Charging Cable,USB-C Charging Cable,Lightning Charging Cable + USB-C Charging Cable,1
2019-04-29,183218,AA Batteries (4-pack),Apple Airpods Headphones,AA Batteries (4-pack) + Apple Airpods Headphones,1
2019-04-17,183220,Lightning Charging Cable,iPhone,Lightning Charging Cable + iPhone,1
2019-04-04,183230,Bose SoundSport Headphones,Google Phone,Bose SoundSport Headphones + Google Phone,1
2019-04-29,183315,Google Phone,USB-C Charging Cable,Google Phone + USB-C Charging Cable,1
2019-04-27,183325,USB-C Charging Cable,Vareebadd Phone,USB-C Charging Cable + Vareebadd Phone,1
2019-04-06,183342,Vareebadd Phone,Wired Headphones,Vareebadd Phone + Wired Headphones,1
2019-04-12,183361,Apple Airpods Headphones,Lightning Charging Cable,Apple Airpods Headphones + Lightning Charging Cable,1
2019-04-12,183361,Apple Airpods Headphones,iPhone,Apple Airpods Headphones + iPhone,1
2019-04-12,183361,Lightning Charging Cable,iPhone,Lightning Charging Cable + iPhone,1
2019-04-16,183383,34in Ultrawide Monitor,iPhone,34in Ultrawide Monitor + iPhone,1
2019-04-26,183422,Google Phone,Wired Headphones,Google Phone + Wired Headphones,1
2019-04-03,183436,Lightning Charging Cable,Wired Headphones,Lightning Charging Cable + Wired Headphones,1
2019-04-03,183436,Lightning Charging Cable,iPhone,Lightning Charging Cable + iPhone,1
2019-04-03,183436,Wired Headphones,iPhone,Wired Headphones + iPhone,1
2019-04-03,183452,20in Monitor,USB-C Charging Cable,20in Monitor + USB-C Charging Cable,1
2019-04-07,183454,Apple Airpods Headphones,iPhone,Apple Airpods Headphones + iPhone,1
2019-04-04,183468,Google Phone,USB-C Charging Cable,Google Phone + USB-C Charging Cable,1
2019-04-17,183479,USB-C Charging Cable,Vareebadd Phone,USB-C Charging Cable + Vareebadd Phone,1
2019-04-08,183503,Lightning Charging Cable,iPhone,Lightning Charging Cable + iPhone,1
2019-04-03,183506,AAA Batteries (4-pack),Apple Airpods Headphones,AAA Batteries (4-pack) + Apple Airpods Headphones,1
2019-04-20,183538,27in FHD Monitor,AAA Batteries (4-pack),27in FHD Monitor + AAA Batteries (4-pack),1
2019-04-18,183564,AA Batteries (4-pack),USB-C Charging Cable,AA Batteries (4-pack) + USB-C Charging Cable,1
2019-04-28,183571,Bose SoundSport Headphones,Vareebadd Phone,Bose SoundSport Headphones + Vareebadd Phone,1
2019-04-17,183622,Google Phone,Wired Headphones,Google Phone + Wired Headphones,1
2019-04-13,183641,Lightning Charging Cable,iPhone,Lightning Charging Cable + iPhone,1
2019-04-23,183678,AA Batteries (4-pack),Lightning Charging Cable,AA Batteries (4-pack) + Lightning Charging Cable,1
2019-04-16,183726,Apple Airpods Headphones,iPhone,Apple Airpods Headphones + iPhone,1
2019-04-05,183733,Wired Headphones,iPhone,Wired Headphones + iPhone,1
2019-04-06,183831,Bose SoundSport Headphones,Google Phone,Bose SoundSport Headphones + Google Phone,1
2019-04-19,183868,AA Batteries (4-pack),Google Phone,AA Batteries (4-pack) + Google Phone,1
2019-04-14,183971,Vareebadd Phone,iPhone,Vareebadd Phone + iPhone,1
2019-04-29,184021,Google Phone,USB-C Charging Cable,Google Phone + USB-C Charging Cable,1
2019-04-13,184022,Google Phone,USB-C Charging Cable,Google Phone + USB-C Charging Cable,1
2019-04-01,184054,Google Phone,USB-C Charging Cable,Google Phone + USB-C Charging Cable,1
2019-04-30,184055,Lightning Charging Cable,iPhone,Lightning Charging Cable + iPhone,1
2019-04-12,184097,Google Phone,Wired Headphones,Google Phone + Wired Headphones,1
2019-04-16,184145,Lightning Charging Cable,USB-C Charging Cable,Lightning Charging Cable + USB-C Charging Cable,1
2019-04-06,184154,Google Phone,USB-C Charging Cable,Google Phone + USB-C Charging Cable,1
2019-04-16,184157,AA Batteries (4-pack),Bose SoundSport Headphones,AA Batteries (4-pack) + Bose SoundSport Headphones,1
2019-04-07,184166,27in FHD Monitor,AA Batteries (4-pack),27in FHD Monitor + AA Batteries (4-pack),1
2019-04-26,184172,Google Phone,USB-C Charging Cable,Google Phone + USB-C Charging Cable,1
2019-04-20,184221,Wired Headphones,iPhone,Wired Headphones + iPhone,1
2019-04-05,184252,Bose SoundSport Headphones,ThinkPad Laptop,Bose SoundSport Headphones + ThinkPad Laptop,1
2019-04-21,184272,Lightning Charging Cable,iPhone,Lightning Charging Cable + iPhone,1
2019-04-17,184281,Apple Airpods Headphones,iPhone,Apple Airpods Headphones + iPhone,1
2019-04-08,184334,20in Monitor,Bose SoundSport Headphones,20in Monitor + Bose SoundSport Headphones,1
2019-04-19,184447,Lightning Charging Cable,iPhone,Lightning Charging Cable + iPhone,1
2019-04-08,184460,Wired Headphones,iPhone,Wired Headphones + iPhone,1
2019-04-11,184472,Bose SoundSport Headphones,iPhone,Bose SoundSport Headphones + iPhone,1
2019-04-10,184503,Lightning Charging Cable,iPhone,Lightning Charging Cable + iPhone,1
2019-04-15,184577,Lightning Charging Cable,iPhone,Lightning Charging Cable + iPhone,1
2019-04-14,184618,Google Phone,USB-C Charging Cable,Google Phone + USB-C Charging Cable,1
2019-04-19,184621,Lightning Charging Cable,iPhone,Lightning Charging Cable + iPhone,1
2019-04-13,184635,Bose SoundSport Headphones,Vareebadd Phone,Bose SoundSport Headphones + Vareebadd Phone,1
2019-04-15,184670,20in Monitor,Wired Headphones,20in Monitor + Wired Headphones,1
2019-04-21,184710,Wired Headphones,iPhone,Wired Headphones + iPhone,1
2019-04-20,184712,AA Batteries (4-pack),Lightning Charging Cable,AA Batteries (4-pack) + Lightning Charging Cable,1
2019-04-11,184729,Vareebadd Phone,Wired Headphones,Vareebadd Phone + Wired Headphones,1
2019-04-11,184733,Bose SoundSport Headphones,Google Phone,Bose SoundSport Headphones + Google Phone,1
2019-04-08,184734,Bose SoundSport Headphones,Google Phone,Bose SoundSport Headphones + Google Phone,1
2019-04-13,184758,Lightning Charging Cable,iPhone,Lightning Charging Cable + iPhone,1
2019-04-15,184765,Google Phone,USB-C Charging Cable,Google Phone + USB-C Charging Cable,1
2019-04-18,184795,Wired Headphones,iPhone,Wired Headphones + iPhone,1
2019-04-26,184813,AA Batteries (4-pack),USB-C Charging Cable,AA Batteries (4-pack) + USB-C Charging Cable,1
2019-04-22,184828,USB-C Charging Cable,Vareebadd Phone,USB-C Charging Cable + Vareebadd Phone,1
2019-04-18,184832,AA Batteries (4-pack),Wired Headphones,AA Batteries (4-pack) + Wired Headphones,1
2019-04-11,184840,AA Batteries (4-pack),USB-C Charging Cable,AA Batteries (4-pack) + USB-C Charging Cable,1
2019-04-17,184853,Vareebadd Phone,Wired Headphones,Vareebadd Phone + Wired Headphones,1
2019-04-26,184862,Apple Airpods Headphones,Lightning Charging Cable,Apple Airpods Headphones + Lightning Charging Cable,1
2019-04-24,184939,Google Phone,USB-C Charging Cable,Google Phone + USB-C Charging Cable,1
2019-04-05,184956,AAA Batteries (4-pack),Bose SoundSport Headphones,AAA Batteries (4-pack) + Bose SoundSport Headphones,1
2019-04-18,184979,USB-C Charging Cable,Vareebadd Phone,USB-C Charging Cable + Vareebadd Phone,1
2019-04-06,185003,ThinkPad Laptop,USB-C Charging Cable,ThinkPad Laptop + USB-C Charging Cable,1
2019-04-24,185052,Google Phone,USB-C Charging Cable,Google Phone + USB-C Charging Cable,1
2019-04-24,185052,Google Phone,Wired Headphones,Google Phone + Wired Headphones,1
2019-04-24,185052,USB-C Charging Cable,Wired Headphones,USB-C Charging Cable + Wired Headphones,1
2019-04-09,185066,Apple Airpods Headphones,USB-C Charging Cable,Apple Airpods Headphones + USB-C Charging Cable,1
2019-04-25,185111,USB-C Charging Cable,Vareebadd Phone,USB-C Charging Cable + Vareebadd Phone,1
2019-04-21,185119,Macbook Pro Laptop,Wired Headphones,Macbook Pro Laptop + Wired Headphones,1
2019-04-15,185130,Lightning Charging Cable,iPhone,Lightning Charging Cable + iPhone,1
2019-04-17,185160,Wired Headphones,iPhone,Wired Headphones + iPhone,1
2019-04-10,185167,AAA Batteries (4-pack),Wired Headphones,AAA Batteries (4-pack) + Wired Headphones,1
2019-04-10,185201,Apple Airpods Headphones,Vareebadd Phone,Apple Airpods Headphones + Vareebadd Phone,1
2019-04-22,185204,27in 4K Gaming Monitor,Lightning Charging Cable,27in 4K Gaming Monitor + Lightning Charging Cable,1
2019-04-14,185227,Google Phone,USB-C Charging Cable,Google Phone + USB-C Charging Cable,1
2019-04-10,185308,34in Ultrawide Monitor,Vareebadd Phone,34in Ultrawide Monitor + Vareebadd Phone,1
2019-04-21,185311,Google Phone,Wired Headphones,Google Phone + Wired Headphones,1
2019-04-02,185343,Google Phone,USB-C Charging Cable,Google Phone + USB-C Charging Cable,1
2019-04-16,185364,USB-C Charging Cable,Vareebadd Phone,USB-C Charging Cable + Vareebadd Phone,1
2019-04-26,185399,27in FHD Monitor,AA Batteries (4-pack),27in FHD Monitor + AA Batteries (4-pack),1
2019-04-20,185405,Lightning Charging Cable,iPhone,Lightning Charging Cable + iPhone,1
2019-04-24,185437,Bose SoundSport Headphones,Vareebadd Phone,Bose SoundSport Headphones + Vareebadd Phone,1
2019-04-05,185451,20in Monitor,USB-C Charging Cable,20in Monitor + USB-C Charging Cable,1
2019-04-04,185452,Google Phone,USB-C Charging Cable,Google Phone + USB-C Charging Cable,1
2019-04-04,185452,Google Phone,Wired Headphones,Google Phone + Wired Headphones,1
2019-04-04,185452,USB-C Charging Cable,Wired Headphones,USB-C Charging Cable + Wired Headphones,1
2019-04-16,185483,Lightning Charging Cable,iPhone,Lightning Charging Cable + iPhone,1
2019-04-25,185516,Bose SoundSport Headphones,Wired Headphones,Bose SoundSport Headphones + Wired Headphones,1
2019-04-25,185526,Lightning Charging Cable,iPhone,Lightning Charging Cable + iPhone,1
2019-04-18,185534,Lightning Charging Cable,iPhone,Lightning Charging Cable + iPhone,1
2019-04-04,185630,Apple Airpods Headphones,Wired Headphones,Apple Airpods Headphones + Wired Headphones,1
2019-04-03,185649,AA Batteries (4-pack),Vareebadd Phone,AA Batteries (4-pack) + Vareebadd Phone,1
2019-04-22,185667,AAA Batteries (4-pack),iPhone,AAA Batteries (4-pack) + iPhone,1
2019-04-22,185684,Apple Airpods Headphones,ThinkPad Laptop,Apple Airpods Headphones + ThinkPad Laptop,1
2019-04-09,185728,27in FHD Monitor,USB-C Charging Cable,27in FHD Monitor + USB-C Charging Cable,1
2019-04-17,185753,AA Batteries (4-pack),Lightning Charging Cable,AA Batteries (4-pack) + Lightning Charging Cable,1
2019-04-09,185764,ThinkPad Laptop,USB-C Charging Cable,ThinkPad Laptop + USB-C Charging Cable,1
2019-04-06,185862,Lightning Charging Cable,iPhone,Lightning Charging Cable + iPhone,1
2019-04-16,185868,AA Batteries (4-pack),Wired Headphones,AA Batteries (4-pack) + Wired Headphones,1
2019-04-20,185873,Apple Airpods Headphones,Wired Headphones,Apple Airpods Headphones + Wired Headphones,1
2019-04-06,185920,27in FHD Monitor,USB-C Charging Cable,27in FHD Monitor + USB-C Charging Cable,1
2019-04-19,185929,Google Phone,USB-C Charging Cable,Google Phone + USB-C Charging Cable,1
2019-04-07,185993,AA Batteries (4-pack),Wired Headphones,AA Batteries (4-pack) + Wired Headphones,1
2019-04-11,186010,Flatscreen TV,Lightning Charging Cable,Flatscreen TV + Lightning Charging Cable,1
2019-04-05,186019,USB-C Charging Cable,Vareebadd Phone,USB-C Charging Cable + Vareebadd Phone,1
2019-04-25,186044,Vareebadd Phone,Wired Headphones,Vareebadd Phone + Wired Headphones,1
2019-04-18,186071,Bose SoundSport Headphones,Google Phone,Bose SoundSport Headphones + Google Phone,1
2019-04-19,186078,27in FHD Monitor,USB-C Charging Cable,27in FHD Monitor + USB-C Charging Cable,1
2019-04-10,186096,Google Phone,USB-C Charging Cable,Google Phone + USB-C Charging Cable,1
2019-04-03,186117,Google Phone,USB-C Charging Cable,Google Phone + USB-C Charging Cable,1
2019-04-06,186139,AA Batteries (4-pack),iPhone,AA Batteries (4-pack) + iPhone,1
2019-04-08,186158,Lightning Charging Cable,iPhone,Lightning Charging Cable + iPhone,1
2019-04-30,186226,Google Phone,USB-C Charging Cable,Google Phone + USB-C Charging Cable,1
2019-04-13,186242,AA Batteries (4-pack),AAA Batteries (4-pack),AA Batteries (4-pack) + AAA Batteries (4-pack),1
2019-04-07,186271,AA Batteries (4-pack),Vareebadd Phone,AA Batteries (4-pack) + Vareebadd Phone,1
2019-04-06,186284,Lightning Charging Cable,iPhone,Lightning Charging Cable + iPhone,1
2019-04-07,186288,Wired Headphones,iPhone,Wired Headphones + iPhone,1
2019-04-01,186362,Lightning Charging Cable,Wired Headphones,Lightning Charging Cable + Wired Headphones,1
2019-04-14,186370,Google Phone,USB-C Charging Cable,Google Phone + USB-C Charging Cable,1
2019-04-02,186384,Wired Headphones,iPhone,Wired Headphones + iPhone,1
2019-04-19,186405,AAA Batteries (4-pack),Lightning Charging Cable,AAA Batteries (4-pack) + Lightning Charging Cable,1
2019-04-17,186419,Lightning Charging Cable,iPhone,Lightning Charging Cable + iPhone,1
2019-04-13,186436,Google Phone,Wired Headphones,Google Phone + Wired Headphones,1
2019-04-16,186487,34in Ultrawide Monitor,AA Batteries (4-pack),34in Ultrawide Monitor + AA Batteries (4-pack),1
2019-04-27,186532,Google Phone,USB-C Charging Cable,Google Phone + USB-C Charging Cable,1
2019-04-18,186533,Google Phone,USB-C Charging Cable,Google Phone + USB-C Charging Cable,1
2019-04-30,186552,Vareebadd Phone,Wired Headphones,Vareebadd Phone + Wired Headphones,1
2019-04-06,186600,Google Phone,USB-C Charging Cable,Google Phone + USB-C Charging Cable,1
2019-04-28,186629,USB-C Charging Cable,Vareebadd Phone,USB-C Charging Cable + Vareebadd Phone,1
2019-04-03,186633,USB-C Charging Cable,Vareebadd Phone,USB-C Charging Cable + Vareebadd Phone,1
2019-04-09,186669,Google Phone,USB-C Charging Cable,Google Phone + USB-C Charging Cable,1
2019-04-10,186714,Apple Airpods Headphones,Wired Headphones,Apple Airpods Headphones + Wired Headphones,1
2019-04-11,186722,Bose SoundSport Headphones,Google Phone,Bose SoundSport Headphones + Google Phone,1
2019-04-18,186753,Google Phone,Wired Headphones,Google Phone + Wired Headphones,1
2019-04-08,186791,Apple Airpods Headphones,Wired Headphones,Apple Airpods Headphones + Wired Headphones,1
2019-04-25,186827,AA Batteries (4-pack),Apple Airpods Headphones,AA Batteries (4-pack) + Apple Airpods Headphones,1
2019-04-21,186828,Google Phone,Wired Headphones,Google Phone + Wired Headphones,1
2019-04-14,186831,Wired Headphones,iPhone,Wired Headphones + iPhone,1
2019-04-25,186862,AAA Batteries (4-pack),USB-C Charging Cable,AAA Batteries (4-pack) + USB-C Charging Cable,1
2019-04-08,186873,Bose SoundSport Headphones,ThinkPad Laptop,Bose SoundSport Headphones + ThinkPad Laptop,1
2019-04-09,186879,Google Phone,USB-C Charging Cable,Google Phone + USB-C Charging Cable,1
2019-04-07,186904,Google Phone,USB-C Charging Cable,Google Phone + USB-C Charging Cable,1
2019-04-07,186904,Google Phone,Wired Headphones,Google Phone + Wired Headphones,1
2019-04-07,186904,USB-C Charging Cable,Wired Headphones,USB-C Charging Cable + Wired Headphones,1
2019-04-02,186943,Google Phone,USB-C Charging Cable,Google Phone + USB-C Charging Cable,1
2019-04-02,186956,AA Batteries (4-pack),Wired Headphones,AA Batteries (4-pack) + Wired Headphones,1
2019-04-08,186989,AA Batteries (4-pack),Lightning Charging Cable,AA Batteries (4-pack) + Lightning Charging Cable,1
2019-04-09,186998,USB-C Charging Cable,Vareebadd Phone,USB-C Charging Cable + Vareebadd Phone,1
2019-04-05,187037,Google Phone,USB-C Charging Cable,Google Phone + USB-C Charging Cable,1
2019-04-08,187081,Google Phone,USB-C Charging Cable,Google Phone + USB-C Charging Cable,1
2019-04-28,187108,Lightning Charging Cable,iPhone,Lightning Charging Cable + iPhone,1
2019-04-11,187126,34in Ultrawide Monitor,Bose SoundSport Headphones,34in Ultrawide Monitor + Bose SoundSport Headphones,1
2019-04-25,187172,20in Monitor,Lightning Charging Cable,20in Monitor + Lightning Charging Cable,1
2019-04-01,187215,Lightning Charging Cable,iPhone,Lightning Charging Cable + iPhone,1
2019-04-21,187261,Lightning Charging Cable,iPhone,Lightning Charging Cable + iPhone,1
2019-04-26,187357,Lightning Charging Cable,iPhone,Lightning Charging Cable + iPhone,1
2019-04-30,187369,Google Phone,Wired Headphones,Google Phone + Wired Headphones,1
2019-04-18,187385,Google Phone,Lightning Charging Cable,Google Phone + Lightning Charging Cable,1
2019-04-11,187405,Lightning Charging Cable,iPhone,Lightning Charging Cable + iPhone,1
2019-04-01,187423,Vareebadd Phone,Wired Headphones,Vareebadd Phone + Wired Headphones,1
2019-04-20,187442,USB-C Charging Cable,Vareebadd Phone,USB-C Charging Cable + Vareebadd Phone,1
2019-04-29,187453,Apple Airpods Headphones,Bose SoundSport Headphones,Apple Airpods Headphones + Bose SoundSport Headphones,1
2019-04-11,187463,Google Phone,USB-C Charging Cable,Google Phone + USB-C Charging Cable,1
2019-04-11,187463,Google Phone,Wired Headphones,Google Phone + Wired Headphones,1
2019-04-11,187463,USB-C Charging Cable,Wired Headphones,USB-C Charging Cable + Wired Headphones,1
2019-04-05,187464,Lightning Charging Cable,iPhone,Lightning Charging Cable + iPhone,1
2019-04-27,187469,Apple Airpods Headphones,Lightning Charging Cable,Apple Airpods Headphones + Lightning Charging Cable,1
2019-04-23,187530,34in Ultrawide Monitor,Wired Headphones,34in Ultrawide Monitor + Wired Headphones,1
2019-04-01,187534,Google Phone,Lightning Charging Cable,Google Phone + Lightning Charging Cable,1
2019-04-25,187547,Google Phone,Wired Headphones,Google Phone + Wired Headphones,1
2019-04-13,187579,34in Ultrawide Monitor,AA Batteries (4-pack),34in Ultrawide Monitor + AA Batteries (4-pack),1
2019-04-15,187603,USB-C Charging Cable,Vareebadd Phone,USB-C Charging Cable + Vareebadd Phone,1
2019-04-02,187605,27in 4K Gaming Monitor,Flatscreen TV,27in 4K Gaming Monitor + Flatscreen TV,1
2019-04-08,187609,Lightning Charging Cable,iPhone,Lightning Charging Cable + iPhone,1
2019-04-04,187636,Lightning Charging Cable,Wired Headphones,Lightning Charging Cable + Wired Headphones,1
2019-04-04,187636,Lightning Charging Cable,iPhone,Lightning Charging Cable + iPhone,1
2019-04-04,187636,Wired Headphones,iPhone,Wired Headphones + iPhone,1
2019-04-21,187647,Google Phone,USB-C Charging Cable,Google Phone + USB-C Charging Cable,1
2019-04-11,187697,Wired Headphones,iPhone,Wired Headphones + iPhone,1
2019-04-06,187703,Apple Airpods Headphones,iPhone,Apple Airpods Headphones + iPhone,1
2019-04-26,187713,Flatscreen TV,USB-C Charging Cable,Flatscreen TV + USB-C Charging Cable,1
2019-04-09,187741,27in FHD Monitor,Google Phone,27in FHD Monitor + Google Phone,1
2019-04-11,187822,Lightning Charging Cable,iPhone,Lightning Charging Cable + iPhone,1
2019-04-03,187872,ThinkPad Laptop,USB-C Charging Cable,ThinkPad Laptop + USB-C Charging Cable,1
2019-04-30,187888,Wired Headphones,iPhone,Wired Headphones + iPhone,1
2019-04-11,187932,USB-C Charging Cable,Vareebadd Phone,USB-C Charging Cable + Vareebadd Phone,1
2019-04-03,187955,Google Phone,USB-C Charging Cable,Google Phone + USB-C Charging Cable,1
2019-04-20,187967,Bose SoundSport Headphones,USB-C Charging Cable,Bose SoundSport Headphones + USB-C Charging Cable,1
2019-04-20,187967,Bose SoundSport Headphones,Vareebadd Phone,Bose SoundSport Headphones + Vareebadd Phone,1
2019-04-20,187967,USB-C Charging Cable,Vareebadd Phone,USB-C Charging Cable + Vareebadd Phone,1
2019-04-20,187970,Google Phone,USB-C Charging Cable,Google Phone + USB-C Charging Cable,1
2019-04-02,187978,Bose SoundSport Headphones,Google Phone,Bose SoundSport Headphones + Google Phone,1
2019-04-16,188026,27in FHD Monitor,Wired Headphones,27in FHD Monitor + Wired Headphones,1
2019-04-07,188028,AAA Batteries (4-pack),USB-C Charging Cable,AAA Batteries (4-pack) + USB-C Charging Cable,1
2019-04-30,188038,Lightning Charging Cable,iPhone,Lightning Charging Cable + iPhone,1
2019-04-18,188070,34in Ultrawide Monitor,USB-C Charging Cable,34in Ultrawide Monitor + USB-C Charging Cable,1
2019-04-15,188077,Lightning Charging Cable,iPhone,Lightning Charging Cable + iPhone,1
2019-04-01,188087,Macbook Pro Laptop,ThinkPad Laptop,Macbook Pro Laptop + ThinkPad Laptop,1
2019-04-17,188097,27in FHD Monitor,Google Phone,27in FHD Monitor + Google Phone,1
2019-04-17,188097,27in FHD Monitor,USB-C Charging Cable,27in FHD Monitor + USB-C Charging Cable,1
2019-04-17,188097,Google Phone,USB-C Charging Cable,Google Phone + USB-C Charging Cable,1
2019-04-02,188107,Apple Airpods Headphones,Flatscreen TV,Apple Airpods Headphones + Flatscreen TV,1
2019-04-29,188113,AAA Batteries (4-pack),USB-C Charging Cable,AAA Batteries (4-pack) + USB-C Charging Cable,1
2019-04-13,188122,Lightning Charging Cable,iPhone,Lightning Charging Cable + iPhone,1
2019-04-13,188142,AA Batteries (4-pack),ThinkPad Laptop,AA Batteries (4-pack) + ThinkPad Laptop,1
2019-04-06,188222,AA Batteries (4-pack),AAA Batteries (4-pack),AA Batteries (4-pack) + AAA Batteries (4-pack),1
2019-04-01,188269,27in FHD Monitor,iPhone,27in FHD Monitor + iPhone,1
2019-04-25,188303,Apple Airpods Headphones,iPhone,Apple Airpods Headphones + iPhone,1
2019-04-21,188326,Bose SoundSport Headphones,Lightning Charging Cable,Bose SoundSport Headphones + Lightning Charging Cable,1
2019-04-16,188332,USB-C Charging Cable,Vareebadd Phone,USB-C Charging Cable + Vareebadd Phone,1
2019-04-12,188340,Bose SoundSport Headphones,Wired Headphones,Bose SoundSport Headphones + Wired Headphones,1
2019-04-22,188343,Lightning Charging Cable,iPhone,Lightning Charging Cable + iPhone,1
2019-04-03,188345,Lightning Charging Cable,iPhone,Lightning Charging Cable + iPhone,1
2019-04-25,188374,Google Phone,USB-C Charging Cable,Google Phone + USB-C Charging Cable,1
2019-04-14,188380,34in Ultrawide Monitor,Bose SoundSport Headphones,34in Ultrawide Monitor + Bose SoundSport Headphones,1
2019-04-26,188410,AA Batteries (4-pack),Lightning Charging Cable,AA Batteries (4-pack) + Lightning Charging Cable,1
2019-04-06,188465,Apple Airpods Headphones,iPhone,Apple Airpods Headphones + iPhone,1
2019-04-15,188482,Wired Headphones,iPhone,Wired Headphones + iPhone,1
2019-04-28,188513,Apple Airpods Headphones,USB-C Charging Cable,Apple Airpods Headphones + USB-C Charging Cable,1
2019-04-24,188520,27in 4K Gaming Monitor,34in Ultrawide Monitor,27in 4K Gaming Monitor + 34in Ultrawide Monitor,1
2019-04-16,188533,USB-C Charging Cable,Vareebadd Phone,USB-C Charging Cable + Vareebadd Phone,1
2019-04-16,188533,USB-C Charging Cable,Wired Headphones,USB-C Charging Cable + Wired Headphones,1
2019-04-16,188533,Vareebadd Phone,Wired Headphones,Vareebadd Phone + Wired Headphones,1
2019-04-18,188541,Apple Airpods Headphones,Macbook Pro Laptop,Apple Airpods Headphones + Macbook Pro Laptop,1
2019-04-10,188543,AAA Batteries (4-pack),Macbook Pro Laptop,AAA Batteries (4-pack) + Macbook Pro Laptop,1
2019-04-09,188581,Lightning Charging Cable,iPhone,Lightning Charging Cable + iPhone,1
2019-04-27,188582,27in FHD Monitor,Bose SoundSport Headphones,27in FHD Monitor + Bose SoundSport Headphones,1
2019-04-01,188589,Lightning Charging Cable,iPhone,Lightning Charging Cable + iPhone,1
2019-04-12,188598,Macbook Pro Laptop,USB-C Charging Cable,Macbook Pro Laptop + USB-C Charging Cable,1
2019-04-30,188638,Wired Headphones,iPhone,Wired Headphones + iPhone,1
2019-04-29,188671,Google Phone,Wired Headphones,Google Phone + Wired Headphones,1
2019-04-06,188672,Lightning Charging Cable,iPhone,Lightning Charging Cable + iPhone,1
2019-04-13,188700,27in FHD Monitor,AAA Batteries (4-pack),27in FHD Monitor + AAA Batteries (4-pack),1
2019-04-01,188751,Google Phone,USB-C Charging Cable,Google Phone + USB-C Charging Cable,1
2019-04-22,188756,AA Batteries (4-pack),Apple Airpods Headphones,AA Batteries (4-pack) + Apple Airpods Headphones,1
2019-04-18,188760,USB-C Charging Cable,Wired Headphones,USB-C Charging Cable + Wired Headphones,1
2019-04-29,188782,Bose SoundSport Headphones,Google Phone,Bose SoundSport Headphones + Google Phone,1
2019-04-24,188787,Apple Airpods Headphones,Lightning Charging Cable,Apple Airpods Headphones + Lightning Charging Cable,1
2019-04-22,188859,Apple Airpods Headphones,iPhone,Apple Airpods Headphones + iPhone,1
2019-04-19,188881,Bose SoundSport Headphones,Google Phone,Bose SoundSport Headphones + Google Phone,1
2019-04-19,188881,Bose SoundSport Headphones,Wired Headphones,Bose SoundSport Headphones + Wired Headphones,1
2019-04-19,188881,Google Phone,Wired Headphones,Google Phone + Wired Headphones,1
2019-04-20,188904,Wired Headphones,iPhone,Wired Headphones + iPhone,1
2019-04-09,188920,Google Phone,USB-C Charging Cable,Google Phone + USB-C Charging Cable,1
2019-04-27,188994,AA Batteries (4-pack),ThinkPad Laptop,AA Batteries (4-pack) + ThinkPad Laptop,1
2019-04-28,189019,Lightning Charging Cable,iPhone,Lightning Charging Cable + iPhone,1
2019-04-02,189036,AA Batteries (4-pack),Wired Headphones,AA Batteries (4-pack) + Wired Headphones,1
2019-04-13,189043,Vareebadd Phone,Wired Headphones,Vareebadd Phone + Wired Headphones,1
2019-04-11,189071,Lightning Charging Cable,iPhone,Lightning Charging Cable + iPhone,1
2019-04-10,189108,Google Phone,USB-C Charging Cable,Google Phone + USB-C Charging Cable,1
2019-04-18,189133,Google Phone,USB-C Charging Cable,Google Phone + USB-C Charging Cable,1
2019-04-12,189164,Google Phone,Wired Headphones,Google Phone + Wired Headphones,1
2019-04-18,189186,27in 4K Gaming Monitor,Flatscreen TV,27in 4K Gaming Monitor + Flatscreen TV,1
2019-04-18,189207,Macbook Pro Laptop,ThinkPad Laptop,Macbook Pro Laptop + ThinkPad Laptop,1
2019-04-19,189218,34in Ultrawide Monitor,Bose SoundSport Headphones,34in Ultrawide Monitor + Bose SoundSport Headphones,1
2019-04-28,189243,Bose SoundSport Headphones,Google Phone,Bose SoundSport Headphones + Google Phone,1
2019-04-20,189249,27in FHD Monitor,Apple Airpods Headphones,27in FHD Monitor + Apple Airpods Headphones,1
2019-04-19,189252,Google Phone,USB-C Charging Cable,Google Phone + USB-C Charging Cable,1
2019-04-01,189262,Google Phone,Wired Headphones,Google Phone + Wired Headphones,1
2019-04-03,189336,Bose SoundSport Headphones,Google Phone,Bose SoundSport Headphones + Google Phone,1
2019-04-14,189338,Apple Airpods Headphones,USB-C Charging Cable,Apple Airpods Headphones + USB-C Charging Cable,1
2019-04-24,189365,AAA Batteries (4-pack),USB-C Charging Cable,AAA Batteries (4-pack) + USB-C Charging Cable,1
2019-04-14,189387,AA Batteries (4-pack),USB-C Charging Cable,AA Batteries (4-pack) + USB-C Charging Cable,1
2019-04-02,189394,27in FHD Monitor,USB-C Charging Cable,27in FHD Monitor + USB-C Charging Cable,1
2019-04-25,189414,Apple Airpods Headphones,Lightning Charging Cable,Apple Airpods Headphones + Lightning Charging Cable,1
2019-04-25,189414,Apple Airpods Headphones,iPhone,Apple Airpods Headphones + iPhone,1
2019-04-25,189414,Lightning Charging Cable,iPhone,Lightning Charging Cable + iPhone,1
2019-04-22,189457,Wired Headphones,iPhone,Wired Headphones + iPhone,1
2019-04-17,189496,Lightning Charging Cable,ThinkPad Laptop,Lightning Charging Cable + ThinkPad Laptop,1
2019-04-25,189552,Lightning Charging Cable,iPhone,Lightning Charging Cable + iPhone,1
2019-04-05,189570,AA Batteries (4-pack),Wired Headphones,AA Batteries (4-pack) + Wired Headphones,1
2019-04-21,189597,Vareebadd Phone,Wired Headphones,Vareebadd Phone + Wired Headphones,1
2019-04-22,189617,Wired Headphones,iPhone,Wired Headphones + iPhone,1
2019-04-30,189669,Bose SoundSport Headphones,Google Phone,Bose SoundSport Headphones + Google Phone,1
2019-04-29,189681,AA Batteries (4-pack),Bose SoundSport Headphones,AA Batteries (4-pack) + Bose SoundSport Headphones,1
2019-04-11,189790,34in Ultrawide Monitor,Google Phone,34in Ultrawide Monitor + Google Phone,1
2019-04-19,189809,Apple Airpods Headphones,iPhone,Apple Airpods Headphones + iPhone,1
2019-04-26,189816,AAA Batteries (4-pack),Macbook Pro Laptop,AAA Batteries (4-pack) + Macbook Pro Laptop,1
2019-04-06,189834,AAA Batteries (4-pack),Apple Airpods Headphones,AAA Batteries (4-pack) + Apple Airpods Headphones,1
2019-04-27,189837,USB-C Charging Cable,Vareebadd Phone,USB-C Charging Cable + Vareebadd Phone,1
2019-04-16,189842,Lightning Charging Cable,iPhone,Lightning Charging Cable + iPhone,1
2019-04-28,189845,Google Phone,USB-C Charging Cable,Google Phone + USB-C Charging Cable,1
2019-04-24,189871,Wired Headphones,iPhone,Wired Headphones + iPhone,1
2019-04-07,189910,Google Phone,USB-C Charging Cable,Google Phone + USB-C Charging Cable,1
2019-04-01,189942,Google Phone,USB-C Charging Cable,Google Phone + USB-C Charging Cable,1
2019-04-20,189957,Vareebadd Phone,Wired Headphones,Vareebadd Phone + Wired Headphones,1
2019-04-11,189963,Google Phone,Wired Headphones,Google Phone + Wired Headphones,1
2019-04-20,190007,Wired Headphones,iPhone,Wired Headphones + iPhone,1
2019-04-11,190034,27in FHD Monitor,Lightning Charging Cable,27in FHD Monitor + Lightning Charging Cable,1
2019-04-16,190161,Apple Airpods Headphones,Wired Headphones,Apple Airpods Headphones + Wired Headphones,1
2019-04-15,190183,Google Phone,USB-C Charging Cable,Google Phone + USB-C Charging Cable,1
2019-04-16,190196,USB-C Charging Cable,Vareebadd Phone,USB-C Charging Cable + Vareebadd Phone,1
2019-04-30,190211,USB-C Charging Cable,Vareebadd Phone,USB-C Charging Cable + Vareebadd Phone,1
2019-04-30,190218,Google Phone,USB-C Charging Cable,Google Phone + USB-C Charging Cable,1
2019-04-15,190228,AA Batteries (4-pack),USB-C Charging Cable,AA Batteries (4-pack) + USB-C Charging Cable,1
2019-04-08,190255,Bose SoundSport Headphones,Vareebadd Phone,Bose SoundSport Headphones + Vareebadd Phone,1
2019-04-06,190300,Wired Headphones,iPhone,Wired Headphones + iPhone,1
2019-04-17,190303,AA Batteries (4-pack),USB-C Charging Cable,AA Batteries (4-pack) + USB-C Charging Cable,1
2019-04-04,190309,Wired Headphones,iPhone,Wired Headphones + iPhone,1
2019-04-24,190340,Apple Airpods Headphones,Lightning Charging Cable,Apple Airpods Headphones + Lightning Charging Cable,1
2019-04-20,190364,27in 4K Gaming Monitor,AA Batteries (4-pack),27in 4K Gaming Monitor + AA Batteries (4-pack),1
2019-04-21,190428,Google Phone,USB-C Charging Cable,Google Phone + USB-C Charging Cable,1
2019-04-30,190450,AAA Batteries (4-pack),Google Phone,AAA Batteries (4-pack) + Google Phone,1
2019-04-15,190493,AA Batteries (4-pack),iPhone,AA Batteries (4-pack) + iPhone,1
2019-04-01,190512,Apple Airpods Headphones,Lightning Charging Cable,Apple Airpods Headphones + Lightning Charging Cable,1
2019-04-01,190512,Apple Airpods Headphones,iPhone,Apple Airpods Headphones + iPhone,1
2019-04-01,190512,Lightning Charging Cable,iPhone,Lightning Charging Cable + iPhone,1
2019-04-06,190525,Bose SoundSport Headphones,iPhone,Bose SoundSport Headphones + iPhone,1
2019-04-08,190564,AA Batteries (4-pack),USB-C Charging Cable,AA Batteries (4-pack) + USB-C Charging Cable,1
2019-04-17,190576,Lightning Charging Cable,iPhone,Lightning Charging Cable + iPhone,1
2019-04-20,190605,Apple Airpods Headphones,Bose SoundSport Headphones,Apple Airpods Headphones + Bose SoundSport Headphones,1
2019-04-02,190613,Flatscreen TV,Wired Headphones,Flatscreen TV + Wired Headphones,1
2019-04-08,190617,USB-C Charging Cable,Vareebadd Phone,USB-C Charging Cable + Vareebadd Phone,1
2019-04-17,190645,34in Ultrawide Monitor,USB-C Charging Cable,34in Ultrawide Monitor + USB-C Charging Cable,1
2019-04-24,190652,Apple Airpods Headphones,iPhone,Apple Airpods Headphones + iPhone,1
2019-04-12,190696,Bose SoundSport Headphones,Google Phone,Bose SoundSport Headphones + Google Phone,1
2019-04-30,190840,Lightning Charging Cable,iPhone,Lightning Charging Cable + iPhone,1
2019-04-07,190851,Google Phone,USB-C Charging Cable,Google Phone + USB-C Charging Cable,1
2019-04-23,190853,20in Monitor,USB-C Charging Cable,20in Monitor + USB-C Charging Cable,1
2019-04-15,190862,27in FHD Monitor,Flatscreen TV,27in FHD Monitor + Flatscreen TV,1
2019-04-27,190863,Wired Headphones,iPhone,Wired Headphones + iPhone,1
2019-04-15,190880,Lightning Charging Cable,iPhone,Lightning Charging Cable + iPhone,1
2019-04-08,190900,Apple Airpods Headphones,Wired Headphones,Apple Airpods Headphones + Wired Headphones,1
2019-04-23,191012,Lightning Charging Cable,iPhone,Lightning Charging Cable + iPhone,1
2019-04-17,191019,Google Phone,USB-C Charging Cable,Google Phone + USB-C Charging Cable,1
2019-04-29,191030,USB-C Charging Cable,Vareebadd Phone,USB-C Charging Cable + Vareebadd Phone,1
2019-04-01,191042,USB-C Charging Cable,Vareebadd Phone,USB-C Charging Cable + Vareebadd Phone,1
2019-04-12,191078,Bose SoundSport Headphones,Vareebadd Phone,Bose SoundSport Headphones + Vareebadd Phone,1
2019-04-07,191132,Bose SoundSport Headphones,USB-C Charging Cable,Bose SoundSport Headphones + USB-C Charging Cable,1
2019-04-27,191158,27in FHD Monitor,USB-C Charging Cable,27in FHD Monitor + USB-C Charging Cable,1
2019-04-27,191160,Bose SoundSport Headphones,Lightning Charging Cable,Bose SoundSport Headphones + Lightning Charging Cable,1
2019-04-15,191162,AAA Batteries (4-pack),iPhone,AAA Batteries (4-pack) + iPhone,1
2019-04-21,191193,Apple Airpods Headphones,Lightning Charging Cable,Apple Airpods Headphones + Lightning Charging Cable,1
2019-04-21,191193,Apple Airpods Headphones,iPhone,Apple Airpods Headphones + iPhone,1
2019-04-21,191193,Lightning Charging Cable,iPhone,Lightning Charging Cable + iPhone,1
2019-04-17,191251,Google Phone,USB-C Charging Cable,Google Phone + USB-C Charging Cable,1
2019-04-25,191262,20in Monitor,AA Batteries (4-pack),20in Monitor + AA Batteries (4-pack),1
2019-04-17,191311,Apple Airpods Headphones,Lightning Charging Cable,Apple Airpods Headphones + Lightning Charging Cable,1
2019-04-17,191368,AA Batteries (4-pack),Lightning Charging Cable,AA Batteries (4-pack) + Lightning Charging Cable,1
2019-04-19,191420,Google Phone,USB-C Charging Cable,Google Phone + USB-C Charging Cable,1
2019-04-10,191433,Apple Airpods Headphones,Lightning Charging Cable,Apple Airpods Headphones + Lightning Charging Cable,1
2019-04-10,191433,Apple Airpods Headphones,iPhone,Apple Airpods Headphones + iPhone,1
2019-04-10,191433,Lightning Charging Cable,iPhone,Lightning Charging Cable + iPhone,1
2019-04-10,191453,Wired Headphones,iPhone,Wired Headphones + iPhone,1
2019-04-11,191497,Google Phone,USB-C Charging Cable,Google Phone + USB-C Charging Cable,1
2019-04-18,191512,Apple Airpods Headphones,USB-C Charging Cable,Apple Airpods Headphones + USB-C Charging Cable,1
2019-04-01,191538,Google Phone,USB-C Charging Cable,Google Phone + USB-C Charging Cable,1
2019-04-12,191547,34in Ultrawide Monitor,iPhone,34in Ultrawide Monitor + iPhone,1
2019-04-02,191561,AAA Batteries (4-pack),Bose SoundSport Headphones,AAA Batteries (4-pack) + Bose SoundSport Headphones,1
2019-04-21,191608,Google Phone,USB-C Charging Cable,Google Phone + USB-C Charging Cable,1
2019-04-13,191610,AA Batteries (4-pack),AAA Batteries (4-pack),AA Batteries (4-pack) + AAA Batteries (4-pack),1
2019-04-25,191617,USB-C Charging Cable,Wired Headphones,USB-C Charging Cable + Wired Headphones,1
2019-04-04,191648,Lightning Charging Cable,Vareebadd Phone,Lightning Charging Cable + Vareebadd Phone,1
2019-04-05,191703,Bose SoundSport Headphones,Google Phone,Bose SoundSport Headphones + Google Phone,1
2019-04-01,191707,20in Monitor,Lightning Charging Cable,20in Monitor + Lightning Charging Cable,1
2019-04-02,191715,Wired Headphones,iPhone,Wired Headphones + iPhone,1
2019-04-30,191735,Apple Airpods Headphones,iPhone,Apple Airpods Headphones + iPhone,1
2019-04-04,191741,Google Phone,USB-C Charging Cable,Google Phone + USB-C Charging Cable,1
2019-04-03,191742,Apple Airpods Headphones,Wired Headphones,Apple Airpods Headphones + Wired Headphones,1
2019-04-03,191742,Apple Airpods Headphones,iPhone,Apple Airpods Headphones + iPhone,1
2019-04-03,191742,Wired Headphones,iPhone,Wired Headphones + iPhone,1
2019-04-15,191837,Wired Headphones,iPhone,Wired Headphones + iPhone,1
2019-04-29,191861,27in FHD Monitor,Lightning Charging Cable,27in FHD Monitor + Lightning Charging Cable,1
2019-04-27,191885,Google Phone,Wired Headphones,Google Phone + Wired Headphones,1
2019-04-06,191926,AA Batteries (4-pack),AAA Batteries (4-pack),AA Batteries (4-pack) + AAA Batteries (4-pack),1
2019-04-08,191945,Apple Airpods Headphones,Bose SoundSport Headphones,Apple Airpods Headphones + Bose SoundSport Headphones,1
2019-04-30,191958,AAA Batteries (4-pack),Lightning Charging Cable,AAA Batteries (4-pack) + Lightning Charging Cable,1
2019-04-08,191963,Bose SoundSport Headphones,Google Phone,Bose SoundSport Headphones + Google Phone,1
2019-04-08,191963,Bose SoundSport Headphones,USB-C Charging Cable,Bose SoundSport Headphones + USB-C Charging Cable,1
2019-04-08,191963,Google Phone,USB-C Charging Cable,Google Phone + USB-C Charging Cable,1
2019-04-11,191974,Bose SoundSport Headphones,Wired Headphones,Bose SoundSport Headphones + Wired Headphones,1
2019-04-14,191983,Apple Airpods Headphones,Bose SoundSport Headphones,Apple Airpods Headphones + Bose SoundSport Headphones,1
2019-04-23,191990,Lightning Charging Cable,iPhone,Lightning Charging Cable + iPhone,1
2019-04-10,192002,AA Batteries (4-pack),Lightning Charging Cable,AA Batteries (4-pack) + Lightning Charging Cable,1
2019-04-06,192040,Lightning Charging Cable,iPhone,Lightning Charging Cable + iPhone,1
2019-04-12,192080,AA Batteries (4-pack),Flatscreen TV,AA Batteries (4-pack) + Flatscreen TV,1
2019-04-04,192142,20in Monitor,Apple Airpods Headphones,20in Monitor + Apple Airpods Headphones,1
2019-04-10,192179,AAA Batteries (4-pack),Bose SoundSport Headphones,AAA Batteries (4-pack) + Bose SoundSport Headphones,1
2019-04-05,192190,Lightning Charging Cable,iPhone,Lightning Charging Cable + iPhone,1
2019-04-05,192204,Apple Airpods Headphones,Bose SoundSport Headphones,Apple Airpods Headphones + Bose SoundSport Headphones,1
2019-04-14,192214,Google Phone,USB-C Charging Cable,Google Phone + USB-C Charging Cable,1
2019-04-19,192259,Wired Headphones,iPhone,Wired Headphones + iPhone,1
2019-04-12,192348,Apple Airpods Headphones,iPhone,Apple Airpods Headphones + iPhone,1
2019-04-28,192378,Lightning Charging Cable,iPhone,Lightning Charging Cable + iPhone,1
2019-04-15,192386,Google Phone,USB-C Charging Cable,Google Phone + USB-C Charging Cable,1
2019-04-16,192450,AA Batteries (4-pack),AAA Batteries (4-pack),AA Batteries (4-pack) + AAA Batteries (4-pack),1
2019-04-14,192482,34in Ultrawide Monitor,AAA Batteries (4-pack),34in Ultrawide Monitor + AAA Batteries (4-pack),1
2019-04-30,192569,Lightning Charging Cable,iPhone,Lightning Charging Cable + iPhone,1
2019-04-08,192609,Lightning Charging Cable,iPhone,Lightning Charging Cable + iPhone,1
2019-04-19,192643,Google Phone,ThinkPad Laptop,Google Phone + ThinkPad Laptop,1
2019-04-21,192645,Bose SoundSport Headphones,Google Phone,Bose SoundSport Headphones + Google Phone,1
2019-04-21,192645,Bose SoundSport Headphones,Wired Headphones,Bose SoundSport Headphones + Wired Headphones,1
2019-04-21,192645,Google Phone,Wired Headphones,Google Phone + Wired Headphones,1
2019-04-08,192677,AAA Batteries (4-pack),iPhone,AAA Batteries (4-pack) + iPhone,1
2019-04-09,192681,Google Phone,Wired Headphones,Google Phone + Wired Headphones,1
2019-04-19,192727,27in 4K Gaming Monitor,Macbook Pro Laptop,27in 4K Gaming Monitor + Macbook Pro Laptop,1
2019-04-10,192797,Apple Airpods Headphones,iPhone,Apple Airpods Headphones + iPhone,1
2019-04-09,192798,USB-C Charging Cable,Vareebadd Phone,USB-C Charging Cable + Vareebadd Phone,1
2019-04-21,192814,AAA Batteries (4-pack),Macbook Pro Laptop,AAA Batteries (4-pack) + Macbook Pro Laptop,1
2019-04-08,192820,AA Batteries (4-pack),Lightning Charging Cable,AA Batteries (4-pack) + Lightning Charging Cable,1
2019-04-25,192878,Lightning Charging Cable,iPhone,Lightning Charging Cable + iPhone,1
2019-04-29,192897,AAA Batteries (4-pack),Apple Airpods Headphones,AAA Batteries (4-pack) + Apple Airpods Headphones,1
2019-04-29,192917,AAA Batteries (4-pack),USB-C Charging Cable,AAA Batteries (4-pack) + USB-C Charging Cable,1
2019-04-27,192956,Google Phone,Wired Headphones,Google Phone + Wired Headphones,1
2019-04-25,192998,Wired Headphones,iPhone,Wired Headphones + iPhone,1
2019-04-21,193051,Macbook Pro Laptop,USB-C Charging Cable,Macbook Pro Laptop + USB-C Charging Cable,1
2019-04-10,193073,Lightning Charging Cable,iPhone,Lightning Charging Cable + iPhone,1
2019-04-30,193128,27in FHD Monitor,USB-C Charging Cable,27in FHD Monitor + USB-C Charging Cable,1
2019-04-12,193132,USB-C Charging Cable,Vareebadd Phone,USB-C Charging Cable + Vareebadd Phone,1
2019-04-30,193149,Wired Headphones,iPhone,Wired Headphones + iPhone,1
2019-04-26,193163,Wired Headphones,iPhone,Wired Headphones + iPhone,1
2019-04-08,193184,AAA Batteries (4-pack),Lightning Charging Cable,AAA Batteries (4-pack) + Lightning Charging Cable,1
2019-04-04,193195,Google Phone,USB-C Charging Cable,Google Phone + USB-C Charging Cable,1
2019-04-14,193218,Bose SoundSport Headphones,Google Phone,Bose SoundSport Headphones + Google Phone,1
2019-04-20,193261,Wired Headphones,iPhone,Wired Headphones + iPhone,1
2019-04-04,193276,Bose SoundSport Headphones,USB-C Charging Cable,Bose SoundSport Headphones + USB-C Charging Cable,1
2019-04-11,193324,AAA Batteries (4-pack),Apple Airpods Headphones,AAA Batteries (4-pack) + Apple Airpods Headphones,1
2019-04-07,193349,USB-C Charging Cable,Vareebadd Phone,USB-C Charging Cable + Vareebadd Phone,1
2019-04-26,193360,AA Batteries (4-pack),Vareebadd Phone,AA Batteries (4-pack) + Vareebadd Phone,1
2019-04-15,193379,USB-C Charging Cable,Vareebadd Phone,USB-C Charging Cable + Vareebadd Phone,1
2019-04-25,193384,USB-C Charging Cable,Vareebadd Phone,USB-C Charging Cable + Vareebadd Phone,1
2019-04-04,193391,AAA Batteries (4-pack),Flatscreen TV,AAA Batteries (4-pack) + Flatscreen TV,1
2019-04-25,193398,Google Phone,USB-C Charging Cable,Google Phone + USB-C Charging Cable,1
2019-04-19,193404,AA Batteries (4-pack),Macbook Pro Laptop,AA Batteries (4-pack) + Macbook Pro Laptop,1
2019-04-18,193405,Lightning Charging Cable,iPhone,Lightning Charging Cable + iPhone,1
2019-04-13,193451,Wired Headphones,iPhone,Wired Headphones + iPhone,1
2019-04-19,193507,34in Ultrawide Monitor,iPhone,34in Ultrawide Monitor + iPhone,1
2019-04-07,193508,USB-C Charging Cable,Wired Headphones,USB-C Charging Cable + Wired Headphones,1
2019-04-21,193511,Bose SoundSport Headphones,Google Phone,Bose SoundSport Headphones + Google Phone,1
2019-04-21,193511,Bose SoundSport Headphones,USB-C Charging Cable,Bose SoundSport Headphones + USB-C Charging Cable,1
2019-04-21,193511,Bose SoundSport Headphones,Wired Headphones,Bose SoundSport Headphones + Wired Headphones,1
2019-04-21,193511,Google Phone,USB-C Charging Cable,Google Phone + USB-C Charging Cable,1
2019-04-21,193511,Google Phone,Wired Headphones,Google Phone + Wired Headphones,1
2019-04-21,193511,USB-C Charging Cable,Wired Headphones,USB-C Charging Cable + Wired Headphones,1
2019-04-15,193513,Bose SoundSport Headphones,USB-C Charging Cable,Bose SoundSport Headphones + USB-C Charging Cable,1
2019-04-04,193545,Vareebadd Phone,iPhone,Vareebadd Phone + iPhone,1
2019-04-02,193615,Bose SoundSport Headphones,Vareebadd Phone,Bose SoundSport Headphones + Vareebadd Phone,1
2019-04-06,193616,AA Batteries (4-pack),Lightning Charging Cable,AA Batteries (4-pack) + Lightning Charging Cable,1
2019-04-11,193631,Google Phone,USB-C Charging Cable,Google Phone + USB-C Charging Cable,1
2019-04-27,193640,34in Ultrawide Monitor,Wired Headphones,34in Ultrawide Monitor + Wired Headphones,1
2019-04-04,193643,Apple Airpods Headphones,Lightning Charging Cable,Apple Airpods Headphones + Lightning Charging Cable,1
2019-04-04,193643,Apple Airpods Headphones,iPhone,Apple Airpods Headphones + iPhone,1
2019-04-04,193643,Lightning Charging Cable,iPhone,Lightning Charging Cable + iPhone,1
2019-04-12,193647,AAA Batteries (4-pack),Apple Airpods Headphones,AAA Batteries (4-pack) + Apple Airpods Headphones,1
2019-04-21,193653,Google Phone,USB-C Charging Cable,Google Phone + USB-C Charging Cable,1
2019-04-27,193787,Apple Airpods Headphones,Wired Headphones,Apple Airpods Headphones + Wired Headphones,1
2019-04-27,193787,Apple Airpods Headphones,iPhone,Apple Airpods Headphones + iPhone,1
2019-04-27,193787,Wired Headphones,iPhone,Wired Headphones + iPhone,1
2019-04-21,193789,Google Phone,USB-C Charging Cable,Google Phone + USB-C Charging Cable,1
2019-04-20,193849,27in 4K Gaming Monitor,Apple Airpods Headphones,27in 4K Gaming Monitor + Apple Airpods Headphones,1
2019-04-17,193860,Google Phone,USB-C Charging Cable,Google Phone + USB-C Charging Cable,1
2019-04-17,193865,AA Batteries (4-pack),Bose SoundSport Headphones,AA Batteries (4-pack) + Bose SoundSport Headphones,1
2019-04-25,193878,AA Batteries (4-pack),AAA Batteries (4-pack),AA Batteries (4-pack) + AAA Batteries (4-pack),1
2019-04-06,193903,Apple Airpods Headphones,iPhone,Apple Airpods Headphones + iPhone,1
2019-04-09,193927,Apple Airpods Headphones,iPhone,Apple Airpods Headphones + iPhone,1
2019-04-25,193961,Google Phone,USB-C Charging Cable,Google Phone + USB-C Charging Cable,1
2019-04-25,193961,Google Phone,Wired Headphones,Google Phone + Wired Headphones,1
2019-04-25,193961,USB-C Charging Cable,Wired Headphones,USB-C Charging Cable + Wired Headphones,1
2019-04-02,193968,Google Phone,USB-C Charging Cable,Google Phone + USB-C Charging Cable,1
2019-04-28,193994,Google Phone,USB-C Charging Cable,Google Phone + USB-C Charging Cable,1
2019-04-12,194008,AA Batteries (4-pack),Wired Headphones,AA Batteries (4-pack) + Wired Headphones,1
2019-04-29,194021,Google Phone,Wired Headphones,Google Phone + Wired Headphones,1
2019-04-27,194050,AA Batteries (4-pack),USB-C Charging Cable,AA Batteries (4-pack) + USB-C Charging Cable,1
2019-04-10,194056,Lightning Charging Cable,iPhone,Lightning Charging Cable + iPhone,1
2019-04-14,194061,Lightning Charging Cable,iPhone,Lightning Charging Cable + iPhone,1
2019-05-31,194110,Google Phone,Wired Headphones,Google Phone + Wired Headphones,1
2019-05-30,194170,Google Phone,USB-C Charging Cable,Google Phone + USB-C Charging Cable,1
2019-05-04,194174,Lightning Charging Cable,Wired Headphones,Lightning Charging Cable + Wired Headphones,1
2019-05-04,194174,Lightning Charging Cable,iPhone,Lightning Charging Cable + iPhone,1
2019-05-04,194174,Wired Headphones,iPhone,Wired Headphones + iPhone,1
2019-05-10,194179,AAA Batteries (4-pack),Flatscreen TV,AAA Batteries (4-pack) + Flatscreen TV,1
2019-05-14,194192,Bose SoundSport Headphones,Wired Headphones,Bose SoundSport Headphones + Wired Headphones,1
2019-05-10,194203,Lightning Charging Cable,iPhone,Lightning Charging Cable + iPhone,1
2019-05-26,194205,Wired Headphones,iPhone,Wired Headphones + iPhone,1
2019-05-07,194253,Lightning Charging Cable,USB-C Charging Cable,Lightning Charging Cable + USB-C Charging Cable,1
2019-05-07,194253,Lightning Charging Cable,Wired Headphones,Lightning Charging Cable + Wired Headphones,1
2019-05-07,194253,Lightning Charging Cable,iPhone,Lightning Charging Cable + iPhone,1
2019-05-07,194253,USB-C Charging Cable,Wired Headphones,USB-C Charging Cable + Wired Headphones,1
2019-05-07,194253,USB-C Charging Cable,iPhone,USB-C Charging Cable + iPhone,1
2019-05-07,194253,Wired Headphones,iPhone,Wired Headphones + iPhone,1
2019-05-31,194294,Bose SoundSport Headphones,Macbook Pro Laptop,Bose SoundSport Headphones + Macbook Pro Laptop,1
2019-05-04,194314,Google Phone,USB-C Charging Cable,Google Phone + USB-C Charging Cable,1
2019-05-04,194314,Google Phone,Wired Headphones,Google Phone + Wired Headphones,1
2019-05-04,194314,USB-C Charging Cable,Wired Headphones,USB-C Charging Cable + Wired Headphones,1
2019-05-17,194320,Lightning Charging Cable,iPhone,Lightning Charging Cable + iPhone,1
2019-05-28,194343,AA Batteries (4-pack),AAA Batteries (4-pack),AA Batteries (4-pack) + AAA Batteries (4-pack),1
2019-05-29,194370,ThinkPad Laptop,iPhone,ThinkPad Laptop + iPhone,1
2019-05-23,194378,Bose SoundSport Headphones,Google Phone,Bose SoundSport Headphones + Google Phone,1
2019-05-20,194382,Bose SoundSport Headphones,Vareebadd Phone,Bose SoundSport Headphones + Vareebadd Phone,1
2019-05-03,194416,Google Phone,USB-C Charging Cable,Google Phone + USB-C Charging Cable,1
2019-05-04,194426,Bose SoundSport Headphones,Google Phone,Bose SoundSport Headphones + Google Phone,1
2019-05-09,194474,USB-C Charging Cable,Wired Headphones,USB-C Charging Cable + Wired Headphones,1
2019-05-22,194494,Google Phone,Wired Headphones,Google Phone + Wired Headphones,1
2019-05-24,194509,Apple Airpods Headphones,Lightning Charging Cable,Apple Airpods Headphones + Lightning Charging Cable,1
2019-05-26,194511,Google Phone,USB-C Charging Cable,Google Phone + USB-C Charging Cable,1
2019-05-02,194566,Bose SoundSport Headphones,Google Phone,Bose SoundSport Headphones + Google Phone,1
2019-05-10,194575,AA Batteries (4-pack),AAA Batteries (4-pack),AA Batteries (4-pack) + AAA Batteries (4-pack),1
2019-05-27,194588,AAA Batteries (4-pack),ThinkPad Laptop,AAA Batteries (4-pack) + ThinkPad Laptop,1
2019-05-22,194600,27in FHD Monitor,Lightning Charging Cable,27in FHD Monitor + Lightning Charging Cable,1
2019-05-20,194710,AA Batteries (4-pack),Wired Headphones,AA Batteries (4-pack) + Wired Headphones,1
2019-05-09,194731,AAA Batteries (4-pack),Wired Headphones,AAA Batteries (4-pack) + Wired Headphones,1
2019-05-31,194749,Lightning Charging Cable,Wired Headphones,Lightning Charging Cable + Wired Headphones,1
2019-05-26,194754,34in Ultrawide Monitor,Bose SoundSport Headphones,34in Ultrawide Monitor + Bose SoundSport Headphones,1
2019-05-20,194762,20in Monitor,AAA Batteries (4-pack),20in Monitor + AAA Batteries (4-pack),1
2019-05-30,194774,27in FHD Monitor,Vareebadd Phone,27in FHD Monitor + Vareebadd Phone,1
2019-05-29,194780,Google Phone,Wired Headphones,Google Phone + Wired Headphones,1
2019-05-17,194786,27in 4K Gaming Monitor,Apple Airpods Headphones,27in 4K Gaming Monitor + Apple Airpods Headphones,1
2019-05-09,194791,20in Monitor,Wired Headphones,20in Monitor + Wired Headphones,1
2019-05-23,194815,AA Batteries (4-pack),USB-C Charging Cable,AA Batteries (4-pack) + USB-C Charging Cable,1
2019-05-13,194823,Lightning Charging Cable,iPhone,Lightning Charging Cable + iPhone,1
2019-05-04,194840,Google Phone,Wired Headphones,Google Phone + Wired Headphones,1
2019-05-27,194854,Google Phone,Wired Headphones,Google Phone + Wired Headphones,1
2019-05-15,194894,Lightning Charging Cable,iPhone,Lightning Charging Cable + iPhone,1
2019-05-14,194909,Lightning Charging Cable,iPhone,Lightning Charging Cable + iPhone,1
2019-05-22,194927,AAA Batteries (4-pack),Wired Headphones,AAA Batteries (4-pack) + Wired Headphones,1
2019-05-04,194935,Lightning Charging Cable,iPhone,Lightning Charging Cable + iPhone,1
2019-05-12,194974,AA Batteries (4-pack),Apple Airpods Headphones,AA Batteries (4-pack) + Apple Airpods Headphones,1
2019-05-08,195005,Vareebadd Phone,Wired Headphones,Vareebadd Phone + Wired Headphones,1
2019-05-06,195019,27in FHD Monitor,Lightning Charging Cable,27in FHD Monitor + Lightning Charging Cable,1
2019-05-27,195059,27in FHD Monitor,Wired Headphones,27in FHD Monitor + Wired Headphones,1
2019-05-16,195066,Lightning Charging Cable,iPhone,Lightning Charging Cable + iPhone,1
2019-05-23,195097,Apple Airpods Headphones,Lightning Charging Cable,Apple Airpods Headphones + Lightning Charging Cable,1
2019-05-23,195097,Apple Airpods Headphones,iPhone,Apple Airpods Headphones + iPhone,1
2019-05-23,195097,Lightning Charging Cable,iPhone,Lightning Charging Cable + iPhone,1
2019-05-07,195104,Lightning Charging Cable,iPhone,Lightning Charging Cable + iPhone,1
2019-05-17,195123,27in 4K Gaming Monitor,AAA Batteries (4-pack),27in 4K Gaming Monitor + AAA Batteries (4-pack),1
2019-05-29,195124,Wired Headphones,iPhone,Wired Headphones + iPhone,1
2019-05-31,195136,AA Batteries (4-pack),Vareebadd Phone,AA Batteries (4-pack) + Vareebadd Phone,1
2019-05-05,195188,AAA Batteries (4-pack),Bose SoundSport Headphones,AAA Batteries (4-pack) + Bose SoundSport Headphones,1
2019-05-21,195192,AA Batteries (4-pack),Macbook Pro Laptop,AA Batteries (4-pack) + Macbook Pro Laptop,1
2019-05-13,195224,Lightning Charging Cable,iPhone,Lightning Charging Cable + iPhone,1
2019-05-11,195247,Lightning Charging Cable,iPhone,Lightning Charging Cable + iPhone,1
2019-05-04,195256,Google Phone,USB-C Charging Cable,Google Phone + USB-C Charging Cable,1
2019-05-28,195283,Lightning Charging Cable,iPhone,Lightning Charging Cable + iPhone,1
2019-05-16,195296,Bose SoundSport Headphones,ThinkPad Laptop,Bose SoundSport Headphones + ThinkPad Laptop,1
2019-05-03,195328,Google Phone,USB-C Charging Cable,Google Phone + USB-C Charging Cable,1
2019-05-29,195377,Google Phone,USB-C Charging Cable,Google Phone + USB-C Charging Cable,1
2019-05-02,195404,Apple Airpods Headphones,Google Phone,Apple Airpods Headphones + Google Phone,1
2019-05-28,195405,Lightning Charging Cable,iPhone,Lightning Charging Cable + iPhone,1
2019-05-05,195417,Bose SoundSport Headphones,Vareebadd Phone,Bose SoundSport Headphones + Vareebadd Phone,1
2019-05-05,195426,Lightning Charging Cable,iPhone,Lightning Charging Cable + iPhone,1
2019-05-08,195461,Wired Headphones,iPhone,Wired Headphones + iPhone,1
2019-05-30,195468,27in FHD Monitor,AAA Batteries (4-pack),27in FHD Monitor + AAA Batteries (4-pack),1
2019-05-19,195475,Lightning Charging Cable,Wired Headphones,Lightning Charging Cable + Wired Headphones,1
2019-05-19,195475,Lightning Charging Cable,iPhone,Lightning Charging Cable + iPhone,1
2019-05-19,195475,Wired Headphones,iPhone,Wired Headphones + iPhone,1
2019-05-08,195486,Google Phone,USB-C Charging Cable,Google Phone + USB-C Charging Cable,1
2019-05-24,195487,Lightning Charging Cable,iPhone,Lightning Charging Cable + iPhone,1
2019-05-20,195557,Lightning Charging Cable,Wired Headphones,Lightning Charging Cable + Wired Headphones,1
2019-05-20,195557,Lightning Charging Cable,iPhone,Lightning Charging Cable + iPhone,1
2019-05-20,195557,Wired Headphones,iPhone,Wired Headphones + iPhone,1
2019-05-18,195619,AAA Batteries (4-pack),Apple Airpods Headphones,AAA Batteries (4-pack) + Apple Airpods Headphones,1
2019-05-22,195646,Bose SoundSport Headphones,Lightning Charging Cable,Bose SoundSport Headphones + Lightning Charging Cable,1
2019-05-13,195686,Apple Airpods Headphones,Wired Headphones,Apple Airpods Headphones + Wired Headphones,1
2019-05-22,195700,Google Phone,USB-C Charging Cable,Google Phone + USB-C Charging Cable,1
2019-05-05,195714,27in FHD Monitor,AAA Batteries (4-pack),27in FHD Monitor + AAA Batteries (4-pack),1
2019-05-12,195753,Google Phone,USB-C Charging Cable,Google Phone + USB-C Charging Cable,1
2019-05-12,195753,Google Phone,Wired Headphones,Google Phone + Wired Headphones,1
2019-05-12,195753,USB-C Charging Cable,Wired Headphones,USB-C Charging Cable + Wired Headphones,1
2019-05-13,195756,Bose SoundSport Headphones,Wired Headphones,Bose SoundSport Headphones + Wired Headphones,1
2019-05-10,195758,Vareebadd Phone,Wired Headphones,Vareebadd Phone + Wired Headphones,1
2019-05-11,195759,Google Phone,USB-C Charging Cable,Google Phone + USB-C Charging Cable,1
2019-05-30,195771,Wired Headphones,iPhone,Wired Headphones + iPhone,1
2019-05-15,195785,Lightning Charging Cable,USB-C Charging Cable,Lightning Charging Cable + USB-C Charging Cable,1
2019-05-04,195787,27in 4K Gaming Monitor,Lightning Charging Cable,27in 4K Gaming Monitor + Lightning Charging Cable,1
2019-05-16,195832,Google Phone,iPhone,Google Phone + iPhone,1
2019-05-24,195870,Apple Airpods Headphones,iPhone,Apple Airpods Headphones + iPhone,1
2019-05-27,195877,Bose SoundSport Headphones,Wired Headphones,Bose SoundSport Headphones + Wired Headphones,1
2019-05-03,195883,Google Phone,USB-C Charging Cable,Google Phone + USB-C Charging Cable,1
2019-05-25,195908,27in 4K Gaming Monitor,ThinkPad Laptop,27in 4K Gaming Monitor + ThinkPad Laptop,1
2019-05-12,195910,27in FHD Monitor,AA Batteries (4-pack),27in FHD Monitor + AA Batteries (4-pack),1
2019-05-02,195920,USB-C Charging Cable,Vareebadd Phone,USB-C Charging Cable + Vareebadd Phone,1
2019-05-16,196014,Apple Airpods Headphones,Lightning Charging Cable,Apple Airpods Headphones + Lightning Charging Cable,1
2019-05-16,196014,Apple Airpods Headphones,iPhone,Apple Airpods Headphones + iPhone,1
2019-05-16,196014,Lightning Charging Cable,iPhone,Lightning Charging Cable + iPhone,1
2019-05-07,196024,Lightning Charging Cable,iPhone,Lightning Charging Cable + iPhone,1
2019-05-19,196061,Google Phone,USB-C Charging Cable,Google Phone + USB-C Charging Cable,1
2019-05-15,196090,Apple Airpods Headphones,iPhone,Apple Airpods Headphones + iPhone,1
2019-05-12,196123,USB-C Charging Cable,Vareebadd Phone,USB-C Charging Cable + Vareebadd Phone,1
2019-05-06,196128,Google Phone,USB-C Charging Cable,Google Phone + USB-C Charging Cable,1
2019-05-23,196136,Lightning Charging Cable,iPhone,Lightning Charging Cable + iPhone,1
2019-05-07,196165,Google Phone,USB-C Charging Cable,Google Phone + USB-C Charging Cable,1
2019-05-29,196260,AA Batteries (4-pack),Wired Headphones,AA Batteries (4-pack) + Wired Headphones,1
2019-05-25,196311,Google Phone,Wired Headphones,Google Phone + Wired Headphones,1
2019-05-13,196327,Google Phone,Wired Headphones,Google Phone + Wired Headphones,1
2019-05-17,196368,Bose SoundSport Headphones,Google Phone,Bose SoundSport Headphones + Google Phone,1
2019-05-26,196386,34in Ultrawide Monitor,USB-C Charging Cable,34in Ultrawide Monitor + USB-C Charging Cable,1
2019-05-24,196395,Google Phone,USB-C Charging Cable,Google Phone + USB-C Charging Cable,1
2019-05-12,196447,Lightning Charging Cable,iPhone,Lightning Charging Cable + iPhone,1
2019-05-10,196469,USB-C Charging Cable,Wired Headphones,USB-C Charging Cable + Wired Headphones,1
2019-05-09,196478,ThinkPad Laptop,Wired Headphones,ThinkPad Laptop + Wired Headphones,1
2019-05-01,196493,AAA Batteries (4-pack),Lightning Charging Cable,AAA Batteries (4-pack) + Lightning Charging Cable,1
2019-05-15,196584,Wired Headphones,iPhone,Wired Headphones + iPhone,1
2019-05-15,196607,34in Ultrawide Monitor,Lightning Charging Cable,34in Ultrawide Monitor + Lightning Charging Cable,1
2019-05-08,196615,Bose SoundSport Headphones,Google Phone,Bose SoundSport Headphones + Google Phone,1
2019-05-08,196615,Bose SoundSport Headphones,USB-C Charging Cable,Bose SoundSport Headphones + USB-C Charging Cable,1
2019-05-08,196615,Bose SoundSport Headphones,Wired Headphones,Bose SoundSport Headphones + Wired Headphones,1
2019-05-08,196615,Google Phone,USB-C Charging Cable,Google Phone + USB-C Charging Cable,1
2019-05-08,196615,Google Phone,Wired Headphones,Google Phone + Wired Headphones,1
2019-05-08,196615,USB-C Charging Cable,Wired Headphones,USB-C Charging Cable + Wired Headphones,1
2019-05-05,196654,Wired Headphones,iPhone,Wired Headphones + iPhone,1
2019-05-23,196697,Google Phone,USB-C Charging Cable,Google Phone + USB-C Charging Cable,1
2019-05-09,196721,Google Phone,Wired Headphones,Google Phone + Wired Headphones,1
2019-05-05,196737,Lightning Charging Cable,iPhone,Lightning Charging Cable + iPhone,1
2019-05-09,196777,20in Monitor,Bose SoundSport Headphones,20in Monitor + Bose SoundSport Headphones,1
2019-05-18,196778,Apple Airpods Headphones,Flatscreen TV,Apple Airpods Headphones + Flatscreen TV,1
2019-05-19,196792,Google Phone,USB-C Charging Cable,Google Phone + USB-C Charging Cable,1
2019-05-16,196801,34in Ultrawide Monitor,Apple Airpods Headphones,34in Ultrawide Monitor + Apple Airpods Headphones,1
2019-05-12,196868,27in 4K Gaming Monitor,Macbook Pro Laptop,27in 4K Gaming Monitor + Macbook Pro Laptop,1
2019-05-22,196872,27in FHD Monitor,Apple Airpods Headphones,27in FHD Monitor + Apple Airpods Headphones,1
2019-05-16,196875,Apple Airpods Headphones,USB-C Charging Cable,Apple Airpods Headphones + USB-C Charging Cable,1
2019-05-24,196917,AA Batteries (4-pack),USB-C Charging Cable,AA Batteries (4-pack) + USB-C Charging Cable,1
2019-05-10,196920,Lightning Charging Cable,USB-C Charging Cable,Lightning Charging Cable + USB-C Charging Cable,1
2019-05-03,196985,Google Phone,Wired Headphones,Google Phone + Wired Headphones,1
2019-05-29,196990,AA Batteries (4-pack),iPhone,AA Batteries (4-pack) + iPhone,1
2019-05-31,197004,20in Monitor,AA Batteries (4-pack),20in Monitor + AA Batteries (4-pack),1
2019-05-09,197041,Google Phone,USB-C Charging Cable,Google Phone + USB-C Charging Cable,1
2019-05-14,197082,Bose SoundSport Headphones,Google Phone,Bose SoundSport Headphones + Google Phone,1
2019-05-14,197082,Bose SoundSport Headphones,Wired Headphones,Bose SoundSport Headphones + Wired Headphones,1
2019-05-14,197082,Google Phone,Wired Headphones,Google Phone + Wired Headphones,1
2019-05-29,197099,Google Phone,USB-C Charging Cable,Google Phone + USB-C Charging Cable,1
2019-05-16,197118,Bose SoundSport Headphones,Google Phone,Bose SoundSport Headphones + Google Phone,1
2019-05-23,197124,Vareebadd Phone,Wired Headphones,Vareebadd Phone + Wired Headphones,1
2019-05-23,197181,Bose SoundSport Headphones,iPhone,Bose SoundSport Headphones + iPhone,1
2019-05-24,197209,Lightning Charging Cable,iPhone,Lightning Charging Cable + iPhone,1
2019-05-25,197273,Lightning Charging Cable,iPhone,Lightning Charging Cable + iPhone,1
2019-05-09,197280,Apple Airpods Headphones,iPhone,Apple Airpods Headphones + iPhone,1
2019-05-03,197288,Apple Airpods Headphones,iPhone,Apple Airpods Headphones + iPhone,1
2019-05-19,197318,AA Batteries (4-pack),Wired Headphones,AA Batteries (4-pack) + Wired Headphones,1
2019-05-04,197356,Google Phone,USB-C Charging Cable,Google Phone + USB-C Charging Cable,1
2019-05-01,197367,USB-C Charging Cable,Vareebadd Phone,USB-C Charging Cable + Vareebadd Phone,1
2019-05-10,197372,Bose SoundSport Headphones,Lightning Charging Cable,Bose SoundSport Headphones + Lightning Charging Cable,1
2019-05-14,197453,Apple Airpods Headphones,Vareebadd Phone,Apple Airpods Headphones + Vareebadd Phone,1
2019-05-08,197466,27in 4K Gaming Monitor,AAA Batteries (4-pack),27in 4K Gaming Monitor + AAA Batteries (4-pack),1
2019-05-30,197473,USB-C Charging Cable,Vareebadd Phone,USB-C Charging Cable + Vareebadd Phone,1
2019-05-06,197493,Lightning Charging Cable,iPhone,Lightning Charging Cable + iPhone,1
2019-05-05,197507,Google Phone,USB-C Charging Cable,Google Phone + USB-C Charging Cable,1
2019-05-03,197525,Lightning Charging Cable,iPhone,Lightning Charging Cable + iPhone,1
2019-05-27,197578,Google Phone,Wired Headphones,Google Phone + Wired Headphones,1
2019-05-10,197581,AAA Batteries (4-pack),USB-C Charging Cable,AAA Batteries (4-pack) + USB-C Charging Cable,1
2019-05-19,197601,Apple Airpods Headphones,iPhone,Apple Airpods Headphones + iPhone,1
2019-05-22,197656,Lightning Charging Cable,iPhone,Lightning Charging Cable + iPhone,1
2019-05-07,197677,Wired Headphones,iPhone,Wired Headphones + iPhone,1
2019-05-17,197722,Lightning Charging Cable,iPhone,Lightning Charging Cable + iPhone,1
2019-05-08,197726,34in Ultrawide Monitor,Macbook Pro Laptop,34in Ultrawide Monitor + Macbook Pro Laptop,1
2019-05-30,197786,Google Phone,USB-C Charging Cable,Google Phone + USB-C Charging Cable,1
2019-05-23,197798,Google Phone,USB-C Charging Cable,Google Phone + USB-C Charging Cable,1
2019-05-16,197812,Apple Airpods Headphones,iPhone,Apple Airpods Headphones + iPhone,1
2019-05-07,197813,27in FHD Monitor,Apple Airpods Headphones,27in FHD Monitor + Apple Airpods Headphones,1
2019-05-17,197841,AAA Batteries (4-pack),Apple Airpods Headphones,AAA Batteries (4-pack) + Apple Airpods Headphones,1
2019-05-03,197852,AAA Batteries (4-pack),Google Phone,AAA Batteries (4-pack) + Google Phone,1
2019-05-03,197852,AAA Batteries (4-pack),USB-C Charging Cable,AAA Batteries (4-pack) + USB-C Charging Cable,1
2019-05-03,197852,Google Phone,USB-C Charging Cable,Google Phone + USB-C Charging Cable,1
2019-05-01,197900,27in FHD Monitor,AA Batteries (4-pack),27in FHD Monitor + AA Batteries (4-pack),1
2019-05-12,197901,Google Phone,USB-C Charging Cable,Google Phone + USB-C Charging Cable,1
2019-05-10,197905,20in Monitor,Lightning Charging Cable,20in Monitor + Lightning Charging Cable,1
2019-05-07,197954,Google Phone,USB-C Charging Cable,Google Phone + USB-C Charging Cable,1
2019-05-20,197977,AA Batteries (4-pack),Wired Headphones,AA Batteries (4-pack) + Wired Headphones,1
2019-05-17,197978,Google Phone,Wired Headphones,Google Phone + Wired Headphones,1
2019-05-21,197987,34in Ultrawide Monitor,USB-C Charging Cable,34in Ultrawide Monitor + USB-C Charging Cable,1
2019-05-21,197995,Vareebadd Phone,Wired Headphones,Vareebadd Phone + Wired Headphones,1
2019-05-11,198005,AAA Batteries (4-pack),Bose SoundSport Headphones,AAA Batteries (4-pack) + Bose SoundSport Headphones,1
2019-05-13,198016,27in 4K Gaming Monitor,Apple Airpods Headphones,27in 4K Gaming Monitor + Apple Airpods Headphones,1
2019-05-16,198025,Google Phone,USB-C Charging Cable,Google Phone + USB-C Charging Cable,1
2019-05-08,198042,Google Phone,USB-C Charging Cable,Google Phone + USB-C Charging Cable,1
2019-05-07,198046,Bose SoundSport Headphones,Lightning Charging Cable,Bose SoundSport Headphones + Lightning Charging Cable,1
2019-05-10,198054,Lightning Charging Cable,iPhone,Lightning Charging Cable + iPhone,1
2019-05-26,198059,Vareebadd Phone,Wired Headphones,Vareebadd Phone + Wired Headphones,1
2019-05-16,198060,Lightning Charging Cable,USB-C Charging Cable,Lightning Charging Cable + USB-C Charging Cable,1
2019-05-13,198075,Lightning Charging Cable,iPhone,Lightning Charging Cable + iPhone,1
2019-05-16,198078,Bose SoundSport Headphones,USB-C Charging Cable,Bose SoundSport Headphones + USB-C Charging Cable,1
2019-05-29,198094,USB-C Charging Cable,Vareebadd Phone,USB-C Charging Cable + Vareebadd Phone,1
2019-05-18,198141,Apple Airpods Headphones,USB-C Charging Cable,Apple Airpods Headphones + USB-C Charging Cable,1
2019-05-06,198190,Wired Headphones,iPhone,Wired Headphones + iPhone,1
2019-05-06,198204,AA Batteries (4-pack),Lightning Charging Cable,AA Batteries (4-pack) + Lightning Charging Cable,1
2019-05-24,198215,AAA Batteries (4-pack),Google Phone,AAA Batteries (4-pack) + Google Phone,1
2019-05-29,198238,27in FHD Monitor,AA Batteries (4-pack),27in FHD Monitor + AA Batteries (4-pack),1
2019-05-21,198251,Google Phone,Wired Headphones,Google Phone + Wired Headphones,1
2019-05-13,198300,Flatscreen TV,iPhone,Flatscreen TV + iPhone,1
2019-05-07,198307,Lightning Charging Cable,iPhone,Lightning Charging Cable + iPhone,1
2019-05-08,198313,Lightning Charging Cable,iPhone,Lightning Charging Cable + iPhone,1
2019-05-08,198368,27in FHD Monitor,ThinkPad Laptop,27in FHD Monitor + ThinkPad Laptop,1
2019-05-20,198453,AAA Batteries (4-pack),Bose SoundSport Headphones,AAA Batteries (4-pack) + Bose SoundSport Headphones,1
2019-05-18,198460,AAA Batteries (4-pack),Lightning Charging Cable,AAA Batteries (4-pack) + Lightning Charging Cable,1
2019-05-22,198461,27in 4K Gaming Monitor,USB-C Charging Cable,27in 4K Gaming Monitor + USB-C Charging Cable,1
2019-05-01,198480,Lightning Charging Cable,iPhone,Lightning Charging Cable + iPhone,1
2019-05-03,198509,USB-C Charging Cable,Wired Headphones,USB-C Charging Cable + Wired Headphones,1
2019-05-13,198514,Google Phone,USB-C Charging Cable,Google Phone + USB-C Charging Cable,1
2019-05-27,198517,Bose SoundSport Headphones,USB-C Charging Cable,Bose SoundSport Headphones + USB-C Charging Cable,1
2019-05-18,198602,Google Phone,USB-C Charging Cable,Google Phone + USB-C Charging Cable,1
2019-05-20,198606,Lightning Charging Cable,iPhone,Lightning Charging Cable + iPhone,1
2019-05-28,198661,AAA Batteries (4-pack),Google Phone,AAA Batteries (4-pack) + Google Phone,1
2019-05-27,198677,Lightning Charging Cable,iPhone,Lightning Charging Cable + iPhone,1
2019-05-16,198682,USB-C Charging Cable,Vareebadd Phone,USB-C Charging Cable + Vareebadd Phone,1
2019-05-02,198699,Bose SoundSport Headphones,Google Phone,Bose SoundSport Headphones + Google Phone,1
2019-05-03,198707,AA Batteries (4-pack),Wired Headphones,AA Batteries (4-pack) + Wired Headphones,1
2019-05-30,198715,Google Phone,USB-C Charging Cable,Google Phone + USB-C Charging Cable,1
2019-05-09,198752,AAA Batteries (4-pack),USB-C Charging Cable,AAA Batteries (4-pack) + USB-C Charging Cable,1
2019-05-03,198775,AA Batteries (4-pack),Apple Airpods Headphones,AA Batteries (4-pack) + Apple Airpods Headphones,1
2019-05-08,198795,AAA Batteries (4-pack),Google Phone,AAA Batteries (4-pack) + Google Phone,1
2019-05-28,198811,27in 4K Gaming Monitor,Apple Airpods Headphones,27in 4K Gaming Monitor + Apple Airpods Headphones,1
2019-05-04,198847,Apple Airpods Headphones,Wired Headphones,Apple Airpods Headphones + Wired Headphones,1
2019-05-26,198982,Lightning Charging Cable,iPhone,Lightning Charging Cable + iPhone,1
2019-05-30,198996,Wired Headphones,iPhone,Wired Headphones + iPhone,1
2019-05-15,199017,AAA Batteries (4-pack),Apple Airpods Headphones,AAA Batteries (4-pack) + Apple Airpods Headphones,1
2019-05-11,199018,Wired Headphones,iPhone,Wired Headphones + iPhone,1
2019-05-12,199064,Google Phone,USB-C Charging Cable,Google Phone + USB-C Charging Cable,1
2019-05-25,199211,Lightning Charging Cable,iPhone,Lightning Charging Cable + iPhone,1
2019-05-08,199230,Vareebadd Phone,iPhone,Vareebadd Phone + iPhone,1
2019-05-01,199275,Google Phone,USB-C Charging Cable,Google Phone + USB-C Charging Cable,1
2019-05-27,199282,Bose SoundSport Headphones,Google Phone,Bose SoundSport Headphones + Google Phone,1
2019-05-27,199282,Bose SoundSport Headphones,USB-C Charging Cable,Bose SoundSport Headphones + USB-C Charging Cable,1
2019-05-27,199282,Google Phone,USB-C Charging Cable,Google Phone + USB-C Charging Cable,1
2019-05-28,199304,Bose SoundSport Headphones,Lightning Charging Cable,Bose SoundSport Headphones + Lightning Charging Cable,1
2019-05-17,199314,Apple Airpods Headphones,Lightning Charging Cable,Apple Airpods Headphones + Lightning Charging Cable,1
2019-05-17,199314,Apple Airpods Headphones,iPhone,Apple Airpods Headphones + iPhone,1
2019-05-17,199314,Lightning Charging Cable,iPhone,Lightning Charging Cable + iPhone,1
2019-05-22,199331,USB-C Charging Cable,Vareebadd Phone,USB-C Charging Cable + Vareebadd Phone,1
2019-05-17,199334,Lightning Charging Cable,iPhone,Lightning Charging Cable + iPhone,1
2019-05-27,199339,Google Phone,USB-C Charging Cable,Google Phone + USB-C Charging Cable,1
2019-05-17,199346,27in FHD Monitor,USB-C Charging Cable,27in FHD Monitor + USB-C Charging Cable,1
2019-05-29,199369,Google Phone,USB-C Charging Cable,Google Phone + USB-C Charging Cable,1
2019-05-14,199374,AAA Batteries (4-pack),Wired Headphones,AAA Batteries (4-pack) + Wired Headphones,1
2019-05-04,199392,Google Phone,Lightning Charging Cable,Google Phone + Lightning Charging Cable,1
2019-05-26,199397,Lightning Charging Cable,iPhone,Lightning Charging Cable + iPhone,1
2019-05-31,199399,Lightning Charging Cable,iPhone,Lightning Charging Cable + iPhone,1
2019-05-22,199407,Bose SoundSport Headphones,USB-C Charging Cable,Bose SoundSport Headphones + USB-C Charging Cable,1
2019-05-24,199431,AA Batteries (4-pack),AAA Batteries (4-pack),AA Batteries (4-pack) + AAA Batteries (4-pack),1
2019-05-11,199455,Wired Headphones,iPhone,Wired Headphones + iPhone,1
2019-05-21,199459,USB-C Charging Cable,Vareebadd Phone,USB-C Charging Cable + Vareebadd Phone,1
2019-05-05,199462,Bose SoundSport Headphones,Google Phone,Bose SoundSport Headphones + Google Phone,1
2019-05-21,199468,AAA Batteries (4-pack),Google Phone,AAA Batteries (4-pack) + Google Phone,1
2019-05-27,199498,20in Monitor,USB-C Charging Cable,20in Monitor + USB-C Charging Cable,1
2019-05-12,199518,Google Phone,USB-C Charging Cable,Google Phone + USB-C Charging Cable,1
2019-05-07,199634,34in Ultrawide Monitor,Lightning Charging Cable,34in Ultrawide Monitor + Lightning Charging Cable,1
2019-05-10,199636,Google Phone,USB-C Charging Cable,Google Phone + USB-C Charging Cable,1
2019-05-16,199649,Apple Airpods Headphones,Lightning Charging Cable,Apple Airpods Headphones + Lightning Charging Cable,1
2019-05-02,199664,Wired Headphones,iPhone,Wired Headphones + iPhone,1
2019-05-07,199697,Google Phone,USB-C Charging Cable,Google Phone + USB-C Charging Cable,1
2019-05-21,199699,Lightning Charging Cable,iPhone,Lightning Charging Cable + iPhone,1
2019-05-08,199713,Lightning Charging Cable,iPhone,Lightning Charging Cable + iPhone,1
2019-05-08,199728,Bose SoundSport Headphones,Macbook Pro Laptop,Bose SoundSport Headphones + Macbook Pro Laptop,1
2019-05-21,199738,20in Monitor,Flatscreen TV,20in Monitor + Flatscreen TV,1
2019-05-29,199746,Wired Headphones,iPhone,Wired Headphones + iPhone,1
2019-05-11,199748,20in Monitor,AA Batteries (4-pack),20in Monitor + AA Batteries (4-pack),1
2019-05-28,199767,27in FHD Monitor,Wired Headphones,27in FHD Monitor + Wired Headphones,1
2019-05-09,199781,AAA Batteries (4-pack),Apple Airpods Headphones,AAA Batteries (4-pack) + Apple Airpods Headphones,1
2019-05-07,199849,USB-C Charging Cable,Vareebadd Phone,USB-C Charging Cable + Vareebadd Phone,1
2019-05-10,199878,Google Phone,Wired Headphones,Google Phone + Wired Headphones,1
2019-05-03,199899,Bose SoundSport Headphones,Flatscreen TV,Bose SoundSport Headphones + Flatscreen TV,1
2019-05-25,199924,Apple Airpods Headphones,iPhone,Apple Airpods Headphones + iPhone,1
2019-05-23,199951,Wired Headphones,iPhone,Wired Headphones + iPhone,1
2019-05-08,199982,Google Phone,USB-C Charging Cable,Google Phone + USB-C Charging Cable,1
2019-05-05,199994,Google Phone,USB-C Charging Cable,Google Phone + USB-C Charging Cable,1
2019-05-21,200071,AA Batteries (4-pack),AAA Batteries (4-pack),AA Batteries (4-pack) + AAA Batteries (4-pack),1
2019-05-11,200079,AA Batteries (4-pack),Bose SoundSport Headphones,AA Batteries (4-pack) + Bose SoundSport Headphones,1
2019-05-22,200103,Google Phone,Wired Headphones,Google Phone + Wired Headphones,1
2019-05-06,200144,20in Monitor,USB-C Charging Cable,20in Monitor + USB-C Charging Cable,1
2019-05-09,200172,27in FHD Monitor,USB-C Charging Cable,27in FHD Monitor + USB-C Charging Cable,1
2019-05-30,200225,Lightning Charging Cable,iPhone,Lightning Charging Cable + iPhone,1
2019-05-18,200236,Lightning Charging Cable,iPhone,Lightning Charging Cable + iPhone,1
2019-05-26,200240,Google Phone,USB-C Charging Cable,Google Phone + USB-C Charging Cable,1
2019-05-21,200241,Lightning Charging Cable,Wired Headphones,Lightning Charging Cable + Wired Headphones,1
2019-05-21,200241,Lightning Charging Cable,iPhone,Lightning Charging Cable + iPhone,1
2019-05-21,200241,Wired Headphones,iPhone,Wired Headphones + iPhone,1
2019-05-30,200278,AA Batteries (4-pack),Flatscreen TV,AA Batteries (4-pack) + Flatscreen TV,1
2019-05-14,200289,Google Phone,Wired Headphones,Google Phone + Wired Headphones,1
2019-05-01,200301,27in FHD Monitor,Lightning Charging Cable,27in FHD Monitor + Lightning Charging Cable,1
2019-05-01,200311,USB-C Charging Cable,Vareebadd Phone,USB-C Charging Cable + Vareebadd Phone,1
2019-05-23,200333,34in Ultrawide Monitor,AAA Batteries (4-pack),34in Ultrawide Monitor + AAA Batteries (4-pack),1
2019-05-04,200338,Google Phone,USB-C Charging Cable,Google Phone + USB-C Charging Cable,1
2019-05-18,200354,AAA Batteries (4-pack),USB-C Charging Cable,AAA Batteries (4-pack) + USB-C Charging Cable,1
2019-05-18,200356,USB-C Charging Cable,Vareebadd Phone,USB-C Charging Cable + Vareebadd Phone,1
2019-05-16,200416,Lightning Charging Cable,iPhone,Lightning Charging Cable + iPhone,1
2019-05-24,200440,Apple Airpods Headphones,iPhone,Apple Airpods Headphones + iPhone,1
2019-05-10,200472,Apple Airpods Headphones,iPhone,Apple Airpods Headphones + iPhone,1
2019-05-15,200486,27in FHD Monitor,AA Batteries (4-pack),27in FHD Monitor + AA Batteries (4-pack),1
2019-05-29,200494,Apple Airpods Headphones,LG Dryer,Apple Airpods Headphones + LG Dryer,1
2019-05-06,200506,27in FHD Monitor,AAA Batteries (4-pack),27in FHD Monitor + AAA Batteries (4-pack),1
2019-05-12,200527,Macbook Pro Laptop,USB-C Charging Cable,Macbook Pro Laptop + USB-C Charging Cable,1
2019-05-27,200531,AAA Batteries (4-pack),USB-C Charging Cable,AAA Batteries (4-pack) + USB-C Charging Cable,1
2019-05-17,200546,USB-C Charging Cable,Vareebadd Phone,USB-C Charging Cable + Vareebadd Phone,1
2019-05-22,200568,Wired Headphones,iPhone,Wired Headphones + iPhone,1
2019-05-23,200575,Lightning Charging Cable,iPhone,Lightning Charging Cable + iPhone,1
2019-05-20,200583,Wired Headphones,iPhone,Wired Headphones + iPhone,1
2019-05-28,200595,Flatscreen TV,USB-C Charging Cable,Flatscreen TV + USB-C Charging Cable,1
2019-05-22,200596,27in 4K Gaming Monitor,Bose SoundSport Headphones,27in 4K Gaming Monitor + Bose SoundSport Headphones,1
2019-05-13,200641,27in 4K Gaming Monitor,Lightning Charging Cable,27in 4K Gaming Monitor + Lightning Charging Cable,1
2019-05-23,200645,20in Monitor,AA Batteries (4-pack),20in Monitor + AA Batteries (4-pack),1
2019-05-14,200650,AAA Batteries (4-pack),Apple Airpods Headphones,AAA Batteries (4-pack) + Apple Airpods Headphones,1
2019-05-29,200653,27in 4K Gaming Monitor,Google Phone,27in 4K Gaming Monitor + Google Phone,1
2019-05-22,200723,Lightning Charging Cable,iPhone,Lightning Charging Cable + iPhone,1
2019-05-19,200729,27in 4K Gaming Monitor,iPhone,27in 4K Gaming Monitor + iPhone,1
2019-05-05,200757,Google Phone,USB-C Charging Cable,Google Phone + USB-C Charging Cable,1
2019-05-12,200761,Lightning Charging Cable,iPhone,Lightning Charging Cable + iPhone,1
2019-05-12,200821,34in Ultrawide Monitor,Lightning Charging Cable,34in Ultrawide Monitor + Lightning Charging Cable,1
2019-05-09,200847,AAA Batteries (4-pack),Wired Headphones,AAA Batteries (4-pack) + Wired Headphones,1
2019-05-17,200851,AAA Batteries (4-pack),ThinkPad Laptop,AAA Batteries (4-pack) + ThinkPad Laptop,1
2019-05-23,200879,27in FHD Monitor,Bose SoundSport Headphones,27in FHD Monitor + Bose SoundSport Headphones,1
2019-05-19,200906,Lightning Charging Cable,USB-C Charging Cable,Lightning Charging Cable + USB-C Charging Cable,1
2019-05-12,200971,Lightning Charging Cable,iPhone,Lightning Charging Cable + iPhone,1
2019-05-23,200998,Bose SoundSport Headphones,Google Phone,Bose SoundSport Headphones + Google Phone,1
2019-05-13,201047,20in Monitor,Bose SoundSport Headphones,20in Monitor + Bose SoundSport Headphones,1
2019-05-04,201089,Google Phone,USB-C Charging Cable,Google Phone + USB-C Charging Cable,1
2019-05-02,201091,Google Phone,USB-C Charging Cable,Google Phone + USB-C Charging Cable,1
2019-05-08,201101,27in FHD Monitor,Flatscreen TV,27in FHD Monitor + Flatscreen TV,1
2019-05-16,201114,27in FHD Monitor,Macbook Pro Laptop,27in FHD Monitor + Macbook Pro Laptop,1
2019-05-05,201124,Apple Airpods Headphones,Wired Headphones,Apple Airpods Headphones + Wired Headphones,1
2019-05-22,201126,AA Batteries (4-pack),USB-C Charging Cable,AA Batteries (4-pack) + USB-C Charging Cable,1
2019-05-08,201140,34in Ultrawide Monitor,AAA Batteries (4-pack),34in Ultrawide Monitor + AAA Batteries (4-pack),1
2019-05-15,201173,AA Batteries (4-pack),Apple Airpods Headphones,AA Batteries (4-pack) + Apple Airpods Headphones,1
2019-05-31,201185,Lightning Charging Cable,Macbook Pro Laptop,Lightning Charging Cable + Macbook Pro Laptop,1
2019-05-11,201212,AAA Batteries (4-pack),USB-C Charging Cable,AAA Batteries (4-pack) + USB-C Charging Cable,1
2019-05-08,201243,USB-C Charging Cable,Vareebadd Phone,USB-C Charging Cable + Vareebadd Phone,1
2019-05-07,201257,Google Phone,Wired Headphones,Google Phone + Wired Headphones,1
2019-05-05,201288,Lightning Charging Cable,iPhone,Lightning Charging Cable + iPhone,1
2019-05-14,201320,34in Ultrawide Monitor,Wired Headphones,34in Ultrawide Monitor + Wired Headphones,1
2019-05-17,201340,AAA Batteries (4-pack),USB-C Charging Cable,AAA Batteries (4-pack) + USB-C Charging Cable,1
2019-05-05,201369,Apple Airpods Headphones,iPhone,Apple Airpods Headphones + iPhone,1
2019-05-23,201398,USB-C Charging Cable,Wired Headphones,USB-C Charging Cable + Wired Headphones,1
2019-05-10,201417,Apple Airpods Headphones,Bose SoundSport Headphones,Apple Airpods Headphones + Bose SoundSport Headphones,1
2019-05-06,201482,34in Ultrawide Monitor,USB-C Charging Cable,34in Ultrawide Monitor + USB-C Charging Cable,1
2019-05-30,201497,Lightning Charging Cable,iPhone,Lightning Charging Cable + iPhone,1
2019-05-21,201547,Google Phone,USB-C Charging Cable,Google Phone + USB-C Charging Cable,1
2019-05-26,201558,Lightning Charging Cable,iPhone,Lightning Charging Cable + iPhone,1
2019-05-09,201579,Flatscreen TV,Lightning Charging Cable,Flatscreen TV + Lightning Charging Cable,1
2019-05-13,201672,27in 4K Gaming Monitor,Wired Headphones,27in 4K Gaming Monitor + Wired Headphones,1
2019-05-12,201676,AAA Batteries (4-pack),Vareebadd Phone,AAA Batteries (4-pack) + Vareebadd Phone,1
2019-05-01,201700,20in Monitor,AA Batteries (4-pack),20in Monitor + AA Batteries (4-pack),1
2019-05-02,201708,LG Dryer,USB-C Charging Cable,LG Dryer + USB-C Charging Cable,1
2019-05-14,201720,USB-C Charging Cable,Vareebadd Phone,USB-C Charging Cable + Vareebadd Phone,1
2019-05-17,201729,Apple Airpods Headphones,Lightning Charging Cable,Apple Airpods Headphones + Lightning Charging Cable,1
2019-05-07,201730,AAA Batteries (4-pack),Bose SoundSport Headphones,AAA Batteries (4-pack) + Bose SoundSport Headphones,1
2019-05-23,201775,Google Phone,USB-C Charging Cable,Google Phone + USB-C Charging Cable,1
2019-05-23,201775,Google Phone,Wired Headphones,Google Phone + Wired Headphones,1
2019-05-23,201775,USB-C Charging Cable,Wired Headphones,USB-C Charging Cable + Wired Headphones,1
2019-05-30,201789,34in Ultrawide Monitor,iPhone,34in Ultrawide Monitor + iPhone,1
2019-05-20,201792,Lightning Charging Cable,USB-C Charging Cable,Lightning Charging Cable + USB-C Charging Cable,1
2019-05-05,201798,Lightning Charging Cable,iPhone,Lightning Charging Cable + iPhone,1
2019-05-19,201802,USB-C Charging Cable,Vareebadd Phone,USB-C Charging Cable + Vareebadd Phone,1
2019-05-25,201917,Google Phone,USB-C Charging Cable,Google Phone + USB-C Charging Cable,1
2019-05-23,201939,Apple Airpods Headphones,Flatscreen TV,Apple Airpods Headphones + Flatscreen TV,1
2019-05-30,201948,AAA Batteries (4-pack),Lightning Charging Cable,AAA Batteries (4-pack) + Lightning Charging Cable,1
2019-05-13,201955,AA Batteries (4-pack),Apple Airpods Headphones,AA Batteries (4-pack) + Apple Airpods Headphones,1
2019-05-20,201962,Wired Headphones,iPhone,Wired Headphones + iPhone,1
2019-05-08,201979,AA Batteries (4-pack),Wired Headphones,AA Batteries (4-pack) + Wired Headphones,1
2019-05-13,202016,Bose SoundSport Headphones,iPhone,Bose SoundSport Headphones + iPhone,1
2019-05-16,202066,AA Batteries (4-pack),iPhone,AA Batteries (4-pack) + iPhone,1
2019-05-11,202097,AA Batteries (4-pack),Wired Headphones,AA Batteries (4-pack) + Wired Headphones,1
2019-05-05,202118,Lightning Charging Cable,ThinkPad Laptop,Lightning Charging Cable + ThinkPad Laptop,1
2019-05-16,202126,Apple Airpods Headphones,Wired Headphones,Apple Airpods Headphones + Wired Headphones,1
2019-05-17,202138,AAA Batteries (4-pack),Apple Airpods Headphones,AAA Batteries (4-pack) + Apple Airpods Headphones,1
2019-05-22,202144,Wired Headphones,iPhone,Wired Headphones + iPhone,1
2019-05-31,202189,USB-C Charging Cable,Wired Headphones,USB-C Charging Cable + Wired Headphones,1
2019-05-13,202236,USB-C Charging Cable,Wired Headphones,USB-C Charging Cable + Wired Headphones,1
2019-05-15,202245,Apple Airpods Headphones,iPhone,Apple Airpods Headphones + iPhone,1
2019-05-18,202262,34in Ultrawide Monitor,Lightning Charging Cable,34in Ultrawide Monitor + Lightning Charging Cable,1
2019-05-02,202315,Apple Airpods Headphones,Lightning Charging Cable,Apple Airpods Headphones + Lightning Charging Cable,1
2019-05-02,202315,Apple Airpods Headphones,iPhone,Apple Airpods Headphones + iPhone,1
2019-05-02,202315,Lightning Charging Cable,iPhone,Lightning Charging Cable + iPhone,1
2019-05-13,202347,34in Ultrawide Monitor,Lightning Charging Cable,34in Ultrawide Monitor + Lightning Charging Cable,1
2019-05-01,202359,27in FHD Monitor,LG Dryer,27in FHD Monitor + LG Dryer,1
2019-05-20,202362,20in Monitor,Wired Headphones,20in Monitor + Wired Headphones,1
2019-05-16,202368,Wired Headphones,iPhone,Wired Headphones + iPhone,1
2019-05-11,202397,USB-C Charging Cable,iPhone,USB-C Charging Cable + iPhone,1
2019-05-11,202448,AA Batteries (4-pack),Wired Headphones,AA Batteries (4-pack) + Wired Headphones,1
2019-05-19,202493,Apple Airpods Headphones,Wired Headphones,Apple Airpods Headphones + Wired Headphones,1
2019-05-12,202518,AA Batteries (4-pack),AAA Batteries (4-pack),AA Batteries (4-pack) + AAA Batteries (4-pack),1
2019-05-03,202521,Google Phone,USB-C Charging Cable,Google Phone + USB-C Charging Cable,1
2019-05-05,202529,Wired Headphones,iPhone,Wired Headphones + iPhone,1
2019-05-02,202542,Apple Airpods Headphones,Vareebadd Phone,Apple Airpods Headphones + Vareebadd Phone,1
2019-05-04,202555,Apple Airpods Headphones,iPhone,Apple Airpods Headphones + iPhone,1
2019-05-16,202559,USB-C Charging Cable,Vareebadd Phone,USB-C Charging Cable + Vareebadd Phone,1
2019-05-06,202599,Apple Airpods Headphones,iPhone,Apple Airpods Headphones + iPhone,1
2019-05-11,202604,Vareebadd Phone,Wired Headphones,Vareebadd Phone + Wired Headphones,1
2019-05-16,202606,Apple Airpods Headphones,iPhone,Apple Airpods Headphones + iPhone,1
2019-05-16,202611,Wired Headphones,iPhone,Wired Headphones + iPhone,1
2019-05-14,202623,Apple Airpods Headphones,Bose SoundSport Headphones,Apple Airpods Headphones + Bose SoundSport Headphones,1
2019-05-05,202678,27in FHD Monitor,USB-C Charging Cable,27in FHD Monitor + USB-C Charging Cable,1
2019-05-06,202679,Lightning Charging Cable,Wired Headphones,Lightning Charging Cable + Wired Headphones,1
2019-05-06,202679,Lightning Charging Cable,iPhone,Lightning Charging Cable + iPhone,1
2019-05-06,202679,Wired Headphones,iPhone,Wired Headphones + iPhone,1
2019-05-16,202754,Bose SoundSport Headphones,Google Phone,Bose SoundSport Headphones + Google Phone,1
2019-05-16,202754,Bose SoundSport Headphones,USB-C Charging Cable,Bose SoundSport Headphones + USB-C Charging Cable,1
2019-05-16,202754,Google Phone,USB-C Charging Cable,Google Phone + USB-C Charging Cable,1
2019-05-15,202765,Lightning Charging Cable,USB-C Charging Cable,Lightning Charging Cable + USB-C Charging Cable,1
2019-05-15,202765,Lightning Charging Cable,iPhone,Lightning Charging Cable + iPhone,1
2019-05-15,202765,USB-C Charging Cable,iPhone,USB-C Charging Cable + iPhone,1
2019-05-14,202783,Flatscreen TV,Macbook Pro Laptop,Flatscreen TV + Macbook Pro Laptop,1
2019-05-07,202811,Apple Airpods Headphones,Wired Headphones,Apple Airpods Headphones + Wired Headphones,1
2019-05-29,202842,USB-C Charging Cable,Wired Headphones,USB-C Charging Cable + Wired Headphones,1
2019-05-09,202906,20in Monitor,Macbook Pro Laptop,20in Monitor + Macbook Pro Laptop,1
2019-05-25,202910,Lightning Charging Cable,iPhone,Lightning Charging Cable + iPhone,1
2019-05-01,202919,Flatscreen TV,USB-C Charging Cable,Flatscreen TV + USB-C Charging Cable,1
2019-05-21,202948,27in 4K Gaming Monitor,AA Batteries (4-pack),27in 4K Gaming Monitor + AA Batteries (4-pack),1
2019-05-19,202950,Lightning Charging Cable,iPhone,Lightning Charging Cable + iPhone,1
2019-05-07,202992,AAA Batteries (4-pack),Wired Headphones,AAA Batteries (4-pack) + Wired Headphones,1
2019-05-21,202993,Lightning Charging Cable,iPhone,Lightning Charging Cable + iPhone,1
2019-05-22,203002,27in FHD Monitor,Lightning Charging Cable,27in FHD Monitor + Lightning Charging Cable,1
2019-05-25,203018,Bose SoundSport Headphones,Vareebadd Phone,Bose SoundSport Headphones + Vareebadd Phone,1
2019-05-22,203086,34in Ultrawide Monitor,AAA Batteries (4-pack),34in Ultrawide Monitor + AAA Batteries (4-pack),1
2019-05-22,203094,AA Batteries (4-pack),Bose SoundSport Headphones,AA Batteries (4-pack) + Bose SoundSport Headphones,1
2019-05-03,203100,27in 4K Gaming Monitor,AAA Batteries (4-pack),27in 4K Gaming Monitor + AAA Batteries (4-pack),1
2019-05-09,203125,AA Batteries (4-pack),Lightning Charging Cable,AA Batteries (4-pack) + Lightning Charging Cable,1
2019-05-28,203131,Lightning Charging Cable,iPhone,Lightning Charging Cable + iPhone,1
2019-05-14,203133,Google Phone,USB-C Charging Cable,Google Phone + USB-C Charging Cable,1
2019-05-14,203133,Google Phone,Wired Headphones,Google Phone + Wired Headphones,1
2019-05-14,203133,USB-C Charging Cable,Wired Headphones,USB-C Charging Cable + Wired Headphones,1
2019-05-08,203149,Google Phone,USB-C Charging Cable,Google Phone + USB-C Charging Cable,1
2019-05-16,203153,AA Batteries (4-pack),Bose SoundSport Headphones,AA Batteries (4-pack) + Bose SoundSport Headphones,1
2019-05-04,203174,27in FHD Monitor,USB-C Charging Cable,27in FHD Monitor + USB-C Charging Cable,1
2019-05-04,203190,AA Batteries (4-pack),Lightning Charging Cable,AA Batteries (4-pack) + Lightning Charging Cable,1
2019-05-10,203191,Apple Airpods Headphones,iPhone,Apple Airpods Headphones + iPhone,1
2019-05-29,203235,34in Ultrawide Monitor,AAA Batteries (4-pack),34in Ultrawide Monitor + AAA Batteries (4-pack),1
2019-05-31,203245,Lightning Charging Cable,iPhone,Lightning Charging Cable + iPhone,1
2019-05-05,203284,Lightning Charging Cable,ThinkPad Laptop,Lightning Charging Cable + ThinkPad Laptop,1
2019-05-03,203328,27in FHD Monitor,AA Batteries (4-pack),27in FHD Monitor + AA Batteries (4-pack),1
2019-05-05,203365,Apple Airpods Headphones,Bose SoundSport Headphones,Apple Airpods Headphones + Bose SoundSport Headphones,1
2019-05-05,203365,Apple Airpods Headphones,Google Phone,Apple Airpods Headphones + Google Phone,1
2019-05-05,203365,Bose SoundSport Headphones,Google Phone,Bose SoundSport Headphones + Google Phone,1
2019-05-31,203370,Lightning Charging Cable,iPhone,Lightning Charging Cable + iPhone,1
2019-05-24,203384,27in 4K Gaming Monitor,Macbook Pro Laptop,27in 4K Gaming Monitor + Macbook Pro Laptop,1
2019-05-11,203392,USB-C Charging Cable,Vareebadd Phone,USB-C Charging Cable + Vareebadd Phone,1
2019-05-28,203422,Lightning Charging Cable,iPhone,Lightning Charging Cable + iPhone,1
2019-05-01,203437,Wired Headphones,iPhone,Wired Headphones + iPhone,1
2019-05-23,203450,Apple Airpods Headphones,Google Phone,Apple Airpods Headphones + Google Phone,1
2019-05-05,203469,Lightning Charging Cable,iPhone,Lightning Charging Cable + iPhone,1
2019-05-12,203471,AA Batteries (4-pack),Wired Headphones,AA Batteries (4-pack) + Wired Headphones,1
2019-05-10,203485,Lightning Charging Cable,iPhone,Lightning Charging Cable + iPhone,1
2019-05-08,203518,Apple Airpods Headphones,Google Phone,Apple Airpods Headphones + Google Phone,1
2019-05-07,203582,USB-C Charging Cable,Vareebadd Phone,USB-C Charging Cable + Vareebadd Phone,1
2019-05-17,203591,Lightning Charging Cable,iPhone,Lightning Charging Cable + iPhone,1
2019-05-07,203597,AAA Batteries (4-pack),USB-C Charging Cable,AAA Batteries (4-pack) + USB-C Charging Cable,1
2019-05-09,203608,Vareebadd Phone,Wired Headphones,Vareebadd Phone + Wired Headphones,1
2019-05-30,203614,Lightning Charging Cable,Wired Headphones,Lightning Charging Cable + Wired Headphones,1
2019-05-30,203614,Lightning Charging Cable,iPhone,Lightning Charging Cable + iPhone,1
2019-05-30,203614,Wired Headphones,iPhone,Wired Headphones + iPhone,1
2019-05-20,203676,USB-C Charging Cable,Vareebadd Phone,USB-C Charging Cable + Vareebadd Phone,1
2019-05-12,203736,AAA Batteries (4-pack),USB-C Charging Cable,AAA Batteries (4-pack) + USB-C Charging Cable,1
2019-05-06,203741,Wired Headphones,iPhone,Wired Headphones + iPhone,1
2019-05-22,203771,Google Phone,USB-C Charging Cable,Google Phone + USB-C Charging Cable,1
2019-05-01,203862,AA Batteries (4-pack),USB-C Charging Cable,AA Batteries (4-pack) + USB-C Charging Cable,1
2019-05-13,203872,Google Phone,USB-C Charging Cable,Google Phone + USB-C Charging Cable,1
2019-05-19,203894,AA Batteries (4-pack),AAA Batteries (4-pack),AA Batteries (4-pack) + AAA Batteries (4-pack),1
2019-05-25,203918,AAA Batteries (4-pack),Bose SoundSport Headphones,AAA Batteries (4-pack) + Bose SoundSport Headphones,1
2019-05-31,203922,Wired Headphones,iPhone,Wired Headphones + iPhone,1
2019-05-18,203923,Lightning Charging Cable,iPhone,Lightning Charging Cable + iPhone,1
2019-05-06,203984,Wired Headphones,iPhone,Wired Headphones + iPhone,1
2019-05-04,203993,Lightning Charging Cable,iPhone,Lightning Charging Cable + iPhone,1
2019-05-14,204012,AAA Batteries (4-pack),Wired Headphones,AAA Batteries (4-pack) + Wired Headphones,1
2019-05-28,204023,AA Batteries (4-pack),AAA Batteries (4-pack),AA Batteries (4-pack) + AAA Batteries (4-pack),1
2019-05-05,204150,AAA Batteries (4-pack),Flatscreen TV,AAA Batteries (4-pack) + Flatscreen TV,1
2019-05-31,204152,Apple Airpods Headphones,Bose SoundSport Headphones,Apple Airpods Headphones + Bose SoundSport Headphones,1
2019-05-20,204170,Lightning Charging Cable,iPhone,Lightning Charging Cable + iPhone,1
2019-05-10,204202,Vareebadd Phone,Wired Headphones,Vareebadd Phone + Wired Headphones,1
2019-05-09,204270,Apple Airpods Headphones,USB-C Charging Cable,Apple Airpods Headphones + USB-C Charging Cable,1
2019-05-28,204271,Lightning Charging Cable,iPhone,Lightning Charging Cable + iPhone,1
2019-05-30,204297,ThinkPad Laptop,Wired Headphones,ThinkPad Laptop + Wired Headphones,1
2019-05-17,204365,AA Batteries (4-pack),Bose SoundSport Headphones,AA Batteries (4-pack) + Bose SoundSport Headphones,1
2019-05-07,204412,Google Phone,USB-C Charging Cable,Google Phone + USB-C Charging Cable,1
2019-05-02,204443,Apple Airpods Headphones,USB-C Charging Cable,Apple Airpods Headphones + USB-C Charging Cable,1
2019-05-07,204450,Bose SoundSport Headphones,Google Phone,Bose SoundSport Headphones + Google Phone,1
2019-05-06,204493,Google Phone,Wired Headphones,Google Phone + Wired Headphones,1
2019-05-07,204511,27in 4K Gaming Monitor,Lightning Charging Cable,27in 4K Gaming Monitor + Lightning Charging Cable,1
2019-05-22,204536,Lightning Charging Cable,iPhone,Lightning Charging Cable + iPhone,1
2019-05-15,204537,Apple Airpods Headphones,iPhone,Apple Airpods Headphones + iPhone,1
2019-05-10,204540,AAA Batteries (4-pack),Apple Airpods Headphones,AAA Batteries (4-pack) + Apple Airpods Headphones,1
2019-05-23,204581,AA Batteries (4-pack),Bose SoundSport Headphones,AA Batteries (4-pack) + Bose SoundSport Headphones,1
2019-05-26,204582,Apple Airpods Headphones,iPhone,Apple Airpods Headphones + iPhone,1
2019-05-21,204645,20in Monitor,Apple Airpods Headphones,20in Monitor + Apple Airpods Headphones,1
2019-05-23,204686,27in 4K Gaming Monitor,iPhone,27in 4K Gaming Monitor + iPhone,1
2019-05-01,204742,Google Phone,USB-C Charging Cable,Google Phone + USB-C Charging Cable,1
2019-05-01,204818,Wired Headphones,iPhone,Wired Headphones + iPhone,1
2019-05-31,204826,Bose SoundSport Headphones,Wired Headphones,Bose SoundSport Headphones + Wired Headphones,1
2019-05-17,204868,Google Phone,USB-C Charging Cable,Google Phone + USB-C Charging Cable,1
2019-05-17,204868,Google Phone,Wired Headphones,Google Phone + Wired Headphones,1
2019-05-17,204868,USB-C Charging Cable,Wired Headphones,USB-C Charging Cable + Wired Headphones,1
2019-05-26,204899,AAA Batteries (4-pack),USB-C Charging Cable,AAA Batteries (4-pack) + USB-C Charging Cable,1
2019-05-25,204914,20in Monitor,LG Washing Machine,20in Monitor + LG Washing Machine,1
2019-05-08,204938,20in Monitor,Flatscreen TV,20in Monitor + Flatscreen TV,1
2019-05-27,204967,Wired Headphones,iPhone,Wired Headphones + iPhone,1
2019-05-01,204984,Google Phone,Wired Headphones,Google Phone + Wired Headphones,1
2019-05-29,205012,Lightning Charging Cable,iPhone,Lightning Charging Cable + iPhone,1
2019-05-17,205016,Lightning Charging Cable,iPhone,Lightning Charging Cable + iPhone,1
2019-05-30,205044,Lightning Charging Cable,iPhone,Lightning Charging Cable + iPhone,1
2019-05-30,205067,AA Batteries (4-pack),USB-C Charging Cable,AA Batteries (4-pack) + USB-C Charging Cable,1
2019-05-18,205142,Lightning Charging Cable,iPhone,Lightning Charging Cable + iPhone,1
2019-05-17,205144,Google Phone,Wired Headphones,Google Phone + Wired Headphones,1
2019-05-12,205167,Lightning Charging Cable,Macbook Pro Laptop,Lightning Charging Cable + Macbook Pro Laptop,1
2019-05-03,205194,Vareebadd Phone,Wired Headphones,Vareebadd Phone + Wired Headphones,1
2019-05-15,205244,Google Phone,USB-C Charging Cable,Google Phone + USB-C Charging Cable,1
2019-05-21,205271,Google Phone,USB-C Charging Cable,Google Phone + USB-C Charging Cable,1
2019-05-21,205271,Google Phone,Wired Headphones,Google Phone + Wired Headphones,1
2019-05-21,205271,USB-C Charging Cable,Wired Headphones,USB-C Charging Cable + Wired Headphones,1
2019-05-07,205302,Bose SoundSport Headphones,Google Phone,Bose SoundSport Headphones + Google Phone,1
2019-05-07,205302,Bose SoundSport Headphones,USB-C Charging Cable,Bose SoundSport Headphones + USB-C Charging Cable,1
2019-05-07,205302,Google Phone,USB-C Charging Cable,Google Phone + USB-C Charging Cable,1
2019-05-19,205365,Lightning Charging Cable,iPhone,Lightning Charging Cable + iPhone,1
2019-05-02,205397,AA Batteries (4-pack),Google Phone,AA Batteries (4-pack) + Google Phone,1
2019-05-02,205397,AA Batteries (4-pack),Wired Headphones,AA Batteries (4-pack) + Wired Headphones,1
2019-05-02,205397,Google Phone,Wired Headphones,Google Phone + Wired Headphones,1
2019-05-09,205414,Flatscreen TV,Google Phone,Flatscreen TV + Google Phone,1
2019-05-22,205435,Google Phone,USB-C Charging Cable,Google Phone + USB-C Charging Cable,1
2019-05-15,205491,Apple Airpods Headphones,Flatscreen TV,Apple Airpods Headphones + Flatscreen TV,1
2019-05-25,205503,Apple Airpods Headphones,iPhone,Apple Airpods Headphones + iPhone,1
2019-05-20,205529,USB-C Charging Cable,Vareebadd Phone,USB-C Charging Cable + Vareebadd Phone,1
2019-05-20,205529,USB-C Charging Cable,Wired Headphones,USB-C Charging Cable + Wired Headphones,1
2019-05-20,205529,Vareebadd Phone,Wired Headphones,Vareebadd Phone + Wired Headphones,1
2019-05-21,205532,34in Ultrawide Monitor,Lightning Charging Cable,34in Ultrawide Monitor + Lightning Charging Cable,1
2019-05-29,205582,Wired Headphones,iPhone,Wired Headphones + iPhone,1
2019-05-28,205589,Google Phone,USB-C Charging Cable,Google Phone + USB-C Charging Cable,1
2019-05-26,205667,27in 4K Gaming Monitor,USB-C Charging Cable,27in 4K Gaming Monitor + USB-C Charging Cable,1
2019-05-03,205678,AA Batteries (4-pack),iPhone,AA Batteries (4-pack) + iPhone,1
2019-05-03,205702,Apple Airpods Headphones,Wired Headphones,Apple Airpods Headphones + Wired Headphones,1
2019-05-01,205704,AAA Batteries (4-pack),ThinkPad Laptop,AAA Batteries (4-pack) + ThinkPad Laptop,1
2019-05-16,205705,Lightning Charging Cable,iPhone,Lightning Charging Cable + iPhone,1
2019-05-27,205712,Google Phone,USB-C Charging Cable,Google Phone + USB-C Charging Cable,1
2019-05-03,205766,Apple Airpods Headphones,Lightning Charging Cable,Apple Airpods Headphones + Lightning Charging Cable,1
2019-05-01,205770,Wired Headphones,iPhone,Wired Headphones + iPhone,1
2019-05-09,205778,Bose SoundSport Headphones,USB-C Charging Cable,Bose SoundSport Headphones + USB-C Charging Cable,1
2019-05-09,205778,Bose SoundSport Headphones,Vareebadd Phone,Bose SoundSport Headphones + Vareebadd Phone,1
2019-05-09,205778,USB-C Charging Cable,Vareebadd Phone,USB-C Charging Cable + Vareebadd Phone,1
2019-05-12,205783,USB-C Charging Cable,Vareebadd Phone,USB-C Charging Cable + Vareebadd Phone,1
2019-05-29,205791,Apple Airpods Headphones,iPhone,Apple Airpods Headphones + iPhone,1
2019-05-16,205801,AAA Batteries (4-pack),Apple Airpods Headphones,AAA Batteries (4-pack) + Apple Airpods Headphones,1
2019-05-26,205803,Lightning Charging Cable,iPhone,Lightning Charging Cable + iPhone,1
2019-05-16,205804,AAA Batteries (4-pack),USB-C Charging Cable,AAA Batteries (4-pack) + USB-C Charging Cable,1
2019-05-27,205814,Wired Headphones,iPhone,Wired Headphones + iPhone,1
2019-05-02,205865,Apple Airpods Headphones,iPhone,Apple Airpods Headphones + iPhone,1
2019-05-07,205902,USB-C Charging Cable,Vareebadd Phone,USB-C Charging Cable + Vareebadd Phone,1
2019-05-04,205923,Apple Airpods Headphones,Lightning Charging Cable,Apple Airpods Headphones + Lightning Charging Cable,1
2019-05-08,205960,Google Phone,USB-C Charging Cable,Google Phone + USB-C Charging Cable,1
2019-05-16,205961,Lightning Charging Cable,USB-C Charging Cable,Lightning Charging Cable + USB-C Charging Cable,1
2019-05-09,205968,Lightning Charging Cable,iPhone,Lightning Charging Cable + iPhone,1
2019-05-18,206001,Apple Airpods Headphones,iPhone,Apple Airpods Headphones + iPhone,1
2019-05-30,206002,Bose SoundSport Headphones,Wired Headphones,Bose SoundSport Headphones + Wired Headphones,1
2019-05-27,206009,Lightning Charging Cable,Wired Headphones,Lightning Charging Cable + Wired Headphones,1
2019-05-27,206009,Lightning Charging Cable,iPhone,Lightning Charging Cable + iPhone,1
2019-05-27,206009,Wired Headphones,iPhone,Wired Headphones + iPhone,1
2019-05-20,206014,AAA Batteries (4-pack),Wired Headphones,AAA Batteries (4-pack) + Wired Headphones,1
2019-05-28,206023,34in Ultrawide Monitor,USB-C Charging Cable,34in Ultrawide Monitor + USB-C Charging Cable,1
2019-05-03,206079,Wired Headphones,iPhone,Wired Headphones + iPhone,1
2019-05-05,206097,Apple Airpods Headphones,Lightning Charging Cable,Apple Airpods Headphones + Lightning Charging Cable,1
2019-05-05,206097,Apple Airpods Headphones,iPhone,Apple Airpods Headphones + iPhone,1
2019-05-05,206097,Lightning Charging Cable,iPhone,Lightning Charging Cable + iPhone,1
2019-05-28,206113,27in 4K Gaming Monitor,Wired Headphones,27in 4K Gaming Monitor + Wired Headphones,1
2019-05-03,206161,USB-C Charging Cable,Vareebadd Phone,USB-C Charging Cable + Vareebadd Phone,1
2019-05-10,206234,Google Phone,USB-C Charging Cable,Google Phone + USB-C Charging Cable,1
2019-05-10,206234,Google Phone,Wired Headphones,Google Phone + Wired Headphones,1
2019-05-10,206234,USB-C Charging Cable,Wired Headphones,USB-C Charging Cable + Wired Headphones,1
2019-05-28,206242,Lightning Charging Cable,iPhone,Lightning Charging Cable + iPhone,1
2019-05-09,206340,Lightning Charging Cable,iPhone,Lightning Charging Cable + iPhone,1
2019-05-03,206353,AA Batteries (4-pack),USB-C Charging Cable,AA Batteries (4-pack) + USB-C Charging Cable,1
2019-05-06,206354,Google Phone,USB-C Charging Cable,Google Phone + USB-C Charging Cable,1
2019-05-23,206372,Google Phone,Wired Headphones,Google Phone + Wired Headphones,1
2019-05-23,206399,Bose SoundSport Headphones,Vareebadd Phone,Bose SoundSport Headphones + Vareebadd Phone,1
2019-05-07,206413,Macbook Pro Laptop,iPhone,Macbook Pro Laptop + iPhone,1
2019-05-06,206434,Lightning Charging Cable,iPhone,Lightning Charging Cable + iPhone,1
2019-05-22,206476,Bose SoundSport Headphones,Lightning Charging Cable,Bose SoundSport Headphones + Lightning Charging Cable,1
2019-05-26,206497,Google Phone,Lightning Charging Cable,Google Phone + Lightning Charging Cable,1
2019-05-19,206521,Google Phone,Wired Headphones,Google Phone + Wired Headphones,1
2019-05-23,206529,Wired Headphones,iPhone,Wired Headphones + iPhone,1
2019-05-12,206543,Lightning Charging Cable,iPhone,Lightning Charging Cable + iPhone,1
2019-05-19,206551,Google Phone,USB-C Charging Cable,Google Phone + USB-C Charging Cable,1
2019-05-18,206587,AA Batteries (4-pack),Wired Headphones,AA Batteries (4-pack) + Wired Headphones,1
2019-05-08,206655,USB-C Charging Cable,Vareebadd Phone,USB-C Charging Cable + Vareebadd Phone,1
2019-05-08,206655,USB-C Charging Cable,Wired Headphones,USB-C Charging Cable + Wired Headphones,1
2019-05-08,206655,Vareebadd Phone,Wired Headphones,Vareebadd Phone + Wired Headphones,1
2019-05-08,206659,Apple Airpods Headphones,Flatscreen TV,Apple Airpods Headphones + Flatscreen TV,1
2019-05-23,206706,Google Phone,Wired Headphones,Google Phone + Wired Headphones,1
2019-05-05,206725,Apple Airpods Headphones,iPhone,Apple Airpods Headphones + iPhone,1
2019-05-28,206743,Bose SoundSport Headphones,USB-C Charging Cable,Bose SoundSport Headphones + USB-C Charging Cable,1
2019-05-10,206766,27in FHD Monitor,Macbook Pro Laptop,27in FHD Monitor + Macbook Pro Laptop,1
2019-05-12,206784,Wired Headphones,iPhone,Wired Headphones + iPhone,1
2019-05-24,206938,Lightning Charging Cable,iPhone,Lightning Charging Cable + iPhone,1
2019-05-29,206956,Lightning Charging Cable,iPhone,Lightning Charging Cable + iPhone,1
2019-05-06,206972,Lightning Charging Cable,Wired Headphones,Lightning Charging Cable + Wired Headphones,1
2019-05-24,207004,AAA Batteries (4-pack),Wired Headphones,AAA Batteries (4-pack) + Wired Headphones,1
2019-05-15,207065,Apple Airpods Headphones,Google Phone,Apple Airpods Headphones + Google Phone,1
2019-05-29,207099,AA Batteries (4-pack),Apple Airpods Headphones,AA Batteries (4-pack) + Apple Airpods Headphones,1
2019-05-29,207136,Lightning Charging Cable,iPhone,Lightning Charging Cable + iPhone,1
2019-05-17,207176,USB-C Charging Cable,Vareebadd Phone,USB-C Charging Cable + Vareebadd Phone,1
2019-05-03,207232,Google Phone,USB-C Charging Cable,Google Phone + USB-C Charging Cable,1
2019-05-11,207233,Google Phone,USB-C Charging Cable,Google Phone + USB-C Charging Cable,1
2019-05-05,207270,Lightning Charging Cable,iPhone,Lightning Charging Cable + iPhone,1
2019-05-03,207301,Wired Headphones,iPhone,Wired Headphones + iPhone,1
2019-05-07,207314,Wired Headphones,iPhone,Wired Headphones + iPhone,1
2019-05-10,207333,27in 4K Gaming Monitor,Bose SoundSport Headphones,27in 4K Gaming Monitor + Bose SoundSport Headphones,1
2019-05-03,207342,Vareebadd Phone,Wired Headphones,Vareebadd Phone + Wired Headphones,1
2019-05-10,207369,27in FHD Monitor,USB-C Charging Cable,27in FHD Monitor + USB-C Charging Cable,1
2019-05-29,207379,Google Phone,Wired Headphones,Google Phone + Wired Headphones,1
2019-05-19,207415,Google Phone,USB-C Charging Cable,Google Phone + USB-C Charging Cable,1
2019-05-28,207444,Lightning Charging Cable,USB-C Charging Cable,Lightning Charging Cable + USB-C Charging Cable,1
2019-05-25,207450,Lightning Charging Cable,iPhone,Lightning Charging Cable + iPhone,1
2019-05-26,207461,Flatscreen TV,iPhone,Flatscreen TV + iPhone,1
2019-05-31,207488,Google Phone,USB-C Charging Cable,Google Phone + USB-C Charging Cable,1
2019-05-13,207525,Google Phone,USB-C Charging Cable,Google Phone + USB-C Charging Cable,1
2019-05-14,207536,Bose SoundSport Headphones,Google Phone,Bose SoundSport Headphones + Google Phone,1
2019-05-15,207540,Lightning Charging Cable,iPhone,Lightning Charging Cable + iPhone,1
2019-05-31,207547,AA Batteries (4-pack),Bose SoundSport Headphones,AA Batteries (4-pack) + Bose SoundSport Headphones,1
2019-05-19,207562,USB-C Charging Cable,Wired Headphones,USB-C Charging Cable + Wired Headphones,1
2019-05-03,207584,AAA Batteries (4-pack),Apple Airpods Headphones,AAA Batteries (4-pack) + Apple Airpods Headphones,1
2019-05-30,207613,Vareebadd Phone,Wired Headphones,Vareebadd Phone + Wired Headphones,1
2019-05-04,207634,34in Ultrawide Monitor,AAA Batteries (4-pack),34in Ultrawide Monitor + AAA Batteries (4-pack),1
2019-05-19,207677,AA Batteries (4-pack),AAA Batteries (4-pack),AA Batteries (4-pack) + AAA Batteries (4-pack),1
2019-05-01,207698,Wired Headphones,iPhone,Wired Headphones + iPhone,1
2019-05-12,207725,Wired Headphones,iPhone,Wired Headphones + iPhone,1
2019-05-30,207766,Lightning Charging Cable,Wired Headphones,Lightning Charging Cable + Wired Headphones,1
2019-05-08,207773,AA Batteries (4-pack),ThinkPad Laptop,AA Batteries (4-pack) + ThinkPad Laptop,1
2019-05-10,207814,Bose SoundSport Headphones,Wired Headphones,Bose SoundSport Headphones + Wired Headphones,1
2019-05-23,207828,Lightning Charging Cable,iPhone,Lightning Charging Cable + iPhone,1
2019-05-03,207833,27in FHD Monitor,Flatscreen TV,27in FHD Monitor + Flatscreen TV,1
2019-05-30,207900,AA Batteries (4-pack),Lightning Charging Cable,AA Batteries (4-pack) + Lightning Charging Cable,1
2019-05-24,207908,Lightning Charging Cable,iPhone,Lightning Charging Cable + iPhone,1
2019-05-14,207923,USB-C Charging Cable,iPhone,USB-C Charging Cable + iPhone,1
2019-05-08,207935,Google Phone,USB-C Charging Cable,Google Phone + USB-C Charging Cable,1
2019-05-08,207935,Google Phone,Wired Headphones,Google Phone + Wired Headphones,1
2019-05-08,207935,USB-C Charging Cable,Wired Headphones,USB-C Charging Cable + Wired Headphones,1
2019-05-05,207944,Google Phone,Wired Headphones,Google Phone + Wired Headphones,1
2019-05-23,207997,Bose SoundSport Headphones,USB-C Charging Cable,Bose SoundSport Headphones + USB-C Charging Cable,1
2019-05-23,207997,Bose SoundSport Headphones,Vareebadd Phone,Bose SoundSport Headphones + Vareebadd Phone,1
2019-05-23,207997,USB-C Charging Cable,Vareebadd Phone,USB-C Charging Cable + Vareebadd Phone,1
2019-05-17,208000,Wired Headphones,iPhone,Wired Headphones + iPhone,1
2019-05-16,208076,AA Batteries (4-pack),Google Phone,AA Batteries (4-pack) + Google Phone,1
2019-05-12,208104,Lightning Charging Cable,iPhone,Lightning Charging Cable + iPhone,1
2019-05-21,208174,27in 4K Gaming Monitor,Macbook Pro Laptop,27in 4K Gaming Monitor + Macbook Pro Laptop,1
2019-05-30,208181,Lightning Charging Cable,iPhone,Lightning Charging Cable + iPhone,1
2019-05-16,208197,AA Batteries (4-pack),AAA Batteries (4-pack),AA Batteries (4-pack) + AAA Batteries (4-pack),1
2019-05-23,208198,AAA Batteries (4-pack),Lightning Charging Cable,AAA Batteries (4-pack) + Lightning Charging Cable,1
2019-05-22,208215,Lightning Charging Cable,iPhone,Lightning Charging Cable + iPhone,1
2019-05-05,208223,Bose SoundSport Headphones,Google Phone,Bose SoundSport Headphones + Google Phone,1
2019-05-29,208228,AAA Batteries (4-pack),Wired Headphones,AAA Batteries (4-pack) + Wired Headphones,1
2019-05-29,208294,Lightning Charging Cable,iPhone,Lightning Charging Cable + iPhone,1
2019-05-21,208361,Apple Airpods Headphones,Lightning Charging Cable,Apple Airpods Headphones + Lightning Charging Cable,1
2019-05-25,208369,Apple Airpods Headphones,Bose SoundSport Headphones,Apple Airpods Headphones + Bose SoundSport Headphones,1
2019-05-28,208381,Google Phone,USB-C Charging Cable,Google Phone + USB-C Charging Cable,1
2019-05-05,208388,USB-C Charging Cable,Vareebadd Phone,USB-C Charging Cable + Vareebadd Phone,1
2019-05-20,208401,Apple Airpods Headphones,Lightning Charging Cable,Apple Airpods Headphones + Lightning Charging Cable,1
2019-05-20,208401,Apple Airpods Headphones,iPhone,Apple Airpods Headphones + iPhone,1
2019-05-20,208401,Lightning Charging Cable,iPhone,Lightning Charging Cable + iPhone,1
2019-05-21,208404,AAA Batteries (4-pack),Lightning Charging Cable,AAA Batteries (4-pack) + Lightning Charging Cable,1
2019-05-20,208408,AA Batteries (4-pack),Google Phone,AA Batteries (4-pack) + Google Phone,1
2019-05-13,208451,Google Phone,USB-C Charging Cable,Google Phone + USB-C Charging Cable,1
2019-05-17,208493,Apple Airpods Headphones,USB-C Charging Cable,Apple Airpods Headphones + USB-C Charging Cable,1
2019-05-27,208501,Wired Headphones,iPhone,Wired Headphones + iPhone,1
2019-05-21,208534,Lightning Charging Cable,Wired Headphones,Lightning Charging Cable + Wired Headphones,1
2019-05-21,208534,Lightning Charging Cable,iPhone,Lightning Charging Cable + iPhone,1
2019-05-21,208534,Wired Headphones,iPhone,Wired Headphones + iPhone,1
2019-05-05,208558,Google Phone,USB-C Charging Cable,Google Phone + USB-C Charging Cable,1
2019-05-16,208564,Lightning Charging Cable,USB-C Charging Cable,Lightning Charging Cable + USB-C Charging Cable,1
2019-05-22,208577,AA Batteries (4-pack),Wired Headphones,AA Batteries (4-pack) + Wired Headphones,1
2019-05-09,208596,AA Batteries (4-pack),Macbook Pro Laptop,AA Batteries (4-pack) + Macbook Pro Laptop,1
2019-05-07,208645,27in 4K Gaming Monitor,27in FHD Monitor,27in 4K Gaming Monitor + 27in FHD Monitor,1
2019-05-09,208755,Lightning Charging Cable,iPhone,Lightning Charging Cable + iPhone,1
2019-05-13,208774,AA Batteries (4-pack),AAA Batteries (4-pack),AA Batteries (4-pack) + AAA Batteries (4-pack),1
2019-05-27,208853,34in Ultrawide Monitor,AAA Batteries (4-pack),34in Ultrawide Monitor + AAA Batteries (4-pack),1
2019-05-13,208869,AA Batteries (4-pack),Lightning Charging Cable,AA Batteries (4-pack) + Lightning Charging Cable,1
2019-05-23,208898,AA Batteries (4-pack),Bose SoundSport Headphones,AA Batteries (4-pack) + Bose SoundSport Headphones,1
2019-05-31,208926,AAA Batteries (4-pack),USB-C Charging Cable,AAA Batteries (4-pack) + USB-C Charging Cable,1
2019-05-02,208930,27in FHD Monitor,Apple Airpods Headphones,27in FHD Monitor + Apple Airpods Headphones,1
2019-05-24,208971,AA Batteries (4-pack),Google Phone,AA Batteries (4-pack) + Google Phone,1
2019-05-30,209039,Apple Airpods Headphones,USB-C Charging Cable,Apple Airpods Headphones + USB-C Charging Cable,1
2019-05-12,209070,Bose SoundSport Headphones,Lightning Charging Cable,Bose SoundSport Headphones + Lightning Charging Cable,1
2019-05-03,209073,Lightning Charging Cable,iPhone,Lightning Charging Cable + iPhone,1
2019-05-23,209074,AA Batteries (4-pack),Apple Airpods Headphones,AA Batteries (4-pack) + Apple Airpods Headphones,1
2019-05-07,209102,AA Batteries (4-pack),Lightning Charging Cable,AA Batteries (4-pack) + Lightning Charging Cable,1
2019-05-12,209132,Lightning Charging Cable,iPhone,Lightning Charging Cable + iPhone,1
2019-05-12,209159,Google Phone,USB-C Charging Cable,Google Phone + USB-C Charging Cable,1
2019-05-30,209161,Google Phone,USB-C Charging Cable,Google Phone + USB-C Charging Cable,1
2019-05-19,209190,Google Phone,Wired Headphones,Google Phone + Wired Headphones,1
2019-05-19,209206,20in Monitor,Lightning Charging Cable,20in Monitor + Lightning Charging Cable,1
2019-05-14,209217,27in 4K Gaming Monitor,ThinkPad Laptop,27in 4K Gaming Monitor + ThinkPad Laptop,1
2019-05-10,209235,Google Phone,USB-C Charging Cable,Google Phone + USB-C Charging Cable,1
2019-05-10,209235,Google Phone,Wired Headphones,Google Phone + Wired Headphones,1
2019-05-10,209235,USB-C Charging Cable,Wired Headphones,USB-C Charging Cable + Wired Headphones,1
2019-05-20,209241,Lightning Charging Cable,iPhone,Lightning Charging Cable + iPhone,1
2019-05-20,209269,AA Batteries (4-pack),Lightning Charging Cable,AA Batteries (4-pack) + Lightning Charging Cable,1
2019-05-20,209269,AA Batteries (4-pack),iPhone,AA Batteries (4-pack) + iPhone,1
2019-05-20,209269,Lightning Charging Cable,iPhone,Lightning Charging Cable + iPhone,1
2019-05-16,209361,Google Phone,USB-C Charging Cable,Google Phone + USB-C Charging Cable,1
2019-05-29,209364,Lightning Charging Cable,iPhone,Lightning Charging Cable + iPhone,1
2019-05-09,209388,Apple Airpods Headphones,Vareebadd Phone,Apple Airpods Headphones + Vareebadd Phone,1
2019-05-27,209417,27in 4K Gaming Monitor,27in FHD Monitor,27in 4K Gaming Monitor + 27in FHD Monitor,1
2019-05-13,209431,Lightning Charging Cable,iPhone,Lightning Charging Cable + iPhone,1
2019-05-25,209457,Apple Airpods Headphones,iPhone,Apple Airpods Headphones + iPhone,1
2019-05-18,209468,Google Phone,USB-C Charging Cable,Google Phone + USB-C Charging Cable,1
2019-05-10,209480,Lightning Charging Cable,iPhone,Lightning Charging Cable + iPhone,1
2019-05-15,209501,Apple Airpods Headphones,USB-C Charging Cable,Apple Airpods Headphones + USB-C Charging Cable,1
2019-05-14,209533,AAA Batteries (4-pack),USB-C Charging Cable,AAA Batteries (4-pack) + USB-C Charging Cable,1
2019-05-04,209535,Google Phone,USB-C Charging Cable,Google Phone + USB-C Charging Cable,1
2019-05-27,209580,AA Batteries (4-pack),Wired Headphones,AA Batteries (4-pack) + Wired Headphones,1
2019-05-01,209589,AA Batteries (4-pack),ThinkPad Laptop,AA Batteries (4-pack) + ThinkPad Laptop,1
2019-05-12,209609,Bose SoundSport Headphones,Google Phone,Bose SoundSport Headphones + Google Phone,1
2019-05-20,209622,Wired Headphones,iPhone,Wired Headphones + iPhone,1
2019-05-16,209632,Apple Airpods Headphones,Lightning Charging Cable,Apple Airpods Headphones + Lightning Charging Cable,1
2019-05-02,209638,Bose SoundSport Headphones,Lightning Charging Cable,Bose SoundSport Headphones + Lightning Charging Cable,1
2019-05-11,209651,Apple Airpods Headphones,USB-C Charging Cable,Apple Airpods Headphones + USB-C Charging Cable,1
2019-05-11,209651,Apple Airpods Headphones,Vareebadd Phone,Apple Airpods Headphones + Vareebadd Phone,1
2019-05-11,209651,USB-C Charging Cable,Vareebadd Phone,USB-C Charging Cable + Vareebadd Phone,1
2019-05-09,209659,Bose SoundSport Headphones,Google Phone,Bose SoundSport Headphones + Google Phone,1
2019-05-09,209659,Bose SoundSport Headphones,USB-C Charging Cable,Bose SoundSport Headphones + USB-C Charging Cable,1
2019-05-09,209659,Google Phone,USB-C Charging Cable,Google Phone + USB-C Charging Cable,1
2019-05-21,209661,Google Phone,USB-C Charging Cable,Google Phone + USB-C Charging Cable,1
2019-05-25,209684,Lightning Charging Cable,Wired Headphones,Lightning Charging Cable + Wired Headphones,1
2019-05-14,209704,Google Phone,USB-C Charging Cable,Google Phone + USB-C Charging Cable,1
2019-05-08,209726,AA Batteries (4-pack),Macbook Pro Laptop,AA Batteries (4-pack) + Macbook Pro Laptop,1
2019-05-18,209759,Google Phone,USB-C Charging Cable,Google Phone + USB-C Charging Cable,1
2019-05-10,209763,Google Phone,USB-C Charging Cable,Google Phone + USB-C Charging Cable,1
2019-05-10,209778,Apple Airpods Headphones,iPhone,Apple Airpods Headphones + iPhone,1
2019-05-17,209785,AA Batteries (4-pack),Flatscreen TV,AA Batteries (4-pack) + Flatscreen TV,1
2019-05-03,209794,USB-C Charging Cable,Wired Headphones,USB-C Charging Cable + Wired Headphones,1
2019-05-28,209810,AA Batteries (4-pack),USB-C Charging Cable,AA Batteries (4-pack) + USB-C Charging Cable,1
2019-05-25,209859,Google Phone,USB-C Charging Cable,Google Phone + USB-C Charging Cable,1
2019-05-25,209859,Google Phone,Wired Headphones,Google Phone + Wired Headphones,1
2019-05-25,209859,USB-C Charging Cable,Wired Headphones,USB-C Charging Cable + Wired Headphones,1
2019-06-15,209938,Wired Headphones,iPhone,Wired Headphones + iPhone,1
2019-06-23,209949,Google Phone,USB-C Charging Cable,Google Phone + USB-C Charging Cable,1
2019-06-22,209960,AA Batteries (4-pack),USB-C Charging Cable,AA Batteries (4-pack) + USB-C Charging Cable,1
2019-06-01,209961,Lightning Charging Cable,iPhone,Lightning Charging Cable + iPhone,1
2019-06-16,210064,27in FHD Monitor,Lightning Charging Cable,27in FHD Monitor + Lightning Charging Cable,1
2019-06-17,210144,27in 4K Gaming Monitor,AA Batteries (4-pack),27in 4K Gaming Monitor + AA Batteries (4-pack),1
2019-06-16,210148,20in Monitor,Wired Headphones,20in Monitor + Wired Headphones,1
2019-06-16,210207,Google Phone,USB-C Charging Cable,Google Phone + USB-C Charging Cable,1
2019-06-11,210253,Google Phone,USB-C Charging Cable,Google Phone + USB-C Charging Cable,1
2019-06-15,210271,USB-C Charging Cable,Vareebadd Phone,USB-C Charging Cable + Vareebadd Phone,1
2019-06-22,210274,27in FHD Monitor,Apple Airpods Headphones,27in FHD Monitor + Apple Airpods Headphones,1
2019-06-14,210285,AAA Batteries (4-pack),Apple Airpods Headphones,AAA Batteries (4-pack) + Apple Airpods Headphones,1
2019-06-12,210310,Flatscreen TV,USB-C Charging Cable,Flatscreen TV + USB-C Charging Cable,1
2019-06-22,210320,AAA Batteries (4-pack),Apple Airpods Headphones,AAA Batteries (4-pack) + Apple Airpods Headphones,1
2019-06-29,210349,Macbook Pro Laptop,USB-C Charging Cable,Macbook Pro Laptop + USB-C Charging Cable,1
2019-06-01,210351,Bose SoundSport Headphones,USB-C Charging Cable,Bose SoundSport Headphones + USB-C Charging Cable,1
2019-06-13,210365,USB-C Charging Cable,Vareebadd Phone,USB-C Charging Cable + Vareebadd Phone,1
2019-06-08,210371,Google Phone,Wired Headphones,Google Phone + Wired Headphones,1
2019-06-20,210400,AAA Batteries (4-pack),Lightning Charging Cable,AAA Batteries (4-pack) + Lightning Charging Cable,1
2019-06-20,210440,AAA Batteries (4-pack),Lightning Charging Cable,AAA Batteries (4-pack) + Lightning Charging Cable,1
2019-06-18,210443,27in 4K Gaming Monitor,USB-C Charging Cable,27in 4K Gaming Monitor + USB-C Charging Cable,1
2019-06-08,210456,Lightning Charging Cable,Wired Headphones,Lightning Charging Cable + Wired Headphones,1
2019-06-21,210495,Lightning Charging Cable,iPhone,Lightning Charging Cable + iPhone,1
2019-06-03,210577,Google Phone,USB-C Charging Cable,Google Phone + USB-C Charging Cable,1
2019-06-25,210592,USB-C Charging Cable,Vareebadd Phone,USB-C Charging Cable + Vareebadd Phone,1
2019-06-12,210605,Wired Headphones,iPhone,Wired Headphones + iPhone,1
2019-06-26,210609,AA Batteries (4-pack),Lightning Charging Cable,AA Batteries (4-pack) + Lightning Charging Cable,1
2019-06-14,210660,Bose SoundSport Headphones,Wired Headphones,Bose SoundSport Headphones + Wired Headphones,1
2019-06-22,210679,Lightning Charging Cable,iPhone,Lightning Charging Cable + iPhone,1
2019-06-16,210683,Lightning Charging Cable,iPhone,Lightning Charging Cable + iPhone,1
2019-06-20,210710,Google Phone,USB-C Charging Cable,Google Phone + USB-C Charging Cable,1
2019-06-22,210711,Wired Headphones,iPhone,Wired Headphones + iPhone,1
2019-06-24,210712,USB-C Charging Cable,Wired Headphones,USB-C Charging Cable + Wired Headphones,1
2019-06-28,210716,Macbook Pro Laptop,USB-C Charging Cable,Macbook Pro Laptop + USB-C Charging Cable,1
2019-06-29,210748,Lightning Charging Cable,iPhone,Lightning Charging Cable + iPhone,1
2019-06-24,210755,Wired Headphones,iPhone,Wired Headphones + iPhone,1
2019-06-08,210769,AAA Batteries (4-pack),Lightning Charging Cable,AAA Batteries (4-pack) + Lightning Charging Cable,1
2019-06-07,210792,AAA Batteries (4-pack),Google Phone,AAA Batteries (4-pack) + Google Phone,1
2019-06-04,210827,Apple Airpods Headphones,iPhone,Apple Airpods Headphones + iPhone,1
2019-06-22,210837,USB-C Charging Cable,Vareebadd Phone,USB-C Charging Cable + Vareebadd Phone,1
2019-06-02,210867,AA Batteries (4-pack),Lightning Charging Cable,AA Batteries (4-pack) + Lightning Charging Cable,1
2019-06-17,210883,Lightning Charging Cable,iPhone,Lightning Charging Cable + iPhone,1
2019-06-16,210920,AAA Batteries (4-pack),Apple Airpods Headphones,AAA Batteries (4-pack) + Apple Airpods Headphones,1
2019-06-08,210923,Bose SoundSport Headphones,USB-C Charging Cable,Bose SoundSport Headphones + USB-C Charging Cable,1
2019-06-24,210964,USB-C Charging Cable,Vareebadd Phone,USB-C Charging Cable + Vareebadd Phone,1
2019-06-24,210964,USB-C Charging Cable,Wired Headphones,USB-C Charging Cable + Wired Headphones,1
2019-06-24,210964,Vareebadd Phone,Wired Headphones,Vareebadd Phone + Wired Headphones,1
2019-06-26,210995,Vareebadd Phone,Wired Headphones,Vareebadd Phone + Wired Headphones,1
2019-06-17,210996,Apple Airpods Headphones,Lightning Charging Cable,Apple Airpods Headphones + Lightning Charging Cable,1
2019-06-14,211017,AA Batteries (4-pack),Bose SoundSport Headphones,AA Batteries (4-pack) + Bose SoundSport Headphones,1
2019-06-22,211058,Apple Airpods Headphones,Macbook Pro Laptop,Apple Airpods Headphones + Macbook Pro Laptop,1
2019-06-22,211074,Bose SoundSport Headphones,Vareebadd Phone,Bose SoundSport Headphones + Vareebadd Phone,1
2019-06-18,211094,AA Batteries (4-pack),AAA Batteries (4-pack),AA Batteries (4-pack) + AAA Batteries (4-pack),1
2019-06-18,211101,Apple Airpods Headphones,USB-C Charging Cable,Apple Airpods Headphones + USB-C Charging Cable,1
2019-06-09,211105,Google Phone,USB-C Charging Cable,Google Phone + USB-C Charging Cable,1
2019-06-30,211124,Lightning Charging Cable,iPhone,Lightning Charging Cable + iPhone,1
2019-06-18,211134,Google Phone,USB-C Charging Cable,Google Phone + USB-C Charging Cable,1
2019-06-13,211186,34in Ultrawide Monitor,Wired Headphones,34in Ultrawide Monitor + Wired Headphones,1
2019-06-22,211188,Google Phone,USB-C Charging Cable,Google Phone + USB-C Charging Cable,1
2019-06-08,211193,AA Batteries (4-pack),USB-C Charging Cable,AA Batteries (4-pack) + USB-C Charging Cable,1
2019-06-05,211231,AA Batteries (4-pack),Wired Headphones,AA Batteries (4-pack) + Wired Headphones,1
2019-06-30,211255,34in Ultrawide Monitor,AAA Batteries (4-pack),34in Ultrawide Monitor + AAA Batteries (4-pack),1
2019-06-25,211329,27in FHD Monitor,Apple Airpods Headphones,27in FHD Monitor + Apple Airpods Headphones,1
2019-06-15,211347,USB-C Charging Cable,Vareebadd Phone,USB-C Charging Cable + Vareebadd Phone,1
2019-06-06,211348,Bose SoundSport Headphones,Google Phone,Bose SoundSport Headphones + Google Phone,1
2019-06-14,211355,Apple Airpods Headphones,iPhone,Apple Airpods Headphones + iPhone,1
2019-06-01,211359,27in 4K Gaming Monitor,AA Batteries (4-pack),27in 4K Gaming Monitor + AA Batteries (4-pack),1
2019-06-06,211377,AA Batteries (4-pack),Flatscreen TV,AA Batteries (4-pack) + Flatscreen TV,1
2019-06-29,211467,Lightning Charging Cable,iPhone,Lightning Charging Cable + iPhone,1
2019-06-11,211472,Lightning Charging Cable,iPhone,Lightning Charging Cable + iPhone,1
2019-06-01,211478,AAA Batteries (4-pack),USB-C Charging Cable,AAA Batteries (4-pack) + USB-C Charging Cable,1
2019-06-16,211488,AA Batteries (4-pack),Google Phone,AA Batteries (4-pack) + Google Phone,1
2019-06-17,211533,Google Phone,USB-C Charging Cable,Google Phone + USB-C Charging Cable,1
2019-06-16,211559,AA Batteries (4-pack),Lightning Charging Cable,AA Batteries (4-pack) + Lightning Charging Cable,1
2019-06-20,211567,Apple Airpods Headphones,USB-C Charging Cable,Apple Airpods Headphones + USB-C Charging Cable,1
2019-06-30,211575,Google Phone,USB-C Charging Cable,Google Phone + USB-C Charging Cable,1
2019-06-08,211576,27in 4K Gaming Monitor,Wired Headphones,27in 4K Gaming Monitor + Wired Headphones,1
2019-06-29,211580,Google Phone,USB-C Charging Cable,Google Phone + USB-C Charging Cable,1
2019-06-07,211609,Google Phone,USB-C Charging Cable,Google Phone + USB-C Charging Cable,1
2019-06-09,211619,Lightning Charging Cable,iPhone,Lightning Charging Cable + iPhone,1
2019-06-28,211627,Apple Airpods Headphones,Lightning Charging Cable,Apple Airpods Headphones + Lightning Charging Cable,1
2019-06-20,211741,27in FHD Monitor,34in Ultrawide Monitor,27in FHD Monitor + 34in Ultrawide Monitor,1
2019-06-18,211745,Lightning Charging Cable,iPhone,Lightning Charging Cable + iPhone,1
2019-06-10,211748,Lightning Charging Cable,iPhone,Lightning Charging Cable + iPhone,1
2019-06-04,211763,AAA Batteries (4-pack),Wired Headphones,AAA Batteries (4-pack) + Wired Headphones,1
2019-06-19,211777,27in 4K Gaming Monitor,34in Ultrawide Monitor,27in 4K Gaming Monitor + 34in Ultrawide Monitor,1
2019-06-25,211802,27in FHD Monitor,AAA Batteries (4-pack),27in FHD Monitor + AAA Batteries (4-pack),1
2019-06-03,211811,Bose SoundSport Headphones,Lightning Charging Cable,Bose SoundSport Headphones + Lightning Charging Cable,1
2019-06-28,211874,34in Ultrawide Monitor,Wired Headphones,34in Ultrawide Monitor + Wired Headphones,1
2019-06-13,211887,Lightning Charging Cable,Wired Headphones,Lightning Charging Cable + Wired Headphones,1
2019-06-06,211898,Wired Headphones,iPhone,Wired Headphones + iPhone,1
2019-06-20,211915,Bose SoundSport Headphones,USB-C Charging Cable,Bose SoundSport Headphones + USB-C Charging Cable,1
2019-06-20,211915,Bose SoundSport Headphones,Vareebadd Phone,Bose SoundSport Headphones + Vareebadd Phone,1
2019-06-20,211915,USB-C Charging Cable,Vareebadd Phone,USB-C Charging Cable + Vareebadd Phone,1
2019-06-29,211939,USB-C Charging Cable,Vareebadd Phone,USB-C Charging Cable + Vareebadd Phone,1
2019-06-02,211944,Lightning Charging Cable,iPhone,Lightning Charging Cable + iPhone,1
2019-06-13,211965,USB-C Charging Cable,Wired Headphones,USB-C Charging Cable + Wired Headphones,1
2019-06-15,211970,Google Phone,USB-C Charging Cable,Google Phone + USB-C Charging Cable,1
2019-06-01,211992,Lightning Charging Cable,iPhone,Lightning Charging Cable + iPhone,1
2019-06-21,212061,USB-C Charging Cable,Wired Headphones,USB-C Charging Cable + Wired Headphones,1
2019-06-23,212142,Wired Headphones,iPhone,Wired Headphones + iPhone,1
2019-06-24,212202,Lightning Charging Cable,iPhone,Lightning Charging Cable + iPhone,1
2019-06-19,212235,AA Batteries (4-pack),Macbook Pro Laptop,AA Batteries (4-pack) + Macbook Pro Laptop,1
2019-06-19,212237,Lightning Charging Cable,Wired Headphones,Lightning Charging Cable + Wired Headphones,1
2019-06-17,212295,Bose SoundSport Headphones,USB-C Charging Cable,Bose SoundSport Headphones + USB-C Charging Cable,1
2019-06-18,212313,Google Phone,USB-C Charging Cable,Google Phone + USB-C Charging Cable,1
2019-06-06,212334,Apple Airpods Headphones,Lightning Charging Cable,Apple Airpods Headphones + Lightning Charging Cable,1
2019-06-06,212334,Apple Airpods Headphones,Wired Headphones,Apple Airpods Headphones + Wired Headphones,1
2019-06-06,212334,Apple Airpods Headphones,iPhone,Apple Airpods Headphones + iPhone,1
2019-06-06,212334,Lightning Charging Cable,Wired Headphones,Lightning Charging Cable + Wired Headphones,1
2019-06-06,212334,Lightning Charging Cable,iPhone,Lightning Charging Cable + iPhone,1
2019-06-06,212334,Wired Headphones,iPhone,Wired Headphones + iPhone,1
2019-06-01,212382,Flatscreen TV,USB-C Charging Cable,Flatscreen TV + USB-C Charging Cable,1
2019-06-30,212403,Apple Airpods Headphones,Bose SoundSport Headphones,Apple Airpods Headphones + Bose SoundSport Headphones,1
2019-06-11,212456,Apple Airpods Headphones,USB-C Charging Cable,Apple Airpods Headphones + USB-C Charging Cable,1
2019-06-07,212476,USB-C Charging Cable,Vareebadd Phone,USB-C Charging Cable + Vareebadd Phone,1
2019-06-15,212502,Google Phone,Wired Headphones,Google Phone + Wired Headphones,1
2019-06-10,212512,Google Phone,Wired Headphones,Google Phone + Wired Headphones,1
2019-06-23,212515,27in 4K Gaming Monitor,AAA Batteries (4-pack),27in 4K Gaming Monitor + AAA Batteries (4-pack),1
2019-06-19,212544,Wired Headphones,iPhone,Wired Headphones + iPhone,1
2019-06-04,212546,Apple Airpods Headphones,Bose SoundSport Headphones,Apple Airpods Headphones + Bose SoundSport Headphones,1
2019-06-03,212576,Google Phone,Wired Headphones,Google Phone + Wired Headphones,1
2019-06-10,212616,AA Batteries (4-pack),USB-C Charging Cable,AA Batteries (4-pack) + USB-C Charging Cable,1
2019-06-14,212617,Wired Headphones,iPhone,Wired Headphones + iPhone,1
2019-06-30,212624,Lightning Charging Cable,iPhone,Lightning Charging Cable + iPhone,1
2019-06-21,212644,USB-C Charging Cable,Wired Headphones,USB-C Charging Cable + Wired Headphones,1
2019-06-09,212745,Lightning Charging Cable,iPhone,Lightning Charging Cable + iPhone,1
2019-06-12,212753,Google Phone,USB-C Charging Cable,Google Phone + USB-C Charging Cable,1
2019-06-12,212753,Google Phone,Wired Headphones,Google Phone + Wired Headphones,1
2019-06-12,212753,USB-C Charging Cable,Wired Headphones,USB-C Charging Cable + Wired Headphones,1
2019-06-22,212756,AAA Batteries (4-pack),Wired Headphones,AAA Batteries (4-pack) + Wired Headphones,1
2019-06-14,212758,Google Phone,USB-C Charging Cable,Google Phone + USB-C Charging Cable,1
2019-06-26,212759,USB-C Charging Cable,Wired Headphones,USB-C Charging Cable + Wired Headphones,1
2019-06-06,212774,Bose SoundSport Headphones,USB-C Charging Cable,Bose SoundSport Headphones + USB-C Charging Cable,1
2019-06-06,212774,Bose SoundSport Headphones,Vareebadd Phone,Bose SoundSport Headphones + Vareebadd Phone,1
2019-06-06,212774,USB-C Charging Cable,Vareebadd Phone,USB-C Charging Cable + Vareebadd Phone,1
2019-06-26,212813,AAA Batteries (4-pack),Bose SoundSport Headphones,AAA Batteries (4-pack) + Bose SoundSport Headphones,1
2019-06-29,212815,Vareebadd Phone,Wired Headphones,Vareebadd Phone + Wired Headphones,1
2019-06-13,212861,Apple Airpods Headphones,Wired Headphones,Apple Airpods Headphones + Wired Headphones,1
2019-06-28,212875,Lightning Charging Cable,iPhone,Lightning Charging Cable + iPhone,1
2019-06-18,212937,AAA Batteries (4-pack),LG Washing Machine,AAA Batteries (4-pack) + LG Washing Machine,1
2019-06-17,212960,Apple Airpods Headphones,Wired Headphones,Apple Airpods Headphones + Wired Headphones,1
2019-06-22,212961,34in Ultrawide Monitor,Wired Headphones,34in Ultrawide Monitor + Wired Headphones,1
2019-06-30,212980,Lightning Charging Cable,iPhone,Lightning Charging Cable + iPhone,1
2019-06-16,213033,Lightning Charging Cable,iPhone,Lightning Charging Cable + iPhone,1
2019-06-28,213078,Google Phone,USB-C Charging Cable,Google Phone + USB-C Charging Cable,1
2019-06-29,213138,Google Phone,USB-C Charging Cable,Google Phone + USB-C Charging Cable,1
2019-06-29,213138,Google Phone,Wired Headphones,Google Phone + Wired Headphones,1
2019-06-29,213138,USB-C Charging Cable,Wired Headphones,USB-C Charging Cable + Wired Headphones,1
2019-06-30,213159,Apple Airpods Headphones,iPhone,Apple Airpods Headphones + iPhone,1
2019-06-04,213175,Lightning Charging Cable,iPhone,Lightning Charging Cable + iPhone,1
2019-06-11,213192,Google Phone,USB-C Charging Cable,Google Phone + USB-C Charging Cable,1
2019-06-29,213212,Google Phone,USB-C Charging Cable,Google Phone + USB-C Charging Cable,1
2019-06-22,213216,Lightning Charging Cable,iPhone,Lightning Charging Cable + iPhone,1
2019-06-08,213231,27in 4K Gaming Monitor,AA Batteries (4-pack),27in 4K Gaming Monitor + AA Batteries (4-pack),1
2019-06-19,213247,Google Phone,Wired Headphones,Google Phone + Wired Headphones,1
2019-06-24,213267,AAA Batteries (4-pack),Apple Airpods Headphones,AAA Batteries (4-pack) + Apple Airpods Headphones,1
2019-06-21,213268,Lightning Charging Cable,iPhone,Lightning Charging Cable + iPhone,1
2019-06-21,213274,Lightning Charging Cable,iPhone,Lightning Charging Cable + iPhone,1
2019-06-05,213299,Lightning Charging Cable,iPhone,Lightning Charging Cable + iPhone,1
2019-06-22,213331,Lightning Charging Cable,Macbook Pro Laptop,Lightning Charging Cable + Macbook Pro Laptop,1
2019-06-04,213332,27in 4K Gaming Monitor,USB-C Charging Cable,27in 4K Gaming Monitor + USB-C Charging Cable,1
2019-06-29,213365,Wired Headphones,iPhone,Wired Headphones + iPhone,1
2019-06-14,213367,Lightning Charging Cable,iPhone,Lightning Charging Cable + iPhone,1
2019-06-19,213401,Apple Airpods Headphones,Lightning Charging Cable,Apple Airpods Headphones + Lightning Charging Cable,1
2019-06-19,213401,Apple Airpods Headphones,iPhone,Apple Airpods Headphones + iPhone,1
2019-06-19,213401,Lightning Charging Cable,iPhone,Lightning Charging Cable + iPhone,1
2019-06-21,213426,AAA Batteries (4-pack),iPhone,AAA Batteries (4-pack) + iPhone,1
2019-06-26,213444,Bose SoundSport Headphones,Vareebadd Phone,Bose SoundSport Headphones + Vareebadd Phone,1
2019-06-13,213451,AAA Batteries (4-pack),Lightning Charging Cable,AAA Batteries (4-pack) + Lightning Charging Cable,1
2019-06-24,213493,20in Monitor,Wired Headphones,20in Monitor + Wired Headphones,1
2019-06-19,213515,Apple Airpods Headphones,iPhone,Apple Airpods Headphones + iPhone,1
2019-06-23,213524,Wired Headphones,iPhone,Wired Headphones + iPhone,1
2019-06-15,213540,AAA Batteries (4-pack),iPhone,AAA Batteries (4-pack) + iPhone,1
2019-06-19,213546,Google Phone,USB-C Charging Cable,Google Phone + USB-C Charging Cable,1
2019-06-02,213554,Flatscreen TV,iPhone,Flatscreen TV + iPhone,1
2019-06-10,213559,Google Phone,USB-C Charging Cable,Google Phone + USB-C Charging Cable,1
2019-06-15,213692,Google Phone,USB-C Charging Cable,Google Phone + USB-C Charging Cable,1
2019-06-04,213697,Lightning Charging Cable,iPhone,Lightning Charging Cable + iPhone,1
2019-06-16,213713,AA Batteries (4-pack),Bose SoundSport Headphones,AA Batteries (4-pack) + Bose SoundSport Headphones,1
2019-06-14,213720,Google Phone,ThinkPad Laptop,Google Phone + ThinkPad Laptop,1
2019-06-10,213729,Macbook Pro Laptop,Wired Headphones,Macbook Pro Laptop + Wired Headphones,1
2019-06-23,213738,Vareebadd Phone,Wired Headphones,Vareebadd Phone + Wired Headphones,1
2019-06-30,213754,Apple Airpods Headphones,Wired Headphones,Apple Airpods Headphones + Wired Headphones,1
2019-06-14,213797,Lightning Charging Cable,Macbook Pro Laptop,Lightning Charging Cable + Macbook Pro Laptop,1
2019-06-29,213802,Apple Airpods Headphones,Lightning Charging Cable,Apple Airpods Headphones + Lightning Charging Cable,1
2019-06-23,213805,34in Ultrawide Monitor,LG Washing Machine,34in Ultrawide Monitor + LG Washing Machine,1
2019-06-11,213829,AAA Batteries (4-pack),USB-C Charging Cable,AAA Batteries (4-pack) + USB-C Charging Cable,1
2019-06-12,213845,Lightning Charging Cable,iPhone,Lightning Charging Cable + iPhone,1
2019-06-28,213854,AAA Batteries (4-pack),USB-C Charging Cable,AAA Batteries (4-pack) + USB-C Charging Cable,1
2019-06-28,213944,Apple Airpods Headphones,iPhone,Apple Airpods Headphones + iPhone,1
2019-06-11,213966,Lightning Charging Cable,iPhone,Lightning Charging Cable + iPhone,1
2019-06-29,213992,Google Phone,USB-C Charging Cable,Google Phone + USB-C Charging Cable,1
2019-06-15,214010,Lightning Charging Cable,Wired Headphones,Lightning Charging Cable + Wired Headphones,1
2019-06-15,214010,Lightning Charging Cable,iPhone,Lightning Charging Cable + iPhone,1
2019-06-15,214010,Wired Headphones,iPhone,Wired Headphones + iPhone,1
2019-06-06,214022,AAA Batteries (4-pack),USB-C Charging Cable,AAA Batteries (4-pack) + USB-C Charging Cable,1
2019-06-23,214029,Bose SoundSport Headphones,Google Phone,Bose SoundSport Headphones + Google Phone,1
2019-06-29,214064,AAA Batteries (4-pack),USB-C Charging Cable,AAA Batteries (4-pack) + USB-C Charging Cable,1
2019-06-09,214071,Lightning Charging Cable,iPhone,Lightning Charging Cable + iPhone,1
2019-06-17,214081,Lightning Charging Cable,iPhone,Lightning Charging Cable + iPhone,1
2019-06-08,214094,Bose SoundSport Headphones,Macbook Pro Laptop,Bose SoundSport Headphones + Macbook Pro Laptop,1
2019-07-01,214099,USB-C Charging Cable,Wired Headphones,USB-C Charging Cable + Wired Headphones,1
2019-06-01,214175,Lightning Charging Cable,iPhone,Lightning Charging Cable + iPhone,1
2019-06-03,214241,Lightning Charging Cable,iPhone,Lightning Charging Cable + iPhone,1
2019-06-09,214254,Bose SoundSport Headphones,Google Phone,Bose SoundSport Headphones + Google Phone,1
2019-06-21,214256,AA Batteries (4-pack),AAA Batteries (4-pack),AA Batteries (4-pack) + AAA Batteries (4-pack),1
2019-06-27,214259,Wired Headphones,iPhone,Wired Headphones + iPhone,1
2019-06-18,214286,27in 4K Gaming Monitor,Wired Headphones,27in 4K Gaming Monitor + Wired Headphones,1
2019-06-04,214292,Lightning Charging Cable,iPhone,Lightning Charging Cable + iPhone,1
2019-06-21,214349,Wired Headphones,iPhone,Wired Headphones + iPhone,1
2019-06-22,214367,Google Phone,USB-C Charging Cable,Google Phone + USB-C Charging Cable,1
2019-06-28,214375,Lightning Charging Cable,iPhone,Lightning Charging Cable + iPhone,1
2019-06-03,214390,Apple Airpods Headphones,iPhone,Apple Airpods Headphones + iPhone,1
2019-06-05,214391,AA Batteries (4-pack),Wired Headphones,AA Batteries (4-pack) + Wired Headphones,1
2019-06-05,214441,Google Phone,USB-C Charging Cable,Google Phone + USB-C Charging Cable,1
2019-06-16,214447,Google Phone,USB-C Charging Cable,Google Phone + USB-C Charging Cable,1
2019-06-12,214490,Lightning Charging Cable,iPhone,Lightning Charging Cable + iPhone,1
2019-06-19,214505,Google Phone,Wired Headphones,Google Phone + Wired Headphones,1
2019-06-24,214510,Lightning Charging Cable,iPhone,Lightning Charging Cable + iPhone,1
2019-06-26,214522,Google Phone,Wired Headphones,Google Phone + Wired Headphones,1
2019-06-17,214523,27in 4K Gaming Monitor,AAA Batteries (4-pack),27in 4K Gaming Monitor + AAA Batteries (4-pack),1
2019-06-04,214528,Lightning Charging Cable,USB-C Charging Cable,Lightning Charging Cable + USB-C Charging Cable,1
2019-06-10,214535,34in Ultrawide Monitor,Apple Airpods Headphones,34in Ultrawide Monitor + Apple Airpods Headphones,1
2019-06-15,214549,Google Phone,USB-C Charging Cable,Google Phone + USB-C Charging Cable,1
2019-06-06,214563,USB-C Charging Cable,Vareebadd Phone,USB-C Charging Cable + Vareebadd Phone,1
2019-06-30,214654,Bose SoundSport Headphones,Wired Headphones,Bose SoundSport Headphones + Wired Headphones,1
2019-06-01,214666,USB-C Charging Cable,Vareebadd Phone,USB-C Charging Cable + Vareebadd Phone,1
2019-06-20,214680,AAA Batteries (4-pack),USB-C Charging Cable,AAA Batteries (4-pack) + USB-C Charging Cable,1
2019-06-21,214681,Wired Headphones,iPhone,Wired Headphones + iPhone,1
2019-06-06,214689,Wired Headphones,iPhone,Wired Headphones + iPhone,1
2019-06-14,214696,27in FHD Monitor,34in Ultrawide Monitor,27in FHD Monitor + 34in Ultrawide Monitor,1
2019-06-16,214702,Apple Airpods Headphones,iPhone,Apple Airpods Headphones + iPhone,1
2019-06-09,214705,Apple Airpods Headphones,Wired Headphones,Apple Airpods Headphones + Wired Headphones,1
2019-06-25,214748,Lightning Charging Cable,iPhone,Lightning Charging Cable + iPhone,1
2019-06-11,214823,Lightning Charging Cable,Wired Headphones,Lightning Charging Cable + Wired Headphones,1
2019-06-11,214823,Lightning Charging Cable,iPhone,Lightning Charging Cable + iPhone,1
2019-06-11,214823,Wired Headphones,iPhone,Wired Headphones + iPhone,1
2019-06-26,214834,Lightning Charging Cable,iPhone,Lightning Charging Cable + iPhone,1
2019-06-25,214880,Google Phone,USB-C Charging Cable,Google Phone + USB-C Charging Cable,1
2019-06-24,214899,Google Phone,USB-C Charging Cable,Google Phone + USB-C Charging Cable,1
2019-06-04,214910,Google Phone,Macbook Pro Laptop,Google Phone + Macbook Pro Laptop,1
2019-06-20,214959,Vareebadd Phone,Wired Headphones,Vareebadd Phone + Wired Headphones,1
2019-06-05,214973,27in 4K Gaming Monitor,AAA Batteries (4-pack),27in 4K Gaming Monitor + AAA Batteries (4-pack),1
2019-06-04,214988,34in Ultrawide Monitor,Lightning Charging Cable,34in Ultrawide Monitor + Lightning Charging Cable,1
2019-06-27,214990,34in Ultrawide Monitor,AAA Batteries (4-pack),34in Ultrawide Monitor + AAA Batteries (4-pack),1
2019-06-06,215028,Bose SoundSport Headphones,Google Phone,Bose SoundSport Headphones + Google Phone,1
2019-06-01,215033,Lightning Charging Cable,iPhone,Lightning Charging Cable + iPhone,1
2019-06-29,215082,Lightning Charging Cable,iPhone,Lightning Charging Cable + iPhone,1
2019-06-16,215100,Google Phone,Wired Headphones,Google Phone + Wired Headphones,1
2019-06-18,215105,Google Phone,USB-C Charging Cable,Google Phone + USB-C Charging Cable,1
2019-06-26,215127,AA Batteries (4-pack),Apple Airpods Headphones,AA Batteries (4-pack) + Apple Airpods Headphones,1
2019-06-22,215163,Apple Airpods Headphones,Wired Headphones,Apple Airpods Headphones + Wired Headphones,1
2019-06-02,215174,34in Ultrawide Monitor,iPhone,34in Ultrawide Monitor + iPhone,1
2019-06-25,215186,Google Phone,USB-C Charging Cable,Google Phone + USB-C Charging Cable,1
2019-06-05,215194,Google Phone,Wired Headphones,Google Phone + Wired Headphones,1
2019-06-12,215276,Lightning Charging Cable,iPhone,Lightning Charging Cable + iPhone,1
2019-06-23,215279,Lightning Charging Cable,iPhone,Lightning Charging Cable + iPhone,1
2019-06-14,215282,Google Phone,Wired Headphones,Google Phone + Wired Headphones,1
2019-06-29,215327,Google Phone,Wired Headphones,Google Phone + Wired Headphones,1
2019-06-21,215336,Bose SoundSport Headphones,Vareebadd Phone,Bose SoundSport Headphones + Vareebadd Phone,1
2019-06-19,215356,20in Monitor,AA Batteries (4-pack),20in Monitor + AA Batteries (4-pack),1
2019-06-03,215551,Lightning Charging Cable,iPhone,Lightning Charging Cable + iPhone,1
2019-06-22,215569,Apple Airpods Headphones,iPhone,Apple Airpods Headphones + iPhone,1
2019-06-19,215592,Vareebadd Phone,Wired Headphones,Vareebadd Phone + Wired Headphones,1
2019-06-20,215593,USB-C Charging Cable,Vareebadd Phone,USB-C Charging Cable + Vareebadd Phone,1
2019-06-04,215640,Google Phone,USB-C Charging Cable,Google Phone + USB-C Charging Cable,1
2019-06-18,215653,20in Monitor,USB-C Charging Cable,20in Monitor + USB-C Charging Cable,1
2019-06-03,215689,27in 4K Gaming Monitor,Google Phone,27in 4K Gaming Monitor + Google Phone,1
2019-06-15,215700,AA Batteries (4-pack),Apple Airpods Headphones,AA Batteries (4-pack) + Apple Airpods Headphones,1
2019-06-17,215710,Google Phone,USB-C Charging Cable,Google Phone + USB-C Charging Cable,1
2019-06-17,215710,Google Phone,Wired Headphones,Google Phone + Wired Headphones,1
2019-06-17,215710,USB-C Charging Cable,Wired Headphones,USB-C Charging Cable + Wired Headphones,1
2019-06-25,215711,27in FHD Monitor,AA Batteries (4-pack),27in FHD Monitor + AA Batteries (4-pack),1
2019-06-26,215816,Google Phone,USB-C Charging Cable,Google Phone + USB-C Charging Cable,1
2019-06-28,215843,Vareebadd Phone,Wired Headphones,Vareebadd Phone + Wired Headphones,1
2019-06-23,215846,Lightning Charging Cable,iPhone,Lightning Charging Cable + iPhone,1
2019-06-07,215899,Vareebadd Phone,Wired Headphones,Vareebadd Phone + Wired Headphones,1
2019-06-20,215904,Bose SoundSport Headphones,Google Phone,Bose SoundSport Headphones + Google Phone,1
2019-06-09,215907,Lightning Charging Cable,iPhone,Lightning Charging Cable + iPhone,1
2019-06-16,216021,AAA Batteries (4-pack),Lightning Charging Cable,AAA Batteries (4-pack) + Lightning Charging Cable,1
2019-06-09,216047,Bose SoundSport Headphones,Google Phone,Bose SoundSport Headphones + Google Phone,1
2019-06-25,216067,Apple Airpods Headphones,USB-C Charging Cable,Apple Airpods Headphones + USB-C Charging Cable,1
2019-06-29,216082,Wired Headphones,iPhone,Wired Headphones + iPhone,1
2019-06-13,216091,Bose SoundSport Headphones,Lightning Charging Cable,Bose SoundSport Headphones + Lightning Charging Cable,1
2019-06-09,216107,Wired Headphones,iPhone,Wired Headphones + iPhone,1
2019-06-13,216114,AAA Batteries (4-pack),Wired Headphones,AAA Batteries (4-pack) + Wired Headphones,1
2019-06-05,216159,Google Phone,Wired Headphones,Google Phone + Wired Headphones,1
2019-06-26,216179,20in Monitor,Wired Headphones,20in Monitor + Wired Headphones,1
2019-06-16,216198,Apple Airpods Headphones,iPhone,Apple Airpods Headphones + iPhone,1
2019-06-16,216248,27in 4K Gaming Monitor,Apple Airpods Headphones,27in 4K Gaming Monitor + Apple Airpods Headphones,1
2019-06-23,216337,Google Phone,USB-C Charging Cable,Google Phone + USB-C Charging Cable,1
2019-06-16,216352,Bose SoundSport Headphones,Flatscreen TV,Bose SoundSport Headphones + Flatscreen TV,1
2019-07-01,216431,Google Phone,Vareebadd Phone,Google Phone + Vareebadd Phone,1
2019-06-15,216541,Lightning Charging Cable,iPhone,Lightning Charging Cable + iPhone,1
2019-06-07,216558,AAA Batteries (4-pack),Vareebadd Phone,AAA Batteries (4-pack) + Vareebadd Phone,1
2019-06-16,216570,Bose SoundSport Headphones,Google Phone,Bose SoundSport Headphones + Google Phone,1
2019-06-16,216570,Bose SoundSport Headphones,USB-C Charging Cable,Bose SoundSport Headphones + USB-C Charging Cable,1
2019-06-16,216570,Google Phone,USB-C Charging Cable,Google Phone + USB-C Charging Cable,1
2019-06-28,216582,AA Batteries (4-pack),Lightning Charging Cable,AA Batteries (4-pack) + Lightning Charging Cable,1
2019-06-05,216693,Apple Airpods Headphones,Macbook Pro Laptop,Apple Airpods Headphones + Macbook Pro Laptop,1
2019-06-22,216702,AAA Batteries (4-pack),Apple Airpods Headphones,AAA Batteries (4-pack) + Apple Airpods Headphones,1
2019-06-20,216705,27in 4K Gaming Monitor,AAA Batteries (4-pack),27in 4K Gaming Monitor + AAA Batteries (4-pack),1
2019-06-15,216735,AAA Batteries (4-pack),Lightning Charging Cable,AAA Batteries (4-pack) + Lightning Charging Cable,1
2019-06-06,216757,34in Ultrawide Monitor,Flatscreen TV,34in Ultrawide Monitor + Flatscreen TV,1
2019-06-20,216766,ThinkPad Laptop,Wired Headphones,ThinkPad Laptop + Wired Headphones,1
2019-06-01,216768,AA Batteries (4-pack),Bose SoundSport Headphones,AA Batteries (4-pack) + Bose SoundSport Headphones,1
2019-06-23,216771,27in FHD Monitor,AAA Batteries (4-pack),27in FHD Monitor + AAA Batteries (4-pack),1
2019-06-07,216776,Bose SoundSport Headphones,Google Phone,Bose SoundSport Headphones + Google Phone,1
2019-06-06,216787,Google Phone,USB-C Charging Cable,Google Phone + USB-C Charging Cable,1
2019-06-18,216803,Vareebadd Phone,Wired Headphones,Vareebadd Phone + Wired Headphones,1
2019-06-14,216804,LG Washing Machine,iPhone,LG Washing Machine + iPhone,1
2019-06-14,216941,34in Ultrawide Monitor,iPhone,34in Ultrawide Monitor + iPhone,1
2019-06-12,216943,Lightning Charging Cable,iPhone,Lightning Charging Cable + iPhone,1
2019-06-10,216974,Google Phone,USB-C Charging Cable,Google Phone + USB-C Charging Cable,1
2019-06-25,216976,27in 4K Gaming Monitor,iPhone,27in 4K Gaming Monitor + iPhone,1
2019-06-11,217008,Google Phone,USB-C Charging Cable,Google Phone + USB-C Charging Cable,1
2019-06-06,217023,Google Phone,Wired Headphones,Google Phone + Wired Headphones,1
2019-06-11,217028,Apple Airpods Headphones,iPhone,Apple Airpods Headphones + iPhone,1
2019-06-20,217042,Macbook Pro Laptop,USB-C Charging Cable,Macbook Pro Laptop + USB-C Charging Cable,1
2019-06-29,217066,Google Phone,Wired Headphones,Google Phone + Wired Headphones,1
2019-06-04,217067,USB-C Charging Cable,Vareebadd Phone,USB-C Charging Cable + Vareebadd Phone,1
2019-06-27,217169,Apple Airpods Headphones,ThinkPad Laptop,Apple Airpods Headphones + ThinkPad Laptop,1
2019-06-03,217185,AAA Batteries (4-pack),Bose SoundSport Headphones,AAA Batteries (4-pack) + Bose SoundSport Headphones,1
2019-06-06,217274,AAA Batteries (4-pack),Wired Headphones,AAA Batteries (4-pack) + Wired Headphones,1
2019-06-22,217302,Bose SoundSport Headphones,Vareebadd Phone,Bose SoundSport Headphones + Vareebadd Phone,1
2019-06-23,217360,Apple Airpods Headphones,Wired Headphones,Apple Airpods Headphones + Wired Headphones,1
2019-06-23,217360,Apple Airpods Headphones,iPhone,Apple Airpods Headphones + iPhone,1
2019-06-23,217360,Wired Headphones,iPhone,Wired Headphones + iPhone,1
2019-06-09,217460,Google Phone,USB-C Charging Cable,Google Phone + USB-C Charging Cable,1
2019-06-15,217469,USB-C Charging Cable,iPhone,USB-C Charging Cable + iPhone,1
2019-06-24,217505,Flatscreen TV,Wired Headphones,Flatscreen TV + Wired Headphones,1
2019-06-01,217521,Flatscreen TV,Lightning Charging Cable,Flatscreen TV + Lightning Charging Cable,1
2019-06-15,217618,Wired Headphones,iPhone,Wired Headphones + iPhone,1
2019-06-11,217651,LG Dryer,Wired Headphones,LG Dryer + Wired Headphones,1
2019-06-30,217666,Google Phone,USB-C Charging Cable,Google Phone + USB-C Charging Cable,1
2019-06-23,217742,Lightning Charging Cable,iPhone,Lightning Charging Cable + iPhone,1
2019-06-06,217795,Apple Airpods Headphones,Wired Headphones,Apple Airpods Headphones + Wired Headphones,1
2019-06-23,217820,Apple Airpods Headphones,iPhone,Apple Airpods Headphones + iPhone,1
2019-06-15,217856,Bose SoundSport Headphones,Vareebadd Phone,Bose SoundSport Headphones + Vareebadd Phone,1
2019-06-18,217866,Apple Airpods Headphones,USB-C Charging Cable,Apple Airpods Headphones + USB-C Charging Cable,1
2019-06-29,217868,Google Phone,USB-C Charging Cable,Google Phone + USB-C Charging Cable,1
2019-06-11,217869,27in FHD Monitor,USB-C Charging Cable,27in FHD Monitor + USB-C Charging Cable,1
2019-06-07,217874,27in 4K Gaming Monitor,Macbook Pro Laptop,27in 4K Gaming Monitor + Macbook Pro Laptop,1
2019-06-20,217980,27in 4K Gaming Monitor,ThinkPad Laptop,27in 4K Gaming Monitor + ThinkPad Laptop,1
2019-06-12,217995,Vareebadd Phone,Wired Headphones,Vareebadd Phone + Wired Headphones,1
2019-06-20,218023,Lightning Charging Cable,iPhone,Lightning Charging Cable + iPhone,1
2019-06-18,218051,Google Phone,Wired Headphones,Google Phone + Wired Headphones,1
2019-06-15,218057,AA Batteries (4-pack),Apple Airpods Headphones,AA Batteries (4-pack) + Apple Airpods Headphones,1
2019-06-04,218062,Apple Airpods Headphones,iPhone,Apple Airpods Headphones + iPhone,1
2019-06-15,218080,Apple Airpods Headphones,Lightning Charging Cable,Apple Airpods Headphones + Lightning Charging Cable,1
2019-06-15,218080,Apple Airpods Headphones,iPhone,Apple Airpods Headphones + iPhone,1
2019-06-15,218080,Lightning Charging Cable,iPhone,Lightning Charging Cable + iPhone,1
2019-06-25,218082,Lightning Charging Cable,iPhone,Lightning Charging Cable + iPhone,1
2019-06-03,218106,27in FHD Monitor,Lightning Charging Cable,27in FHD Monitor + Lightning Charging Cable,1
2019-06-25,218109,Lightning Charging Cable,Wired Headphones,Lightning Charging Cable + Wired Headphones,1
2019-06-25,218109,Lightning Charging Cable,iPhone,Lightning Charging Cable + iPhone,1
2019-06-25,218109,Wired Headphones,iPhone,Wired Headphones + iPhone,1
2019-06-01,218116,Apple Airpods Headphones,iPhone,Apple Airpods Headphones + iPhone,1
2019-06-10,218154,Google Phone,USB-C Charging Cable,Google Phone + USB-C Charging Cable,1
2019-06-16,218182,Apple Airpods Headphones,iPhone,Apple Airpods Headphones + iPhone,1
2019-06-06,218244,AA Batteries (4-pack),ThinkPad Laptop,AA Batteries (4-pack) + ThinkPad Laptop,1
2019-06-11,218245,Lightning Charging Cable,iPhone,Lightning Charging Cable + iPhone,1
2019-06-30,218274,Lightning Charging Cable,iPhone,Lightning Charging Cable + iPhone,1
2019-06-05,218294,Bose SoundSport Headphones,Google Phone,Bose SoundSport Headphones + Google Phone,1
2019-06-09,218324,USB-C Charging Cable,Vareebadd Phone,USB-C Charging Cable + Vareebadd Phone,1
2019-06-17,218383,34in Ultrawide Monitor,Lightning Charging Cable,34in Ultrawide Monitor + Lightning Charging Cable,1
2019-06-03,218439,27in 4K Gaming Monitor,Macbook Pro Laptop,27in 4K Gaming Monitor + Macbook Pro Laptop,1
2019-06-03,218508,Lightning Charging Cable,iPhone,Lightning Charging Cable + iPhone,1
2019-06-01,218527,Lightning Charging Cable,iPhone,Lightning Charging Cable + iPhone,1
2019-06-12,218530,USB-C Charging Cable,Vareebadd Phone,USB-C Charging Cable + Vareebadd Phone,1
2019-06-12,218530,USB-C Charging Cable,Wired Headphones,USB-C Charging Cable + Wired Headphones,1
2019-06-12,218530,Vareebadd Phone,Wired Headphones,Vareebadd Phone + Wired Headphones,1
2019-06-27,218560,USB-C Charging Cable,Vareebadd Phone,USB-C Charging Cable + Vareebadd Phone,1
2019-06-16,218579,Lightning Charging Cable,iPhone,Lightning Charging Cable + iPhone,1
2019-06-11,218595,Google Phone,USB-C Charging Cable,Google Phone + USB-C Charging Cable,1
2019-06-10,218611,Wired Headphones,iPhone,Wired Headphones + iPhone,1
2019-06-03,218616,Lightning Charging Cable,iPhone,Lightning Charging Cable + iPhone,1
2019-06-25,218640,Lightning Charging Cable,ThinkPad Laptop,Lightning Charging Cable + ThinkPad Laptop,1
2019-06-15,218666,Apple Airpods Headphones,Macbook Pro Laptop,Apple Airpods Headphones + Macbook Pro Laptop,1
2019-06-12,218685,Google Phone,USB-C Charging Cable,Google Phone + USB-C Charging Cable,1
2019-06-11,218708,Google Phone,USB-C Charging Cable,Google Phone + USB-C Charging Cable,1
2019-06-11,218708,Google Phone,Wired Headphones,Google Phone + Wired Headphones,1
2019-06-11,218708,USB-C Charging Cable,Wired Headphones,USB-C Charging Cable + Wired Headphones,1
2019-06-28,218723,Lightning Charging Cable,Wired Headphones,Lightning Charging Cable + Wired Headphones,1
2019-06-28,218723,Lightning Charging Cable,iPhone,Lightning Charging Cable + iPhone,1
2019-06-28,218723,Wired Headphones,iPhone,Wired Headphones + iPhone,1
2019-06-18,218762,Lightning Charging Cable,iPhone,Lightning Charging Cable + iPhone,1
2019-06-10,218774,Lightning Charging Cable,Wired Headphones,Lightning Charging Cable + Wired Headphones,1
2019-06-10,218774,Lightning Charging Cable,iPhone,Lightning Charging Cable + iPhone,1
2019-06-10,218774,Wired Headphones,iPhone,Wired Headphones + iPhone,1
2019-06-27,218802,Apple Airpods Headphones,iPhone,Apple Airpods Headphones + iPhone,1
2019-06-12,218812,Google Phone,Wired Headphones,Google Phone + Wired Headphones,1
2019-06-04,218819,Apple Airpods Headphones,Bose SoundSport Headphones,Apple Airpods Headphones + Bose SoundSport Headphones,1
2019-06-10,218834,Wired Headphones,iPhone,Wired Headphones + iPhone,1
2019-06-03,218841,USB-C Charging Cable,Vareebadd Phone,USB-C Charging Cable + Vareebadd Phone,1
2019-06-23,218848,Lightning Charging Cable,iPhone,Lightning Charging Cable + iPhone,1
2019-06-08,218911,Lightning Charging Cable,Macbook Pro Laptop,Lightning Charging Cable + Macbook Pro Laptop,1
2019-06-11,218960,Bose SoundSport Headphones,Wired Headphones,Bose SoundSport Headphones + Wired Headphones,1
2019-06-22,218961,Google Phone,Wired Headphones,Google Phone + Wired Headphones,1
2019-06-02,218974,27in 4K Gaming Monitor,AAA Batteries (4-pack),27in 4K Gaming Monitor + AAA Batteries (4-pack),1
2019-06-28,218978,Lightning Charging Cable,iPhone,Lightning Charging Cable + iPhone,1
2019-06-05,218983,AAA Batteries (4-pack),Wired Headphones,AAA Batteries (4-pack) + Wired Headphones,1
2019-06-20,218995,34in Ultrawide Monitor,Lightning Charging Cable,34in Ultrawide Monitor + Lightning Charging Cable,1
2019-06-20,218995,34in Ultrawide Monitor,iPhone,34in Ultrawide Monitor + iPhone,1
2019-06-20,218995,Lightning Charging Cable,iPhone,Lightning Charging Cable + iPhone,1
2019-06-07,219005,Lightning Charging Cable,iPhone,Lightning Charging Cable + iPhone,1
2019-06-08,219009,USB-C Charging Cable,Vareebadd Phone,USB-C Charging Cable + Vareebadd Phone,1
2019-06-23,219053,Apple Airpods Headphones,iPhone,Apple Airpods Headphones + iPhone,1
2019-06-25,219087,Lightning Charging Cable,iPhone,Lightning Charging Cable + iPhone,1
2019-06-29,219093,Apple Airpods Headphones,iPhone,Apple Airpods Headphones + iPhone,1
2019-06-02,219153,Bose SoundSport Headphones,Google Phone,Bose SoundSport Headphones + Google Phone,1
2019-06-02,219153,Bose SoundSport Headphones,USB-C Charging Cable,Bose SoundSport Headphones + USB-C Charging Cable,1
2019-06-02,219153,Google Phone,USB-C Charging Cable,Google Phone + USB-C Charging Cable,1
2019-06-20,219176,34in Ultrawide Monitor,Lightning Charging Cable,34in Ultrawide Monitor + Lightning Charging Cable,1
2019-06-29,219218,AAA Batteries (4-pack),Wired Headphones,AAA Batteries (4-pack) + Wired Headphones,1
2019-06-27,219239,Lightning Charging Cable,iPhone,Lightning Charging Cable + iPhone,1
2019-06-23,219250,Lightning Charging Cable,Wired Headphones,Lightning Charging Cable + Wired Headphones,1
2019-06-22,219263,Google Phone,USB-C Charging Cable,Google Phone + USB-C Charging Cable,1
2019-06-27,219299,Lightning Charging Cable,iPhone,Lightning Charging Cable + iPhone,1
2019-06-21,219322,Lightning Charging Cable,iPhone,Lightning Charging Cable + iPhone,1
2019-06-19,219340,AAA Batteries (4-pack),Apple Airpods Headphones,AAA Batteries (4-pack) + Apple Airpods Headphones,1
2019-06-07,219349,Apple Airpods Headphones,Lightning Charging Cable,Apple Airpods Headphones + Lightning Charging Cable,1
2019-06-22,219390,Lightning Charging Cable,iPhone,Lightning Charging Cable + iPhone,1
2019-06-12,219404,Apple Airpods Headphones,Vareebadd Phone,Apple Airpods Headphones + Vareebadd Phone,1
2019-06-05,219452,Google Phone,USB-C Charging Cable,Google Phone + USB-C Charging Cable,1
2019-06-17,219480,USB-C Charging Cable,iPhone,USB-C Charging Cable + iPhone,1
2019-06-13,219489,Flatscreen TV,ThinkPad Laptop,Flatscreen TV + ThinkPad Laptop,1
2019-06-26,219541,Bose SoundSport Headphones,Google Phone,Bose SoundSport Headphones + Google Phone,1
2019-06-03,219564,Bose SoundSport Headphones,USB-C Charging Cable,Bose SoundSport Headphones + USB-C Charging Cable,1
2019-06-21,219567,AA Batteries (4-pack),AAA Batteries (4-pack),AA Batteries (4-pack) + AAA Batteries (4-pack),1
2019-06-22,219583,Bose SoundSport Headphones,Vareebadd Phone,Bose SoundSport Headphones + Vareebadd Phone,1
2019-06-19,219589,Lightning Charging Cable,iPhone,Lightning Charging Cable + iPhone,1
2019-06-10,219596,Apple Airpods Headphones,Lightning Charging Cable,Apple Airpods Headphones + Lightning Charging Cable,1
2019-06-10,219596,Apple Airpods Headphones,iPhone,Apple Airpods Headphones + iPhone,1
2019-06-10,219596,Lightning Charging Cable,iPhone,Lightning Charging Cable + iPhone,1
2019-06-04,219627,ThinkPad Laptop,Wired Headphones,ThinkPad Laptop + Wired Headphones,1
2019-06-01,219751,USB-C Charging Cable,Vareebadd Phone,USB-C Charging Cable + Vareebadd Phone,1
2019-06-22,219766,Google Phone,USB-C Charging Cable,Google Phone + USB-C Charging Cable,1
2019-06-08,219782,Lightning Charging Cable,iPhone,Lightning Charging Cable + iPhone,1
2019-06-08,219818,Google Phone,USB-C Charging Cable,Google Phone + USB-C Charging Cable,1
2019-06-28,219904,Lightning Charging Cable,iPhone,Lightning Charging Cable + iPhone,1
2019-06-11,219950,AAA Batteries (4-pack),Flatscreen TV,AAA Batteries (4-pack) + Flatscreen TV,1
2019-06-07,219956,AA Batteries (4-pack),Lightning Charging Cable,AA Batteries (4-pack) + Lightning Charging Cable,1
2019-06-27,220013,27in FHD Monitor,Bose SoundSport Headphones,27in FHD Monitor + Bose SoundSport Headphones,1
2019-06-27,220013,27in FHD Monitor,Google Phone,27in FHD Monitor + Google Phone,1
2019-06-27,220013,Bose SoundSport Headphones,Google Phone,Bose SoundSport Headphones + Google Phone,1
2019-06-11,220052,Lightning Charging Cable,iPhone,Lightning Charging Cable + iPhone,1
2019-06-16,220070,Apple Airpods Headphones,Bose SoundSport Headphones,Apple Airpods Headphones + Bose SoundSport Headphones,1
2019-06-05,220153,Bose SoundSport Headphones,Lightning Charging Cable,Bose SoundSport Headphones + Lightning Charging Cable,1
2019-06-27,220155,Apple Airpods Headphones,iPhone,Apple Airpods Headphones + iPhone,1
2019-06-05,220185,AAA Batteries (4-pack),Wired Headphones,AAA Batteries (4-pack) + Wired Headphones,1
2019-06-19,220208,Wired Headphones,iPhone,Wired Headphones + iPhone,1
2019-06-19,220223,AAA Batteries (4-pack),Wired Headphones,AAA Batteries (4-pack) + Wired Headphones,1
2019-06-02,220241,Bose SoundSport Headphones,Google Phone,Bose SoundSport Headphones + Google Phone,1
2019-06-10,220246,Apple Airpods Headphones,iPhone,Apple Airpods Headphones + iPhone,1
2019-06-01,220267,Google Phone,USB-C Charging Cable,Google Phone + USB-C Charging Cable,1
2019-06-25,220276,AA Batteries (4-pack),USB-C Charging Cable,AA Batteries (4-pack) + USB-C Charging Cable,1
2019-06-04,220293,AAA Batteries (4-pack),iPhone,AAA Batteries (4-pack) + iPhone,1
2019-06-28,220310,Wired Headphones,iPhone,Wired Headphones + iPhone,1
2019-06-06,220320,Lightning Charging Cable,iPhone,Lightning Charging Cable + iPhone,1
2019-06-05,220374,AAA Batteries (4-pack),Lightning Charging Cable,AAA Batteries (4-pack) + Lightning Charging Cable,1
2019-06-26,220381,Apple Airpods Headphones,iPhone,Apple Airpods Headphones + iPhone,1
2019-06-09,220484,AAA Batteries (4-pack),Apple Airpods Headphones,AAA Batteries (4-pack) + Apple Airpods Headphones,1
2019-06-01,220526,Apple Airpods Headphones,iPhone,Apple Airpods Headphones + iPhone,1
2019-06-13,220556,Bose SoundSport Headphones,Lightning Charging Cable,Bose SoundSport Headphones + Lightning Charging Cable,1
2019-06-25,220678,Wired Headphones,iPhone,Wired Headphones + iPhone,1
2019-06-25,220764,AA Batteries (4-pack),Apple Airpods Headphones,AA Batteries (4-pack) + Apple Airpods Headphones,1
2019-06-04,220779,AAA Batteries (4-pack),Bose SoundSport Headphones,AAA Batteries (4-pack) + Bose SoundSport Headphones,1
2019-06-01,220792,Bose SoundSport Headphones,Google Phone,Bose SoundSport Headphones + Google Phone,1
2019-06-08,220795,Lightning Charging Cable,iPhone,Lightning Charging Cable + iPhone,1
2019-06-05,220810,Google Phone,Wired Headphones,Google Phone + Wired Headphones,1
2019-06-30,220837,Wired Headphones,iPhone,Wired Headphones + iPhone,1
2019-06-10,220840,AAA Batteries (4-pack),ThinkPad Laptop,AAA Batteries (4-pack) + ThinkPad Laptop,1
2019-06-14,220848,Apple Airpods Headphones,Vareebadd Phone,Apple Airpods Headphones + Vareebadd Phone,1
2019-06-21,220894,Google Phone,Wired Headphones,Google Phone + Wired Headphones,1
2019-06-04,220913,27in FHD Monitor,Bose SoundSport Headphones,27in FHD Monitor + Bose SoundSport Headphones,1
2019-06-09,220924,Google Phone,USB-C Charging Cable,Google Phone + USB-C Charging Cable,1
2019-06-26,220929,AA Batteries (4-pack),USB-C Charging Cable,AA Batteries (4-pack) + USB-C Charging Cable,1
2019-06-05,220937,USB-C Charging Cable,Vareebadd Phone,USB-C Charging Cable + Vareebadd Phone,1
2019-06-28,220968,Bose SoundSport Headphones,Lightning Charging Cable,Bose SoundSport Headphones + Lightning Charging Cable,1
2019-06-21,220997,Lightning Charging Cable,iPhone,Lightning Charging Cable + iPhone,1
2019-06-04,221022,Google Phone,USB-C Charging Cable,Google Phone + USB-C Charging Cable,1
2019-06-28,221035,Google Phone,USB-C Charging Cable,Google Phone + USB-C Charging Cable,1
2019-06-28,221035,Google Phone,Wired Headphones,Google Phone + Wired Headphones,1
2019-06-28,221035,USB-C Charging Cable,Wired Headphones,USB-C Charging Cable + Wired Headphones,1
2019-06-25,221079,Google Phone,USB-C Charging Cable,Google Phone + USB-C Charging Cable,1
2019-06-06,221090,AA Batteries (4-pack),Lightning Charging Cable,AA Batteries (4-pack) + Lightning Charging Cable,1
2019-06-30,221101,27in 4K Gaming Monitor,USB-C Charging Cable,27in 4K Gaming Monitor + USB-C Charging Cable,1
2019-06-30,221180,Google Phone,USB-C Charging Cable,Google Phone + USB-C Charging Cable,1
2019-06-18,221194,Lightning Charging Cable,USB-C Charging Cable,Lightning Charging Cable + USB-C Charging Cable,1
2019-06-26,221229,Apple Airpods Headphones,Lightning Charging Cable,Apple Airpods Headphones + Lightning Charging Cable,1
2019-06-26,221229,Apple Airpods Headphones,iPhone,Apple Airpods Headphones + iPhone,1
2019-06-26,221229,Lightning Charging Cable,iPhone,Lightning Charging Cable + iPhone,1
2019-06-21,221241,Google Phone,Wired Headphones,Google Phone + Wired Headphones,1
2019-06-17,221262,Apple Airpods Headphones,Wired Headphones,Apple Airpods Headphones + Wired Headphones,1
2019-06-17,221262,Apple Airpods Headphones,iPhone,Apple Airpods Headphones + iPhone,1
2019-06-17,221262,Wired Headphones,iPhone,Wired Headphones + iPhone,1
2019-06-21,221269,AA Batteries (4-pack),Lightning Charging Cable,AA Batteries (4-pack) + Lightning Charging Cable,1
2019-06-10,221297,Bose SoundSport Headphones,Google Phone,Bose SoundSport Headphones + Google Phone,1
2019-06-25,221329,Google Phone,Wired Headphones,Google Phone + Wired Headphones,1
2019-06-13,221377,27in FHD Monitor,Bose SoundSport Headphones,27in FHD Monitor + Bose SoundSport Headphones,1
2019-06-20,221387,Google Phone,USB-C Charging Cable,Google Phone + USB-C Charging Cable,1
2019-06-04,221484,27in 4K Gaming Monitor,Wired Headphones,27in 4K Gaming Monitor + Wired Headphones,1
2019-06-15,221485,USB-C Charging Cable,Vareebadd Phone,USB-C Charging Cable + Vareebadd Phone,1
2019-06-14,221493,27in FHD Monitor,Apple Airpods Headphones,27in FHD Monitor + Apple Airpods Headphones,1
2019-06-14,221553,AA Batteries (4-pack),iPhone,AA Batteries (4-pack) + iPhone,1
2019-06-03,221588,Google Phone,USB-C Charging Cable,Google Phone + USB-C Charging Cable,1
2019-06-23,221592,Google Phone,USB-C Charging Cable,Google Phone + USB-C Charging Cable,1
2019-06-29,221643,27in 4K Gaming Monitor,Google Phone,27in 4K Gaming Monitor + Google Phone,1
2019-06-28,221665,Wired Headphones,iPhone,Wired Headphones + iPhone,1
2019-06-21,221672,Lightning Charging Cable,iPhone,Lightning Charging Cable + iPhone,1
2019-06-18,221705,AAA Batteries (4-pack),Apple Airpods Headphones,AAA Batteries (4-pack) + Apple Airpods Headphones,1
2019-06-23,221723,27in 4K Gaming Monitor,AAA Batteries (4-pack),27in 4K Gaming Monitor + AAA Batteries (4-pack),1
2019-06-14,221727,Bose SoundSport Headphones,USB-C Charging Cable,Bose SoundSport Headphones + USB-C Charging Cable,1
2019-06-15,221736,USB-C Charging Cable,Vareebadd Phone,USB-C Charging Cable + Vareebadd Phone,1
2019-06-07,221791,27in 4K Gaming Monitor,27in FHD Monitor,27in 4K Gaming Monitor + 27in FHD Monitor,1
2019-06-18,221825,Lightning Charging Cable,iPhone,Lightning Charging Cable + iPhone,1
2019-06-07,221862,20in Monitor,USB-C Charging Cable,20in Monitor + USB-C Charging Cable,1
2019-06-06,221869,Google Phone,USB-C Charging Cable,Google Phone + USB-C Charging Cable,1
2019-06-06,221869,Google Phone,Wired Headphones,Google Phone + Wired Headphones,1
2019-06-06,221869,USB-C Charging Cable,Wired Headphones,USB-C Charging Cable + Wired Headphones,1
2019-06-16,221890,27in FHD Monitor,Bose SoundSport Headphones,27in FHD Monitor + Bose SoundSport Headphones,1
2019-06-21,221932,Google Phone,Wired Headphones,Google Phone + Wired Headphones,1
2019-06-24,221960,Google Phone,USB-C Charging Cable,Google Phone + USB-C Charging Cable,1
2019-06-13,221980,Apple Airpods Headphones,Lightning Charging Cable,Apple Airpods Headphones + Lightning Charging Cable,1
2019-06-20,221996,Apple Airpods Headphones,iPhone,Apple Airpods Headphones + iPhone,1
2019-06-15,222058,Google Phone,USB-C Charging Cable,Google Phone + USB-C Charging Cable,1
2019-06-16,222065,Wired Headphones,iPhone,Wired Headphones + iPhone,1
2019-06-25,222068,USB-C Charging Cable,Wired Headphones,USB-C Charging Cable + Wired Headphones,1
2019-06-02,222104,Bose SoundSport Headphones,Lightning Charging Cable,Bose SoundSport Headphones + Lightning Charging Cable,1
2019-06-10,222110,Wired Headphones,iPhone,Wired Headphones + iPhone,1
2019-06-30,222119,Lightning Charging Cable,iPhone,Lightning Charging Cable + iPhone,1
2019-06-29,222157,Lightning Charging Cable,ThinkPad Laptop,Lightning Charging Cable + ThinkPad Laptop,1
2019-06-26,222192,AAA Batteries (4-pack),Apple Airpods Headphones,AAA Batteries (4-pack) + Apple Airpods Headphones,1
2019-06-23,222205,AAA Batteries (4-pack),USB-C Charging Cable,AAA Batteries (4-pack) + USB-C Charging Cable,1
2019-06-07,222221,USB-C Charging Cable,Vareebadd Phone,USB-C Charging Cable + Vareebadd Phone,1
2019-06-04,222332,27in FHD Monitor,34in Ultrawide Monitor,27in FHD Monitor + 34in Ultrawide Monitor,1
2019-06-17,222344,27in FHD Monitor,AAA Batteries (4-pack),27in FHD Monitor + AAA Batteries (4-pack),1
2019-06-22,222355,Bose SoundSport Headphones,Google Phone,Bose SoundSport Headphones + Google Phone,1
2019-06-13,222375,27in 4K Gaming Monitor,Wired Headphones,27in 4K Gaming Monitor + Wired Headphones,1
2019-06-18,222379,Lightning Charging Cable,Wired Headphones,Lightning Charging Cable + Wired Headphones,1
2019-06-12,222390,20in Monitor,Wired Headphones,20in Monitor + Wired Headphones,1
2019-06-06,222415,Google Phone,USB-C Charging Cable,Google Phone + USB-C Charging Cable,1
2019-06-06,222415,Google Phone,Wired Headphones,Google Phone + Wired Headphones,1
2019-06-06,222415,USB-C Charging Cable,Wired Headphones,USB-C Charging Cable + Wired Headphones,1
2019-06-17,222435,AAA Batteries (4-pack),USB-C Charging Cable,AAA Batteries (4-pack) + USB-C Charging Cable,1
2019-06-30,222438,Lightning Charging Cable,Macbook Pro Laptop,Lightning Charging Cable + Macbook Pro Laptop,1
2019-06-11,222442,Lightning Charging Cable,iPhone,Lightning Charging Cable + iPhone,1
2019-06-14,222451,Lightning Charging Cable,iPhone,Lightning Charging Cable + iPhone,1
2019-06-08,222456,27in FHD Monitor,USB-C Charging Cable,27in FHD Monitor + USB-C Charging Cable,1
2019-06-04,222464,34in Ultrawide Monitor,USB-C Charging Cable,34in Ultrawide Monitor + USB-C Charging Cable,1
2019-06-01,222469,Lightning Charging Cable,iPhone,Lightning Charging Cable + iPhone,1
2019-06-14,222473,Google Phone,USB-C Charging Cable,Google Phone + USB-C Charging Cable,1
2019-06-17,222496,Apple Airpods Headphones,iPhone,Apple Airpods Headphones + iPhone,1
2019-06-30,222517,Google Phone,USB-C Charging Cable,Google Phone + USB-C Charging Cable,1
2019-06-05,222527,Bose SoundSport Headphones,Google Phone,Bose SoundSport Headphones + Google Phone,1
2019-06-05,222527,Bose SoundSport Headphones,USB-C Charging Cable,Bose SoundSport Headphones + USB-C Charging Cable,1
2019-06-05,222527,Google Phone,USB-C Charging Cable,Google Phone + USB-C Charging Cable,1
2019-06-19,222531,USB-C Charging Cable,Vareebadd Phone,USB-C Charging Cable + Vareebadd Phone,1
2019-06-20,222555,USB-C Charging Cable,Vareebadd Phone,USB-C Charging Cable + Vareebadd Phone,1
2019-06-20,222555,USB-C Charging Cable,Wired Headphones,USB-C Charging Cable + Wired Headphones,1
2019-06-20,222555,Vareebadd Phone,Wired Headphones,Vareebadd Phone + Wired Headphones,1
2019-06-06,222635,Lightning Charging Cable,iPhone,Lightning Charging Cable + iPhone,1
2019-06-29,222688,Lightning Charging Cable,iPhone,Lightning Charging Cable + iPhone,1
2019-06-12,222697,USB-C Charging Cable,Vareebadd Phone,USB-C Charging Cable + Vareebadd Phone,1
2019-06-28,222741,27in 4K Gaming Monitor,AAA Batteries (4-pack),27in 4K Gaming Monitor + AAA Batteries (4-pack),1
2019-06-02,222743,Google Phone,USB-C Charging Cable,Google Phone + USB-C Charging Cable,1
2019-06-03,222787,27in 4K Gaming Monitor,AA Batteries (4-pack),27in 4K Gaming Monitor + AA Batteries (4-pack),1
2019-06-16,222812,USB-C Charging Cable,Vareebadd Phone,USB-C Charging Cable + Vareebadd Phone,1
2019-06-16,222812,USB-C Charging Cable,Wired Headphones,USB-C Charging Cable + Wired Headphones,1
2019-06-16,222812,Vareebadd Phone,Wired Headphones,Vareebadd Phone + Wired Headphones,1
2019-06-21,222817,Wired Headphones,iPhone,Wired Headphones + iPhone,1
2019-06-07,222863,27in FHD Monitor,Bose SoundSport Headphones,27in FHD Monitor + Bose SoundSport Headphones,1
2019-06-16,222868,Apple Airpods Headphones,iPhone,Apple Airpods Headphones + iPhone,1
2019-06-18,222882,AA Batteries (4-pack),Apple Airpods Headphones,AA Batteries (4-pack) + Apple Airpods Headphones,1
2019-06-04,222884,Google Phone,USB-C Charging Cable,Google Phone + USB-C Charging Cable,1
2019-06-07,222903,Lightning Charging Cable,iPhone,Lightning Charging Cable + iPhone,1
2019-07-07,223028,USB-C Charging Cable,Vareebadd Phone,USB-C Charging Cable + Vareebadd Phone,1
2019-07-07,223028,USB-C Charging Cable,Wired Headphones,USB-C Charging Cable + Wired Headphones,1
2019-07-07,223028,Vareebadd Phone,Wired Headphones,Vareebadd Phone + Wired Headphones,1
2019-07-21,223048,USB-C Charging Cable,Vareebadd Phone,USB-C Charging Cable + Vareebadd Phone,1
2019-07-03,223095,AA Batteries (4-pack),Apple Airpods Headphones,AA Batteries (4-pack) + Apple Airpods Headphones,1
2019-07-14,223106,Vareebadd Phone,Wired Headphones,Vareebadd Phone + Wired Headphones,1
2019-07-11,223117,Google Phone,USB-C Charging Cable,Google Phone + USB-C Charging Cable,1
2019-07-28,223133,AA Batteries (4-pack),AAA Batteries (4-pack),AA Batteries (4-pack) + AAA Batteries (4-pack),1
2019-07-22,223140,AA Batteries (4-pack),Flatscreen TV,AA Batteries (4-pack) + Flatscreen TV,1
2019-07-15,223144,Google Phone,USB-C Charging Cable,Google Phone + USB-C Charging Cable,1
2019-07-09,223210,27in FHD Monitor,AA Batteries (4-pack),27in FHD Monitor + AA Batteries (4-pack),1
2019-07-07,223221,Macbook Pro Laptop,Wired Headphones,Macbook Pro Laptop + Wired Headphones,1
2019-07-14,223222,20in Monitor,Apple Airpods Headphones,20in Monitor + Apple Airpods Headphones,1
2019-07-09,223244,AA Batteries (4-pack),AAA Batteries (4-pack),AA Batteries (4-pack) + AAA Batteries (4-pack),1
2019-07-21,223321,USB-C Charging Cable,Vareebadd Phone,USB-C Charging Cable + Vareebadd Phone,1
2019-07-23,223326,20in Monitor,iPhone,20in Monitor + iPhone,1
2019-07-26,223353,Apple Airpods Headphones,iPhone,Apple Airpods Headphones + iPhone,1
2019-07-06,223373,Macbook Pro Laptop,USB-C Charging Cable,Macbook Pro Laptop + USB-C Charging Cable,1
2019-07-25,223464,Google Phone,USB-C Charging Cable,Google Phone + USB-C Charging Cable,1
2019-07-29,223505,AAA Batteries (4-pack),Wired Headphones,AAA Batteries (4-pack) + Wired Headphones,1
2019-07-18,223526,Apple Airpods Headphones,Bose SoundSport Headphones,Apple Airpods Headphones + Bose SoundSport Headphones,1
2019-07-01,223533,AAA Batteries (4-pack),Bose SoundSport Headphones,AAA Batteries (4-pack) + Bose SoundSport Headphones,1
2019-07-26,223578,Google Phone,USB-C Charging Cable,Google Phone + USB-C Charging Cable,1
2019-07-17,223579,Lightning Charging Cable,iPhone,Lightning Charging Cable + iPhone,1
2019-07-17,223585,20in Monitor,Lightning Charging Cable,20in Monitor + Lightning Charging Cable,1
2019-07-21,223658,Google Phone,USB-C Charging Cable,Google Phone + USB-C Charging Cable,1
2019-07-08,223659,USB-C Charging Cable,Vareebadd Phone,USB-C Charging Cable + Vareebadd Phone,1
2019-07-28,223677,Lightning Charging Cable,iPhone,Lightning Charging Cable + iPhone,1
2019-07-28,223695,27in FHD Monitor,LG Washing Machine,27in FHD Monitor + LG Washing Machine,1
2019-07-11,223747,Google Phone,USB-C Charging Cable,Google Phone + USB-C Charging Cable,1
2019-07-24,223754,Lightning Charging Cable,iPhone,Lightning Charging Cable + iPhone,1
2019-07-31,223755,Bose SoundSport Headphones,Lightning Charging Cable,Bose SoundSport Headphones + Lightning Charging Cable,1
2019-07-13,223758,AA Batteries (4-pack),Wired Headphones,AA Batteries (4-pack) + Wired Headphones,1
2019-07-04,223844,27in FHD Monitor,LG Dryer,27in FHD Monitor + LG Dryer,1
2019-07-04,223855,Google Phone,USB-C Charging Cable,Google Phone + USB-C Charging Cable,1
2019-07-02,223885,27in FHD Monitor,AA Batteries (4-pack),27in FHD Monitor + AA Batteries (4-pack),1
2019-07-30,223914,Google Phone,USB-C Charging Cable,Google Phone + USB-C Charging Cable,1
2019-07-31,224011,Apple Airpods Headphones,iPhone,Apple Airpods Headphones + iPhone,1
2019-07-28,224141,AA Batteries (4-pack),Bose SoundSport Headphones,AA Batteries (4-pack) + Bose SoundSport Headphones,1
2019-07-22,224144,Apple Airpods Headphones,Bose SoundSport Headphones,Apple Airpods Headphones + Bose SoundSport Headphones,1
2019-07-15,224192,Apple Airpods Headphones,iPhone,Apple Airpods Headphones + iPhone,1
2019-07-26,224196,AA Batteries (4-pack),Wired Headphones,AA Batteries (4-pack) + Wired Headphones,1
2019-07-01,224207,Lightning Charging Cable,iPhone,Lightning Charging Cable + iPhone,1
2019-07-04,224257,Wired Headphones,iPhone,Wired Headphones + iPhone,1
2019-07-03,224291,Google Phone,Wired Headphones,Google Phone + Wired Headphones,1
2019-07-30,224345,Lightning Charging Cable,ThinkPad Laptop,Lightning Charging Cable + ThinkPad Laptop,1
2019-07-25,224351,34in Ultrawide Monitor,Bose SoundSport Headphones,34in Ultrawide Monitor + Bose SoundSport Headphones,1
2019-07-08,224374,Lightning Charging Cable,iPhone,Lightning Charging Cable + iPhone,1
2019-07-30,224378,Google Phone,Wired Headphones,Google Phone + Wired Headphones,1
2019-07-21,224481,USB-C Charging Cable,Vareebadd Phone,USB-C Charging Cable + Vareebadd Phone,1
2019-07-19,224490,Google Phone,Wired Headphones,Google Phone + Wired Headphones,1
2019-07-17,224494,AA Batteries (4-pack),iPhone,AA Batteries (4-pack) + iPhone,1
2019-07-14,224501,Wired Headphones,iPhone,Wired Headphones + iPhone,1
2019-07-05,224508,USB-C Charging Cable,Vareebadd Phone,USB-C Charging Cable + Vareebadd Phone,1
2019-07-01,224573,AAA Batteries (4-pack),USB-C Charging Cable,AAA Batteries (4-pack) + USB-C Charging Cable,1
2019-07-24,224625,AAA Batteries (4-pack),ThinkPad Laptop,AAA Batteries (4-pack) + ThinkPad Laptop,1
2019-07-02,224669,Apple Airpods Headphones,Google Phone,Apple Airpods Headphones + Google Phone,1
2019-07-14,224708,Wired Headphones,iPhone,Wired Headphones + iPhone,1
2019-07-17,224760,AA Batteries (4-pack),Google Phone,AA Batteries (4-pack) + Google Phone,1
2019-07-07,224769,USB-C Charging Cable,Wired Headphones,USB-C Charging Cable + Wired Headphones,1
2019-07-09,224780,Bose SoundSport Headphones,Google Phone,Bose SoundSport Headphones + Google Phone,1
2019-07-09,224780,Bose SoundSport Headphones,USB-C Charging Cable,Bose SoundSport Headphones + USB-C Charging Cable,1
2019-07-09,224780,Google Phone,USB-C Charging Cable,Google Phone + USB-C Charging Cable,1
2019-07-29,224784,Google Phone,USB-C Charging Cable,Google Phone + USB-C Charging Cable,1
2019-07-08,224789,27in FHD Monitor,34in Ultrawide Monitor,27in FHD Monitor + 34in Ultrawide Monitor,1
2019-07-03,224811,Bose SoundSport Headphones,Google Phone,Bose SoundSport Headphones + Google Phone,1
2019-07-26,224840,AAA Batteries (4-pack),ThinkPad Laptop,AAA Batteries (4-pack) + ThinkPad Laptop,1
2019-07-05,224862,USB-C Charging Cable,Vareebadd Phone,USB-C Charging Cable + Vareebadd Phone,1
2019-07-23,224881,Lightning Charging Cable,iPhone,Lightning Charging Cable + iPhone,1
2019-07-30,224960,AAA Batteries (4-pack),iPhone,AAA Batteries (4-pack) + iPhone,1
2019-07-02,224967,Google Phone,USB-C Charging Cable,Google Phone + USB-C Charging Cable,1
2019-07-06,224994,Flatscreen TV,ThinkPad Laptop,Flatscreen TV + ThinkPad Laptop,1
2019-07-29,225017,Lightning Charging Cable,iPhone,Lightning Charging Cable + iPhone,1
2019-07-09,225045,AA Batteries (4-pack),iPhone,AA Batteries (4-pack) + iPhone,1
2019-07-20,225086,Lightning Charging Cable,iPhone,Lightning Charging Cable + iPhone,1
2019-07-30,225106,Google Phone,Wired Headphones,Google Phone + Wired Headphones,1
2019-07-21,225112,Google Phone,USB-C Charging Cable,Google Phone + USB-C Charging Cable,1
2019-07-28,225122,Google Phone,Wired Headphones,Google Phone + Wired Headphones,1
2019-07-03,225145,Lightning Charging Cable,iPhone,Lightning Charging Cable + iPhone,1
2019-07-31,225171,Macbook Pro Laptop,USB-C Charging Cable,Macbook Pro Laptop + USB-C Charging Cable,1
2019-07-01,225232,Macbook Pro Laptop,USB-C Charging Cable,Macbook Pro Laptop + USB-C Charging Cable,1
2019-07-03,225250,Google Phone,USB-C Charging Cable,Google Phone + USB-C Charging Cable,1
2019-07-14,225280,34in Ultrawide Monitor,AA Batteries (4-pack),34in Ultrawide Monitor + AA Batteries (4-pack),1
2019-07-04,225323,Apple Airpods Headphones,Wired Headphones,Apple Airpods Headphones + Wired Headphones,1
2019-07-06,225326,Apple Airpods Headphones,Wired Headphones,Apple Airpods Headphones + Wired Headphones,1
2019-07-14,225331,27in FHD Monitor,USB-C Charging Cable,27in FHD Monitor + USB-C Charging Cable,1
2019-07-03,225347,Lightning Charging Cable,Wired Headphones,Lightning Charging Cable + Wired Headphones,1
2019-07-03,225347,Lightning Charging Cable,iPhone,Lightning Charging Cable + iPhone,1
2019-07-03,225347,Wired Headphones,iPhone,Wired Headphones + iPhone,1
2019-07-16,225350,Lightning Charging Cable,iPhone,Lightning Charging Cable + iPhone,1
2019-07-06,225362,Macbook Pro Laptop,Wired Headphones,Macbook Pro Laptop + Wired Headphones,1
2019-07-26,225376,AA Batteries (4-pack),AAA Batteries (4-pack),AA Batteries (4-pack) + AAA Batteries (4-pack),1
2019-07-29,225401,Google Phone,USB-C Charging Cable,Google Phone + USB-C Charging Cable,1
2019-07-24,225413,Wired Headphones,iPhone,Wired Headphones + iPhone,1
2019-07-29,225428,Bose SoundSport Headphones,Google Phone,Bose SoundSport Headphones + Google Phone,1
2019-07-08,225444,Apple Airpods Headphones,ThinkPad Laptop,Apple Airpods Headphones + ThinkPad Laptop,1
2019-07-24,225494,27in 4K Gaming Monitor,Bose SoundSport Headphones,27in 4K Gaming Monitor + Bose SoundSport Headphones,1
2019-07-24,225517,AAA Batteries (4-pack),Lightning Charging Cable,AAA Batteries (4-pack) + Lightning Charging Cable,1
2019-07-28,225543,27in FHD Monitor,AAA Batteries (4-pack),27in FHD Monitor + AAA Batteries (4-pack),1
2019-07-14,225578,Google Phone,USB-C Charging Cable,Google Phone + USB-C Charging Cable,1
2019-07-07,225686,USB-C Charging Cable,Vareebadd Phone,USB-C Charging Cable + Vareebadd Phone,1
2019-07-07,225686,USB-C Charging Cable,Wired Headphones,USB-C Charging Cable + Wired Headphones,1
2019-07-07,225686,Vareebadd Phone,Wired Headphones,Vareebadd Phone + Wired Headphones,1
2019-07-12,225710,AA Batteries (4-pack),USB-C Charging Cable,AA Batteries (4-pack) + USB-C Charging Cable,1
2019-07-16,225764,Google Phone,USB-C Charging Cable,Google Phone + USB-C Charging Cable,1
2019-07-13,225766,27in 4K Gaming Monitor,Wired Headphones,27in 4K Gaming Monitor + Wired Headphones,1
2019-07-16,225785,AA Batteries (4-pack),Wired Headphones,AA Batteries (4-pack) + Wired Headphones,1
2019-07-15,225787,Bose SoundSport Headphones,Wired Headphones,Bose SoundSport Headphones + Wired Headphones,1
2019-07-07,225788,Lightning Charging Cable,iPhone,Lightning Charging Cable + iPhone,1
2019-07-21,225803,Macbook Pro Laptop,Wired Headphones,Macbook Pro Laptop + Wired Headphones,1
2019-07-06,225834,Lightning Charging Cable,Wired Headphones,Lightning Charging Cable + Wired Headphones,1
2019-07-08,225852,Lightning Charging Cable,iPhone,Lightning Charging Cable + iPhone,1
2019-07-28,225855,Google Phone,Wired Headphones,Google Phone + Wired Headphones,1
2019-07-28,225859,Google Phone,Wired Headphones,Google Phone + Wired Headphones,1
2019-07-01,225862,Apple Airpods Headphones,iPhone,Apple Airpods Headphones + iPhone,1
2019-07-10,225897,Apple Airpods Headphones,iPhone,Apple Airpods Headphones + iPhone,1
2019-07-13,225901,Vareebadd Phone,Wired Headphones,Vareebadd Phone + Wired Headphones,1
2019-07-08,225910,Lightning Charging Cable,iPhone,Lightning Charging Cable + iPhone,1
2019-07-28,225937,Google Phone,Wired Headphones,Google Phone + Wired Headphones,1
2019-07-02,225959,AAA Batteries (4-pack),Lightning Charging Cable,AAA Batteries (4-pack) + Lightning Charging Cable,1
2019-07-11,225982,Apple Airpods Headphones,iPhone,Apple Airpods Headphones + iPhone,1
2019-07-22,225991,27in FHD Monitor,Macbook Pro Laptop,27in FHD Monitor + Macbook Pro Laptop,1
2019-07-14,225992,Google Phone,Wired Headphones,Google Phone + Wired Headphones,1
2019-07-05,226031,Wired Headphones,iPhone,Wired Headphones + iPhone,1
2019-07-01,226094,Apple Airpods Headphones,Lightning Charging Cable,Apple Airpods Headphones + Lightning Charging Cable,1
2019-07-27,226098,Apple Airpods Headphones,iPhone,Apple Airpods Headphones + iPhone,1
2019-07-27,226108,AAA Batteries (4-pack),iPhone,AAA Batteries (4-pack) + iPhone,1
2019-07-25,226129,Google Phone,USB-C Charging Cable,Google Phone + USB-C Charging Cable,1
2019-07-15,226147,Google Phone,USB-C Charging Cable,Google Phone + USB-C Charging Cable,1
2019-07-13,226154,Lightning Charging Cable,iPhone,Lightning Charging Cable + iPhone,1
2019-07-20,226188,Lightning Charging Cable,ThinkPad Laptop,Lightning Charging Cable + ThinkPad Laptop,1
2019-07-09,226217,Wired Headphones,iPhone,Wired Headphones + iPhone,1
2019-07-27,226248,Bose SoundSport Headphones,Wired Headphones,Bose SoundSport Headphones + Wired Headphones,1
2019-07-28,226278,20in Monitor,34in Ultrawide Monitor,20in Monitor + 34in Ultrawide Monitor,1
2019-07-26,226340,Google Phone,Wired Headphones,Google Phone + Wired Headphones,1
2019-07-14,226383,Google Phone,Wired Headphones,Google Phone + Wired Headphones,1
2019-07-04,226437,Apple Airpods Headphones,Wired Headphones,Apple Airpods Headphones + Wired Headphones,1
2019-07-04,226437,Apple Airpods Headphones,iPhone,Apple Airpods Headphones + iPhone,1
2019-07-04,226437,Wired Headphones,iPhone,Wired Headphones + iPhone,1
2019-07-07,226471,Google Phone,USB-C Charging Cable,Google Phone + USB-C Charging Cable,1
2019-07-15,226625,Google Phone,USB-C Charging Cable,Google Phone + USB-C Charging Cable,1
2019-07-15,226625,Google Phone,Wired Headphones,Google Phone + Wired Headphones,1
2019-07-15,226625,USB-C Charging Cable,Wired Headphones,USB-C Charging Cable + Wired Headphones,1
2019-07-21,226627,20in Monitor,Macbook Pro Laptop,20in Monitor + Macbook Pro Laptop,1
2019-07-11,226659,USB-C Charging Cable,Vareebadd Phone,USB-C Charging Cable + Vareebadd Phone,1
2019-07-23,226667,Lightning Charging Cable,iPhone,Lightning Charging Cable + iPhone,1
2019-07-12,226711,27in FHD Monitor,Macbook Pro Laptop,27in FHD Monitor + Macbook Pro Laptop,1
2019-07-19,226726,ThinkPad Laptop,USB-C Charging Cable,ThinkPad Laptop + USB-C Charging Cable,1
2019-07-07,226729,AA Batteries (4-pack),Apple Airpods Headphones,AA Batteries (4-pack) + Apple Airpods Headphones,1
2019-07-01,226766,27in FHD Monitor,USB-C Charging Cable,27in FHD Monitor + USB-C Charging Cable,1
2019-07-22,226816,Google Phone,USB-C Charging Cable,Google Phone + USB-C Charging Cable,1
2019-07-23,226867,Google Phone,USB-C Charging Cable,Google Phone + USB-C Charging Cable,1
2019-07-13,226868,AAA Batteries (4-pack),Wired Headphones,AAA Batteries (4-pack) + Wired Headphones,1
2019-07-31,226901,Lightning Charging Cable,Wired Headphones,Lightning Charging Cable + Wired Headphones,1
2019-07-31,226901,Lightning Charging Cable,iPhone,Lightning Charging Cable + iPhone,1
2019-07-31,226901,Wired Headphones,iPhone,Wired Headphones + iPhone,1
2019-07-07,226935,Google Phone,USB-C Charging Cable,Google Phone + USB-C Charging Cable,1
2019-07-07,226935,Google Phone,Wired Headphones,Google Phone + Wired Headphones,1
2019-07-07,226935,USB-C Charging Cable,Wired Headphones,USB-C Charging Cable + Wired Headphones,1
2019-07-29,227007,27in FHD Monitor,USB-C Charging Cable,27in FHD Monitor + USB-C Charging Cable,1
2019-07-09,227012,AAA Batteries (4-pack),Lightning Charging Cable,AAA Batteries (4-pack) + Lightning Charging Cable,1
2019-07-28,227093,27in 4K Gaming Monitor,Macbook Pro Laptop,27in 4K Gaming Monitor + Macbook Pro Laptop,1
2019-07-20,227107,Apple Airpods Headphones,Lightning Charging Cable,Apple Airpods Headphones + Lightning Charging Cable,1
2019-07-11,227158,Apple Airpods Headphones,iPhone,Apple Airpods Headphones + iPhone,1
2019-07-28,227178,Lightning Charging Cable,Wired Headphones,Lightning Charging Cable + Wired Headphones,1
2019-07-12,227192,Lightning Charging Cable,iPhone,Lightning Charging Cable + iPhone,1
2019-07-10,227229,Wired Headphones,iPhone,Wired Headphones + iPhone,1
2019-07-19,227292,Google Phone,Wired Headphones,Google Phone + Wired Headphones,1
2019-07-29,227400,Google Phone,Macbook Pro Laptop,Google Phone + Macbook Pro Laptop,1
2019-07-29,227400,Google Phone,Wired Headphones,Google Phone + Wired Headphones,1
2019-07-29,227400,Macbook Pro Laptop,Wired Headphones,Macbook Pro Laptop + Wired Headphones,1
2019-07-20,227401,Google Phone,USB-C Charging Cable,Google Phone + USB-C Charging Cable,1
2019-07-20,227401,Google Phone,Wired Headphones,Google Phone + Wired Headphones,1
2019-07-20,227401,USB-C Charging Cable,Wired Headphones,USB-C Charging Cable + Wired Headphones,1
2019-07-10,227429,Google Phone,Lightning Charging Cable,Google Phone + Lightning Charging Cable,1
2019-07-20,227453,Apple Airpods Headphones,iPhone,Apple Airpods Headphones + iPhone,1
2019-08-01,227521,AAA Batteries (4-pack),Wired Headphones,AAA Batteries (4-pack) + Wired Headphones,1
2019-07-18,227543,Bose SoundSport Headphones,Macbook Pro Laptop,Bose SoundSport Headphones + Macbook Pro Laptop,1
2019-07-13,227545,Apple Airpods Headphones,Bose SoundSport Headphones,Apple Airpods Headphones + Bose SoundSport Headphones,1
2019-07-17,227556,27in FHD Monitor,USB-C Charging Cable,27in FHD Monitor + USB-C Charging Cable,1
2019-07-08,227565,Bose SoundSport Headphones,USB-C Charging Cable,Bose SoundSport Headphones + USB-C Charging Cable,1
2019-07-26,227635,Lightning Charging Cable,USB-C Charging Cable,Lightning Charging Cable + USB-C Charging Cable,1
2019-07-16,227661,Lightning Charging Cable,USB-C Charging Cable,Lightning Charging Cable + USB-C Charging Cable,1
2019-07-01,227664,Bose SoundSport Headphones,Google Phone,Bose SoundSport Headphones + Google Phone,1
2019-07-01,227664,Bose SoundSport Headphones,Wired Headphones,Bose SoundSport Headphones + Wired Headphones,1
2019-07-01,227664,Google Phone,Wired Headphones,Google Phone + Wired Headphones,1
2019-07-13,227668,34in Ultrawide Monitor,Apple Airpods Headphones,34in Ultrawide Monitor + Apple Airpods Headphones,1
2019-07-09,227708,Vareebadd Phone,Wired Headphones,Vareebadd Phone + Wired Headphones,1
2019-07-07,227718,Google Phone,Wired Headphones,Google Phone + Wired Headphones,1
2019-07-28,227727,AA Batteries (4-pack),Lightning Charging Cable,AA Batteries (4-pack) + Lightning Charging Cable,1
2019-07-28,227753,Google Phone,Lightning Charging Cable,Google Phone + Lightning Charging Cable,1
2019-07-25,227755,Lightning Charging Cable,USB-C Charging Cable,Lightning Charging Cable + USB-C Charging Cable,1
2019-07-19,227774,Apple Airpods Headphones,iPhone,Apple Airpods Headphones + iPhone,1
2019-07-17,227784,USB-C Charging Cable,Wired Headphones,USB-C Charging Cable + Wired Headphones,1
2019-07-11,227809,Apple Airpods Headphones,USB-C Charging Cable,Apple Airpods Headphones + USB-C Charging Cable,1
2019-07-01,227821,27in FHD Monitor,Wired Headphones,27in FHD Monitor + Wired Headphones,1
2019-07-24,227828,34in Ultrawide Monitor,AA Batteries (4-pack),34in Ultrawide Monitor + AA Batteries (4-pack),1
2019-07-08,227843,USB-C Charging Cable,Wired Headphones,USB-C Charging Cable + Wired Headphones,1
2019-07-26,227881,Lightning Charging Cable,iPhone,Lightning Charging Cable + iPhone,1
2019-07-08,227890,Vareebadd Phone,Wired Headphones,Vareebadd Phone + Wired Headphones,1
2019-07-10,227893,Google Phone,Wired Headphones,Google Phone + Wired Headphones,1
2019-07-08,227895,Google Phone,USB-C Charging Cable,Google Phone + USB-C Charging Cable,1
2019-07-17,227940,Google Phone,USB-C Charging Cable,Google Phone + USB-C Charging Cable,1
2019-07-22,227982,Apple Airpods Headphones,Lightning Charging Cable,Apple Airpods Headphones + Lightning Charging Cable,1
2019-07-22,227982,Apple Airpods Headphones,iPhone,Apple Airpods Headphones + iPhone,1
2019-07-22,227982,Lightning Charging Cable,iPhone,Lightning Charging Cable + iPhone,1
2019-07-22,227984,Google Phone,USB-C Charging Cable,Google Phone + USB-C Charging Cable,1
2019-07-20,228009,Google Phone,USB-C Charging Cable,Google Phone + USB-C Charging Cable,1
2019-07-12,228011,AA Batteries (4-pack),Lightning Charging Cable,AA Batteries (4-pack) + Lightning Charging Cable,1
2019-07-09,228029,Apple Airpods Headphones,iPhone,Apple Airpods Headphones + iPhone,1
2019-07-06,228161,Lightning Charging Cable,iPhone,Lightning Charging Cable + iPhone,1
2019-07-06,228172,Apple Airpods Headphones,Lightning Charging Cable,Apple Airpods Headphones + Lightning Charging Cable,1
2019-07-15,228300,Google Phone,Wired Headphones,Google Phone + Wired Headphones,1
2019-07-06,228355,Lightning Charging Cable,iPhone,Lightning Charging Cable + iPhone,1
2019-07-11,228368,Apple Airpods Headphones,Lightning Charging Cable,Apple Airpods Headphones + Lightning Charging Cable,1
2019-07-23,228369,Google Phone,USB-C Charging Cable,Google Phone + USB-C Charging Cable,1
2019-07-08,228391,AAA Batteries (4-pack),USB-C Charging Cable,AAA Batteries (4-pack) + USB-C Charging Cable,1
2019-07-29,228457,Bose SoundSport Headphones,USB-C Charging Cable,Bose SoundSport Headphones + USB-C Charging Cable,1
2019-07-07,228482,Bose SoundSport Headphones,Wired Headphones,Bose SoundSport Headphones + Wired Headphones,1
2019-07-27,228489,USB-C Charging Cable,Vareebadd Phone,USB-C Charging Cable + Vareebadd Phone,1
2019-07-06,228550,Google Phone,USB-C Charging Cable,Google Phone + USB-C Charging Cable,1
2019-07-31,228592,Apple Airpods Headphones,Lightning Charging Cable,Apple Airpods Headphones + Lightning Charging Cable,1
2019-07-13,228631,27in 4K Gaming Monitor,Bose SoundSport Headphones,27in 4K Gaming Monitor + Bose SoundSport Headphones,1
2019-07-25,228688,34in Ultrawide Monitor,Wired Headphones,34in Ultrawide Monitor + Wired Headphones,1
2019-07-06,228701,USB-C Charging Cable,Vareebadd Phone,USB-C Charging Cable + Vareebadd Phone,1
2019-07-12,228714,Lightning Charging Cable,USB-C Charging Cable,Lightning Charging Cable + USB-C Charging Cable,1
2019-07-05,228725,Google Phone,USB-C Charging Cable,Google Phone + USB-C Charging Cable,1
2019-07-20,228726,USB-C Charging Cable,Wired Headphones,USB-C Charging Cable + Wired Headphones,1
2019-07-17,228744,Apple Airpods Headphones,Wired Headphones,Apple Airpods Headphones + Wired Headphones,1
2019-07-16,228758,AA Batteries (4-pack),USB-C Charging Cable,AA Batteries (4-pack) + USB-C Charging Cable,1
2019-07-27,228798,AA Batteries (4-pack),Flatscreen TV,AA Batteries (4-pack) + Flatscreen TV,1
2019-07-11,228808,AAA Batteries (4-pack),Vareebadd Phone,AAA Batteries (4-pack) + Vareebadd Phone,1
2019-07-05,228818,Lightning Charging Cable,iPhone,Lightning Charging Cable + iPhone,1
2019-07-11,228851,AAA Batteries (4-pack),Google Phone,AAA Batteries (4-pack) + Google Phone,1
2019-07-28,228939,Bose SoundSport Headphones,Vareebadd Phone,Bose SoundSport Headphones + Vareebadd Phone,1
2019-07-18,228980,AA Batteries (4-pack),Lightning Charging Cable,AA Batteries (4-pack) + Lightning Charging Cable,1
2019-07-08,229020,Apple Airpods Headphones,Bose SoundSport Headphones,Apple Airpods Headphones + Bose SoundSport Headphones,1
2019-07-07,229046,Bose SoundSport Headphones,Google Phone,Bose SoundSport Headphones + Google Phone,1
2019-07-19,229063,Google Phone,USB-C Charging Cable,Google Phone + USB-C Charging Cable,1
2019-07-19,229063,Google Phone,Wired Headphones,Google Phone + Wired Headphones,1
2019-07-19,229063,USB-C Charging Cable,Wired Headphones,USB-C Charging Cable + Wired Headphones,1
2019-07-22,229076,Lightning Charging Cable,iPhone,Lightning Charging Cable + iPhone,1
2019-07-24,229095,Wired Headphones,iPhone,Wired Headphones + iPhone,1
2019-07-28,229097,Google Phone,USB-C Charging Cable,Google Phone + USB-C Charging Cable,1
2019-07-01,229111,Bose SoundSport Headphones,Lightning Charging Cable,Bose SoundSport Headphones + Lightning Charging Cable,1
2019-07-25,229176,Bose SoundSport Headphones,Google Phone,Bose SoundSport Headphones + Google Phone,1
2019-07-21,229179,27in 4K Gaming Monitor,Lightning Charging Cable,27in 4K Gaming Monitor + Lightning Charging Cable,1
2019-07-15,229180,Wired Headphones,iPhone,Wired Headphones + iPhone,1
2019-07-06,229283,34in Ultrawide Monitor,Flatscreen TV,34in Ultrawide Monitor + Flatscreen TV,1
2019-07-03,229284,Apple Airpods Headphones,Lightning Charging Cable,Apple Airpods Headphones + Lightning Charging Cable,1
2019-07-03,229332,AAA Batteries (4-pack),iPhone,AAA Batteries (4-pack) + iPhone,1
2019-07-21,229347,USB-C Charging Cable,Vareebadd Phone,USB-C Charging Cable + Vareebadd Phone,1
2019-07-23,229375,34in Ultrawide Monitor,AA Batteries (4-pack),34in Ultrawide Monitor + AA Batteries (4-pack),1
2019-07-13,229414,Google Phone,Wired Headphones,Google Phone + Wired Headphones,1
2019-07-24,229421,Lightning Charging Cable,iPhone,Lightning Charging Cable + iPhone,1
2019-07-25,229425,27in FHD Monitor,Wired Headphones,27in FHD Monitor + Wired Headphones,1
2019-07-31,229431,Lightning Charging Cable,iPhone,Lightning Charging Cable + iPhone,1
2019-07-13,229457,AA Batteries (4-pack),Lightning Charging Cable,AA Batteries (4-pack) + Lightning Charging Cable,1
2019-07-09,229488,Lightning Charging Cable,iPhone,Lightning Charging Cable + iPhone,1
2019-07-22,229504,Apple Airpods Headphones,iPhone,Apple Airpods Headphones + iPhone,1
2019-07-20,229533,27in 4K Gaming Monitor,Lightning Charging Cable,27in 4K Gaming Monitor + Lightning Charging Cable,1
2019-07-21,229589,AAA Batteries (4-pack),Wired Headphones,AAA Batteries (4-pack) + Wired Headphones,1
2019-07-24,229590,Apple Airpods Headphones,USB-C Charging Cable,Apple Airpods Headphones + USB-C Charging Cable,1
2019-07-16,229625,27in FHD Monitor,Wired Headphones,27in FHD Monitor + Wired Headphones,1
2019-07-24,229634,Google Phone,USB-C Charging Cable,Google Phone + USB-C Charging Cable,1
2019-07-20,229646,34in Ultrawide Monitor,USB-C Charging Cable,34in Ultrawide Monitor + USB-C Charging Cable,1
2019-07-02,229673,Lightning Charging Cable,iPhone,Lightning Charging Cable + iPhone,1
2019-07-12,229699,Google Phone,USB-C Charging Cable,Google Phone + USB-C Charging Cable,1
2019-07-31,229740,ThinkPad Laptop,Wired Headphones,ThinkPad Laptop + Wired Headphones,1
2019-07-23,229744,Wired Headphones,iPhone,Wired Headphones + iPhone,1
2019-07-04,229750,AA Batteries (4-pack),Macbook Pro Laptop,AA Batteries (4-pack) + Macbook Pro Laptop,1
2019-07-18,229786,Wired Headphones,iPhone,Wired Headphones + iPhone,1
2019-07-26,229801,Lightning Charging Cable,iPhone,Lightning Charging Cable + iPhone,1
2019-07-14,229811,Google Phone,USB-C Charging Cable,Google Phone + USB-C Charging Cable,1
2019-07-16,229833,Google Phone,USB-C Charging Cable,Google Phone + USB-C Charging Cable,1
2019-07-09,229871,AAA Batteries (4-pack),Lightning Charging Cable,AAA Batteries (4-pack) + Lightning Charging Cable,1
2019-07-13,229887,Google Phone,USB-C Charging Cable,Google Phone + USB-C Charging Cable,1
2019-07-30,229905,Lightning Charging Cable,iPhone,Lightning Charging Cable + iPhone,1
2019-07-21,229951,Google Phone,USB-C Charging Cable,Google Phone + USB-C Charging Cable,1
2019-07-27,229986,Lightning Charging Cable,iPhone,Lightning Charging Cable + iPhone,1
2019-07-14,230024,Apple Airpods Headphones,Lightning Charging Cable,Apple Airpods Headphones + Lightning Charging Cable,1
2019-07-14,230024,Apple Airpods Headphones,iPhone,Apple Airpods Headphones + iPhone,1
2019-07-14,230024,Lightning Charging Cable,iPhone,Lightning Charging Cable + iPhone,1
2019-07-25,230035,AAA Batteries (4-pack),Flatscreen TV,AAA Batteries (4-pack) + Flatscreen TV,1
2019-07-06,230055,Lightning Charging Cable,iPhone,Lightning Charging Cable + iPhone,1
2019-07-13,230128,27in 4K Gaming Monitor,Wired Headphones,27in 4K Gaming Monitor + Wired Headphones,1
2019-07-23,230129,USB-C Charging Cable,Vareebadd Phone,USB-C Charging Cable + Vareebadd Phone,1
2019-07-07,230165,AAA Batteries (4-pack),Bose SoundSport Headphones,AAA Batteries (4-pack) + Bose SoundSport Headphones,1
2019-07-07,230184,34in Ultrawide Monitor,Lightning Charging Cable,34in Ultrawide Monitor + Lightning Charging Cable,1
2019-07-29,230189,Google Phone,USB-C Charging Cable,Google Phone + USB-C Charging Cable,1
2019-07-29,230193,USB-C Charging Cable,Vareebadd Phone,USB-C Charging Cable + Vareebadd Phone,1
2019-07-30,230228,USB-C Charging Cable,Vareebadd Phone,USB-C Charging Cable + Vareebadd Phone,1
2019-07-30,230296,Google Phone,Wired Headphones,Google Phone + Wired Headphones,1
2019-07-03,230335,Lightning Charging Cable,iPhone,Lightning Charging Cable + iPhone,1
2019-07-18,230337,Lightning Charging Cable,iPhone,Lightning Charging Cable + iPhone,1
2019-07-01,230342,Lightning Charging Cable,USB-C Charging Cable,Lightning Charging Cable + USB-C Charging Cable,1
2019-07-25,230354,Google Phone,USB-C Charging Cable,Google Phone + USB-C Charging Cable,1
2019-07-09,230369,27in 4K Gaming Monitor,Apple Airpods Headphones,27in 4K Gaming Monitor + Apple Airpods Headphones,1
2019-07-07,230404,Lightning Charging Cable,iPhone,Lightning Charging Cable + iPhone,1
2019-07-23,230432,USB-C Charging Cable,Vareebadd Phone,USB-C Charging Cable + Vareebadd Phone,1
2019-07-01,230433,Lightning Charging Cable,iPhone,Lightning Charging Cable + iPhone,1
2019-07-16,230475,Lightning Charging Cable,iPhone,Lightning Charging Cable + iPhone,1
2019-07-15,230485,Apple Airpods Headphones,ThinkPad Laptop,Apple Airpods Headphones + ThinkPad Laptop,1
2019-07-04,230528,Google Phone,Wired Headphones,Google Phone + Wired Headphones,1
2019-07-22,230550,Google Phone,Wired Headphones,Google Phone + Wired Headphones,1
2019-07-02,230560,Google Phone,Wired Headphones,Google Phone + Wired Headphones,1
2019-07-07,230585,Google Phone,USB-C Charging Cable,Google Phone + USB-C Charging Cable,1
2019-07-30,230598,Lightning Charging Cable,iPhone,Lightning Charging Cable + iPhone,1
2019-07-23,230600,AA Batteries (4-pack),Wired Headphones,AA Batteries (4-pack) + Wired Headphones,1
2019-07-27,230605,USB-C Charging Cable,Vareebadd Phone,USB-C Charging Cable + Vareebadd Phone,1
2019-07-14,230606,Wired Headphones,iPhone,Wired Headphones + iPhone,1
2019-07-12,230609,27in 4K Gaming Monitor,AAA Batteries (4-pack),27in 4K Gaming Monitor + AAA Batteries (4-pack),1
2019-07-26,230640,Apple Airpods Headphones,ThinkPad Laptop,Apple Airpods Headphones + ThinkPad Laptop,1
2019-07-29,230722,USB-C Charging Cable,Vareebadd Phone,USB-C Charging Cable + Vareebadd Phone,1
2019-07-20,230744,34in Ultrawide Monitor,USB-C Charging Cable,34in Ultrawide Monitor + USB-C Charging Cable,1
2019-07-13,230746,Google Phone,USB-C Charging Cable,Google Phone + USB-C Charging Cable,1
2019-07-17,230839,AAA Batteries (4-pack),Wired Headphones,AAA Batteries (4-pack) + Wired Headphones,1
2019-07-10,230870,AA Batteries (4-pack),AAA Batteries (4-pack),AA Batteries (4-pack) + AAA Batteries (4-pack),1
2019-07-19,230910,Google Phone,Wired Headphones,Google Phone + Wired Headphones,1
2019-07-14,230934,Google Phone,Lightning Charging Cable,Google Phone + Lightning Charging Cable,1
2019-07-15,230959,AA Batteries (4-pack),Bose SoundSport Headphones,AA Batteries (4-pack) + Bose SoundSport Headphones,1
2019-07-19,230989,Wired Headphones,iPhone,Wired Headphones + iPhone,1
2019-07-22,230990,Google Phone,USB-C Charging Cable,Google Phone + USB-C Charging Cable,1
2019-07-01,231060,AA Batteries (4-pack),AAA Batteries (4-pack),AA Batteries (4-pack) + AAA Batteries (4-pack),1
2019-07-29,231077,Lightning Charging Cable,Wired Headphones,Lightning Charging Cable + Wired Headphones,1
2019-07-03,231097,USB-C Charging Cable,Vareebadd Phone,USB-C Charging Cable + Vareebadd Phone,1
2019-07-11,231114,Lightning Charging Cable,iPhone,Lightning Charging Cable + iPhone,1
2019-07-30,231133,Vareebadd Phone,Wired Headphones,Vareebadd Phone + Wired Headphones,1
2019-07-24,231158,Flatscreen TV,Lightning Charging Cable,Flatscreen TV + Lightning Charging Cable,1
2019-07-06,231256,USB-C Charging Cable,iPhone,USB-C Charging Cable + iPhone,1
2019-07-21,231260,Apple Airpods Headphones,Lightning Charging Cable,Apple Airpods Headphones + Lightning Charging Cable,1
2019-07-21,231268,Bose SoundSport Headphones,Google Phone,Bose SoundSport Headphones + Google Phone,1
2019-07-09,231338,ThinkPad Laptop,USB-C Charging Cable,ThinkPad Laptop + USB-C Charging Cable,1
2019-07-06,231361,Lightning Charging Cable,iPhone,Lightning Charging Cable + iPhone,1
2019-07-02,231405,Google Phone,USB-C Charging Cable,Google Phone + USB-C Charging Cable,1
2019-07-27,231442,Bose SoundSport Headphones,Macbook Pro Laptop,Bose SoundSport Headphones + Macbook Pro Laptop,1
2019-07-28,231537,AAA Batteries (4-pack),Wired Headphones,AAA Batteries (4-pack) + Wired Headphones,1
2019-07-31,231572,Bose SoundSport Headphones,Google Phone,Bose SoundSport Headphones + Google Phone,1
2019-07-31,231626,Google Phone,USB-C Charging Cable,Google Phone + USB-C Charging Cable,1
2019-07-08,231733,AA Batteries (4-pack),Lightning Charging Cable,AA Batteries (4-pack) + Lightning Charging Cable,1
2019-07-19,231754,Vareebadd Phone,Wired Headphones,Vareebadd Phone + Wired Headphones,1
2019-07-27,231790,20in Monitor,Lightning Charging Cable,20in Monitor + Lightning Charging Cable,1
2019-07-04,231833,USB-C Charging Cable,Vareebadd Phone,USB-C Charging Cable + Vareebadd Phone,1
2019-07-09,231875,Bose SoundSport Headphones,Lightning Charging Cable,Bose SoundSport Headphones + Lightning Charging Cable,1
2019-07-02,231882,Bose SoundSport Headphones,USB-C Charging Cable,Bose SoundSport Headphones + USB-C Charging Cable,1
2019-07-09,231891,AAA Batteries (4-pack),Bose SoundSport Headphones,AAA Batteries (4-pack) + Bose SoundSport Headphones,1
2019-07-11,231916,27in FHD Monitor,Bose SoundSport Headphones,27in FHD Monitor + Bose SoundSport Headphones,1
2019-07-17,231923,AA Batteries (4-pack),AAA Batteries (4-pack),AA Batteries (4-pack) + AAA Batteries (4-pack),1
2019-07-12,231956,Apple Airpods Headphones,iPhone,Apple Airpods Headphones + iPhone,1
2019-07-16,231962,27in 4K Gaming Monitor,Apple Airpods Headphones,27in 4K Gaming Monitor + Apple Airpods Headphones,1
2019-07-22,231976,Google Phone,USB-C Charging Cable,Google Phone + USB-C Charging Cable,1
2019-07-31,231987,Google Phone,USB-C Charging Cable,Google Phone + USB-C Charging Cable,1
2019-07-17,232034,LG Washing Machine,Wired Headphones,LG Washing Machine + Wired Headphones,1
2019-07-12,232177,20in Monitor,34in Ultrawide Monitor,20in Monitor + 34in Ultrawide Monitor,1
2019-07-11,232235,AAA Batteries (4-pack),ThinkPad Laptop,AAA Batteries (4-pack) + ThinkPad Laptop,1
2019-07-24,232236,AA Batteries (4-pack),AAA Batteries (4-pack),AA Batteries (4-pack) + AAA Batteries (4-pack),1
2019-07-07,232244,USB-C Charging Cable,Vareebadd Phone,USB-C Charging Cable + Vareebadd Phone,1
2019-07-14,232245,20in Monitor,Bose SoundSport Headphones,20in Monitor + Bose SoundSport Headphones,1
2019-07-09,232261,USB-C Charging Cable,Vareebadd Phone,USB-C Charging Cable + Vareebadd Phone,1
2019-07-22,232275,Google Phone,USB-C Charging Cable,Google Phone + USB-C Charging Cable,1
2019-07-01,232290,Apple Airpods Headphones,iPhone,Apple Airpods Headphones + iPhone,1
2019-07-03,232314,AAA Batteries (4-pack),Macbook Pro Laptop,AAA Batteries (4-pack) + Macbook Pro Laptop,1
2019-07-02,232340,Apple Airpods Headphones,Wired Headphones,Apple Airpods Headphones + Wired Headphones,1
2019-07-02,232340,Apple Airpods Headphones,iPhone,Apple Airpods Headphones + iPhone,1
2019-07-02,232340,Wired Headphones,iPhone,Wired Headphones + iPhone,1
2019-07-27,232348,Apple Airpods Headphones,iPhone,Apple Airpods Headphones + iPhone,1
2019-07-17,232362,Lightning Charging Cable,USB-C Charging Cable,Lightning Charging Cable + USB-C Charging Cable,1
2019-07-23,232423,Lightning Charging Cable,iPhone,Lightning Charging Cable + iPhone,1
2019-07-24,232426,20in Monitor,Google Phone,20in Monitor + Google Phone,1
2019-07-22,232505,27in FHD Monitor,Wired Headphones,27in FHD Monitor + Wired Headphones,1
2019-07-20,232563,AA Batteries (4-pack),Apple Airpods Headphones,AA Batteries (4-pack) + Apple Airpods Headphones,1
2019-07-12,232687,Lightning Charging Cable,iPhone,Lightning Charging Cable + iPhone,1
2019-07-28,232712,34in Ultrawide Monitor,AAA Batteries (4-pack),34in Ultrawide Monitor + AAA Batteries (4-pack),1
2019-07-03,232734,AA Batteries (4-pack),AAA Batteries (4-pack),AA Batteries (4-pack) + AAA Batteries (4-pack),1
2019-07-01,232752,Lightning Charging Cable,iPhone,Lightning Charging Cable + iPhone,1
2019-07-29,232755,Bose SoundSport Headphones,Google Phone,Bose SoundSport Headphones + Google Phone,1
2019-07-29,232755,Bose SoundSport Headphones,USB-C Charging Cable,Bose SoundSport Headphones + USB-C Charging Cable,1
2019-07-29,232755,Google Phone,USB-C Charging Cable,Google Phone + USB-C Charging Cable,1
2019-07-27,232760,Wired Headphones,iPhone,Wired Headphones + iPhone,1
2019-07-04,232779,Lightning Charging Cable,iPhone,Lightning Charging Cable + iPhone,1
2019-07-02,232786,Lightning Charging Cable,USB-C Charging Cable,Lightning Charging Cable + USB-C Charging Cable,1
2019-07-27,232789,Lightning Charging Cable,iPhone,Lightning Charging Cable + iPhone,1
2019-07-11,232799,27in FHD Monitor,Flatscreen TV,27in FHD Monitor + Flatscreen TV,1
2019-07-29,232855,Google Phone,USB-C Charging Cable,Google Phone + USB-C Charging Cable,1
2019-07-23,232873,AAA Batteries (4-pack),Apple Airpods Headphones,AAA Batteries (4-pack) + Apple Airpods Headphones,1
2019-07-03,232920,AAA Batteries (4-pack),Apple Airpods Headphones,AAA Batteries (4-pack) + Apple Airpods Headphones,1
2019-07-25,232935,Lightning Charging Cable,iPhone,Lightning Charging Cable + iPhone,1
2019-07-01,232982,Wired Headphones,iPhone,Wired Headphones + iPhone,1
2019-07-14,232988,USB-C Charging Cable,Vareebadd Phone,USB-C Charging Cable + Vareebadd Phone,1
2019-07-31,232989,Google Phone,USB-C Charging Cable,Google Phone + USB-C Charging Cable,1
2019-07-16,233003,Wired Headphones,iPhone,Wired Headphones + iPhone,1
2019-07-14,233054,34in Ultrawide Monitor,iPhone,34in Ultrawide Monitor + iPhone,1
2019-07-03,233088,Apple Airpods Headphones,iPhone,Apple Airpods Headphones + iPhone,1
2019-07-15,233157,Lightning Charging Cable,Wired Headphones,Lightning Charging Cable + Wired Headphones,1
2019-07-30,233168,AA Batteries (4-pack),Bose SoundSport Headphones,AA Batteries (4-pack) + Bose SoundSport Headphones,1
2019-07-17,233197,Apple Airpods Headphones,iPhone,Apple Airpods Headphones + iPhone,1
2019-07-21,233200,34in Ultrawide Monitor,AA Batteries (4-pack),34in Ultrawide Monitor + AA Batteries (4-pack),1
2019-07-05,233228,Lightning Charging Cable,iPhone,Lightning Charging Cable + iPhone,1
2019-07-21,233238,Google Phone,Lightning Charging Cable,Google Phone + Lightning Charging Cable,1
2019-07-31,233242,AA Batteries (4-pack),Bose SoundSport Headphones,AA Batteries (4-pack) + Bose SoundSport Headphones,1
2019-07-08,233246,Flatscreen TV,USB-C Charging Cable,Flatscreen TV + USB-C Charging Cable,1
2019-07-25,233280,Lightning Charging Cable,iPhone,Lightning Charging Cable + iPhone,1
2019-07-22,233283,Bose SoundSport Headphones,ThinkPad Laptop,Bose SoundSport Headphones + ThinkPad Laptop,1
2019-07-26,233368,Lightning Charging Cable,iPhone,Lightning Charging Cable + iPhone,1
2019-07-08,233374,Google Phone,USB-C Charging Cable,Google Phone + USB-C Charging Cable,1
2019-07-27,233386,Lightning Charging Cable,iPhone,Lightning Charging Cable + iPhone,1
2019-07-12,233400,Lightning Charging Cable,iPhone,Lightning Charging Cable + iPhone,1
2019-07-22,233425,Lightning Charging Cable,iPhone,Lightning Charging Cable + iPhone,1
2019-07-09,233433,AA Batteries (4-pack),Apple Airpods Headphones,AA Batteries (4-pack) + Apple Airpods Headphones,1
2019-07-03,233468,AA Batteries (4-pack),Wired Headphones,AA Batteries (4-pack) + Wired Headphones,1
2019-07-08,233559,27in 4K Gaming Monitor,Apple Airpods Headphones,27in 4K Gaming Monitor + Apple Airpods Headphones,1
2019-07-05,233578,AA Batteries (4-pack),USB-C Charging Cable,AA Batteries (4-pack) + USB-C Charging Cable,1
2019-07-05,233584,Lightning Charging Cable,iPhone,Lightning Charging Cable + iPhone,1
2019-07-05,233659,Bose SoundSport Headphones,USB-C Charging Cable,Bose SoundSport Headphones + USB-C Charging Cable,1
2019-07-03,233664,AA Batteries (4-pack),Apple Airpods Headphones,AA Batteries (4-pack) + Apple Airpods Headphones,1
2019-07-22,233670,Wired Headphones,iPhone,Wired Headphones + iPhone,1
2019-07-14,233680,Lightning Charging Cable,iPhone,Lightning Charging Cable + iPhone,1
2019-07-19,233702,AAA Batteries (4-pack),Lightning Charging Cable,AAA Batteries (4-pack) + Lightning Charging Cable,1
2019-07-07,233746,Wired Headphones,iPhone,Wired Headphones + iPhone,1
2019-07-25,233779,Lightning Charging Cable,iPhone,Lightning Charging Cable + iPhone,1
2019-07-18,233859,Google Phone,USB-C Charging Cable,Google Phone + USB-C Charging Cable,1
2019-07-19,233862,USB-C Charging Cable,Vareebadd Phone,USB-C Charging Cable + Vareebadd Phone,1
2019-07-08,233867,20in Monitor,Lightning Charging Cable,20in Monitor + Lightning Charging Cable,1
2019-07-27,233892,Lightning Charging Cable,iPhone,Lightning Charging Cable + iPhone,1
2019-07-26,233979,AA Batteries (4-pack),Wired Headphones,AA Batteries (4-pack) + Wired Headphones,1
2019-07-16,233992,USB-C Charging Cable,Vareebadd Phone,USB-C Charging Cable + Vareebadd Phone,1
2019-07-28,233997,Lightning Charging Cable,iPhone,Lightning Charging Cable + iPhone,1
2019-07-22,234000,34in Ultrawide Monitor,AA Batteries (4-pack),34in Ultrawide Monitor + AA Batteries (4-pack),1
2019-07-25,234001,AAA Batteries (4-pack),USB-C Charging Cable,AAA Batteries (4-pack) + USB-C Charging Cable,1
2019-07-07,234010,34in Ultrawide Monitor,Lightning Charging Cable,34in Ultrawide Monitor + Lightning Charging Cable,1
2019-07-08,234041,USB-C Charging Cable,Wired Headphones,USB-C Charging Cable + Wired Headphones,1
2019-07-07,234044,Lightning Charging Cable,iPhone,Lightning Charging Cable + iPhone,1
2019-07-14,234089,Bose SoundSport Headphones,Macbook Pro Laptop,Bose SoundSport Headphones + Macbook Pro Laptop,1
2019-07-15,234093,20in Monitor,AA Batteries (4-pack),20in Monitor + AA Batteries (4-pack),1
2019-07-28,234182,AA Batteries (4-pack),Bose SoundSport Headphones,AA Batteries (4-pack) + Bose SoundSport Headphones,1
2019-07-30,234183,Lightning Charging Cable,iPhone,Lightning Charging Cable + iPhone,1
2019-07-19,234215,Google Phone,USB-C Charging Cable,Google Phone + USB-C Charging Cable,1
2019-07-25,234232,Google Phone,USB-C Charging Cable,Google Phone + USB-C Charging Cable,1
2019-07-24,234289,USB-C Charging Cable,Vareebadd Phone,USB-C Charging Cable + Vareebadd Phone,1
2019-07-27,234332,Google Phone,USB-C Charging Cable,Google Phone + USB-C Charging Cable,1
2019-07-21,234345,34in Ultrawide Monitor,AAA Batteries (4-pack),34in Ultrawide Monitor + AAA Batteries (4-pack),1
2019-07-30,234359,AA Batteries (4-pack),Bose SoundSport Headphones,AA Batteries (4-pack) + Bose SoundSport Headphones,1
2019-07-25,234474,Lightning Charging Cable,iPhone,Lightning Charging Cable + iPhone,1
2019-07-20,234483,AAA Batteries (4-pack),USB-C Charging Cable,AAA Batteries (4-pack) + USB-C Charging Cable,1
2019-07-22,234583,Lightning Charging Cable,iPhone,Lightning Charging Cable + iPhone,1
2019-07-13,234590,Bose SoundSport Headphones,Google Phone,Bose SoundSport Headphones + Google Phone,1
2019-07-21,234628,AA Batteries (4-pack),Bose SoundSport Headphones,AA Batteries (4-pack) + Bose SoundSport Headphones,1
2019-07-29,234631,Apple Airpods Headphones,Bose SoundSport Headphones,Apple Airpods Headphones + Bose SoundSport Headphones,1
2019-07-06,234659,Lightning Charging Cable,USB-C Charging Cable,Lightning Charging Cable + USB-C Charging Cable,1
2019-07-15,234670,AA Batteries (4-pack),USB-C Charging Cable,AA Batteries (4-pack) + USB-C Charging Cable,1
2019-07-04,234712,Lightning Charging Cable,iPhone,Lightning Charging Cable + iPhone,1
2019-07-31,234737,Apple Airpods Headphones,USB-C Charging Cable,Apple Airpods Headphones + USB-C Charging Cable,1
2019-07-22,234762,Apple Airpods Headphones,Wired Headphones,Apple Airpods Headphones + Wired Headphones,1
2019-07-05,234832,Google Phone,USB-C Charging Cable,Google Phone + USB-C Charging Cable,1
2019-07-10,234860,Bose SoundSport Headphones,Wired Headphones,Bose SoundSport Headphones + Wired Headphones,1
2019-07-09,234883,Lightning Charging Cable,iPhone,Lightning Charging Cable + iPhone,1
2019-07-31,234906,34in Ultrawide Monitor,Apple Airpods Headphones,34in Ultrawide Monitor + Apple Airpods Headphones,1
2019-07-27,234932,Google Phone,USB-C Charging Cable,Google Phone + USB-C Charging Cable,1
2019-07-15,234936,Google Phone,USB-C Charging Cable,Google Phone + USB-C Charging Cable,1
2019-07-14,234956,20in Monitor,Apple Airpods Headphones,20in Monitor + Apple Airpods Headphones,1
2019-07-16,234988,Google Phone,Wired Headphones,Google Phone + Wired Headphones,1
2019-07-12,235011,Google Phone,USB-C Charging Cable,Google Phone + USB-C Charging Cable,1
2019-07-25,235053,AAA Batteries (4-pack),Macbook Pro Laptop,AAA Batteries (4-pack) + Macbook Pro Laptop,1
2019-07-30,235090,Apple Airpods Headphones,iPhone,Apple Airpods Headphones + iPhone,1
2019-07-26,235103,Wired Headphones,iPhone,Wired Headphones + iPhone,1
2019-07-01,235118,AAA Batteries (4-pack),USB-C Charging Cable,AAA Batteries (4-pack) + USB-C Charging Cable,1
2019-07-02,235123,Google Phone,USB-C Charging Cable,Google Phone + USB-C Charging Cable,1
2019-07-21,235126,Lightning Charging Cable,Wired Headphones,Lightning Charging Cable + Wired Headphones,1
2019-07-28,235168,Lightning Charging Cable,iPhone,Lightning Charging Cable + iPhone,1
2019-07-01,235200,AA Batteries (4-pack),Vareebadd Phone,AA Batteries (4-pack) + Vareebadd Phone,1
2019-07-02,235205,Google Phone,USB-C Charging Cable,Google Phone + USB-C Charging Cable,1
2019-07-24,235209,Google Phone,USB-C Charging Cable,Google Phone + USB-C Charging Cable,1
2019-07-03,235243,Apple Airpods Headphones,iPhone,Apple Airpods Headphones + iPhone,1
2019-07-13,235275,34in Ultrawide Monitor,USB-C Charging Cable,34in Ultrawide Monitor + USB-C Charging Cable,1
2019-07-13,235276,Lightning Charging Cable,USB-C Charging Cable,Lightning Charging Cable + USB-C Charging Cable,1
2019-07-26,235369,AA Batteries (4-pack),USB-C Charging Cable,AA Batteries (4-pack) + USB-C Charging Cable,1
2019-07-25,235481,Bose SoundSport Headphones,Google Phone,Bose SoundSport Headphones + Google Phone,1
2019-07-31,235550,Lightning Charging Cable,USB-C Charging Cable,Lightning Charging Cable + USB-C Charging Cable,1
2019-07-06,235570,Bose SoundSport Headphones,Google Phone,Bose SoundSport Headphones + Google Phone,1
2019-07-22,235571,AA Batteries (4-pack),AAA Batteries (4-pack),AA Batteries (4-pack) + AAA Batteries (4-pack),1
2019-07-04,235584,Bose SoundSport Headphones,USB-C Charging Cable,Bose SoundSport Headphones + USB-C Charging Cable,1
2019-07-04,235584,Bose SoundSport Headphones,Vareebadd Phone,Bose SoundSport Headphones + Vareebadd Phone,1
2019-07-04,235584,USB-C Charging Cable,Vareebadd Phone,USB-C Charging Cable + Vareebadd Phone,1
2019-07-25,235586,Bose SoundSport Headphones,Wired Headphones,Bose SoundSport Headphones + Wired Headphones,1
2019-07-02,235633,27in 4K Gaming Monitor,USB-C Charging Cable,27in 4K Gaming Monitor + USB-C Charging Cable,1
2019-07-25,235686,Google Phone,ThinkPad Laptop,Google Phone + ThinkPad Laptop,1
2019-07-19,235712,27in FHD Monitor,Lightning Charging Cable,27in FHD Monitor + Lightning Charging Cable,1
2019-07-11,235720,27in 4K Gaming Monitor,AA Batteries (4-pack),27in 4K Gaming Monitor + AA Batteries (4-pack),1
2019-07-30,235723,AA Batteries (4-pack),Apple Airpods Headphones,AA Batteries (4-pack) + Apple Airpods Headphones,1
2019-07-31,235773,Lightning Charging Cable,USB-C Charging Cable,Lightning Charging Cable + USB-C Charging Cable,1
2019-07-06,235782,27in FHD Monitor,Apple Airpods Headphones,27in FHD Monitor + Apple Airpods Headphones,1
2019-07-22,235798,27in FHD Monitor,Google Phone,27in FHD Monitor + Google Phone,1
2019-07-22,235798,27in FHD Monitor,USB-C Charging Cable,27in FHD Monitor + USB-C Charging Cable,1
2019-07-22,235798,27in FHD Monitor,Wired Headphones,27in FHD Monitor + Wired Headphones,1
2019-07-22,235798,Google Phone,USB-C Charging Cable,Google Phone + USB-C Charging Cable,1
2019-07-22,235798,Google Phone,Wired Headphones,Google Phone + Wired Headphones,1
2019-07-22,235798,USB-C Charging Cable,Wired Headphones,USB-C Charging Cable + Wired Headphones,1
2019-07-18,235813,USB-C Charging Cable,Vareebadd Phone,USB-C Charging Cable + Vareebadd Phone,1
2019-07-29,235874,AAA Batteries (4-pack),USB-C Charging Cable,AAA Batteries (4-pack) + USB-C Charging Cable,1
2019-07-17,235905,Google Phone,USB-C Charging Cable,Google Phone + USB-C Charging Cable,1
2019-07-23,235923,LG Washing Machine,Lightning Charging Cable,LG Washing Machine + Lightning Charging Cable,1
2019-07-11,235928,Google Phone,USB-C Charging Cable,Google Phone + USB-C Charging Cable,1
2019-07-04,236028,Bose SoundSport Headphones,iPhone,Bose SoundSport Headphones + iPhone,1
2019-07-03,236045,20in Monitor,USB-C Charging Cable,20in Monitor + USB-C Charging Cable,1
2019-07-31,236048,Lightning Charging Cable,iPhone,Lightning Charging Cable + iPhone,1
2019-07-27,236070,Google Phone,Wired Headphones,Google Phone + Wired Headphones,1
2019-07-24,236132,AA Batteries (4-pack),ThinkPad Laptop,AA Batteries (4-pack) + ThinkPad Laptop,1
2019-07-08,236148,Apple Airpods Headphones,Lightning Charging Cable,Apple Airpods Headphones + Lightning Charging Cable,1
2019-07-04,236215,Bose SoundSport Headphones,LG Washing Machine,Bose SoundSport Headphones + LG Washing Machine,1
2019-07-20,236221,Wired Headphones,iPhone,Wired Headphones + iPhone,1
2019-07-06,236262,20in Monitor,USB-C Charging Cable,20in Monitor + USB-C Charging Cable,1
2019-07-18,236270,Apple Airpods Headphones,USB-C Charging Cable,Apple Airpods Headphones + USB-C Charging Cable,1
2019-07-21,236298,USB-C Charging Cable,Vareebadd Phone,USB-C Charging Cable + Vareebadd Phone,1
2019-07-04,236342,Google Phone,USB-C Charging Cable,Google Phone + USB-C Charging Cable,1
2019-07-25,236368,Lightning Charging Cable,USB-C Charging Cable,Lightning Charging Cable + USB-C Charging Cable,1
2019-07-29,236397,Wired Headphones,iPhone,Wired Headphones + iPhone,1
2019-07-04,236409,Bose SoundSport Headphones,Google Phone,Bose SoundSport Headphones + Google Phone,1
2019-07-20,236472,AAA Batteries (4-pack),Bose SoundSport Headphones,AAA Batteries (4-pack) + Bose SoundSport Headphones,1
2019-07-21,236481,Google Phone,USB-C Charging Cable,Google Phone + USB-C Charging Cable,1
2019-07-04,236484,Lightning Charging Cable,Macbook Pro Laptop,Lightning Charging Cable + Macbook Pro Laptop,1
2019-07-04,236507,Lightning Charging Cable,iPhone,Lightning Charging Cable + iPhone,1
2019-07-31,236513,27in 4K Gaming Monitor,Bose SoundSport Headphones,27in 4K Gaming Monitor + Bose SoundSport Headphones,1
2019-07-08,236536,USB-C Charging Cable,Vareebadd Phone,USB-C Charging Cable + Vareebadd Phone,1
2019-07-18,236539,Apple Airpods Headphones,iPhone,Apple Airpods Headphones + iPhone,1
2019-07-24,236546,AAA Batteries (4-pack),ThinkPad Laptop,AAA Batteries (4-pack) + ThinkPad Laptop,1
2019-07-26,236576,Google Phone,USB-C Charging Cable,Google Phone + USB-C Charging Cable,1
2019-07-07,236602,Lightning Charging Cable,iPhone,Lightning Charging Cable + iPhone,1
2019-07-19,236616,Google Phone,USB-C Charging Cable,Google Phone + USB-C Charging Cable,1
2019-07-12,236642,Macbook Pro Laptop,Wired Headphones,Macbook Pro Laptop + Wired Headphones,1
2019-07-04,236661,Google Phone,Wired Headphones,Google Phone + Wired Headphones,1
2019-08-17,236716,AA Batteries (4-pack),USB-C Charging Cable,AA Batteries (4-pack) + USB-C Charging Cable,1
2019-08-09,236729,Apple Airpods Headphones,iPhone,Apple Airpods Headphones + iPhone,1
2019-08-02,236730,Google Phone,Wired Headphones,Google Phone + Wired Headphones,1
2019-08-01,236799,Google Phone,Wired Headphones,Google Phone + Wired Headphones,1
2019-08-16,236829,USB-C Charging Cable,Vareebadd Phone,USB-C Charging Cable + Vareebadd Phone,1
2019-08-15,236885,27in 4K Gaming Monitor,USB-C Charging Cable,27in 4K Gaming Monitor + USB-C Charging Cable,1
2019-08-20,236992,Google Phone,USB-C Charging Cable,Google Phone + USB-C Charging Cable,1
2019-08-06,237013,Lightning Charging Cable,iPhone,Lightning Charging Cable + iPhone,1
2019-08-11,237045,Bose SoundSport Headphones,Wired Headphones,Bose SoundSport Headphones + Wired Headphones,1
2019-08-06,237063,AA Batteries (4-pack),LG Dryer,AA Batteries (4-pack) + LG Dryer,1
2019-08-11,237067,Lightning Charging Cable,iPhone,Lightning Charging Cable + iPhone,1
2019-08-22,237148,Lightning Charging Cable,iPhone,Lightning Charging Cable + iPhone,1
2019-08-07,237218,Lightning Charging Cable,iPhone,Lightning Charging Cable + iPhone,1
2019-08-31,237232,AAA Batteries (4-pack),Bose SoundSport Headphones,AAA Batteries (4-pack) + Bose SoundSport Headphones,1
2019-08-02,237245,AA Batteries (4-pack),AAA Batteries (4-pack),AA Batteries (4-pack) + AAA Batteries (4-pack),1
2019-08-30,237251,Wired Headphones,iPhone,Wired Headphones + iPhone,1
2019-08-25,237261,Apple Airpods Headphones,USB-C Charging Cable,Apple Airpods Headphones + USB-C Charging Cable,1
2019-08-17,237267,Wired Headphones,iPhone,Wired Headphones + iPhone,1
2019-08-20,237288,Google Phone,Wired Headphones,Google Phone + Wired Headphones,1
2019-08-24,237295,27in FHD Monitor,AAA Batteries (4-pack),27in FHD Monitor + AAA Batteries (4-pack),1
2019-08-04,237298,Flatscreen TV,USB-C Charging Cable,Flatscreen TV + USB-C Charging Cable,1
2019-08-01,237299,USB-C Charging Cable,Wired Headphones,USB-C Charging Cable + Wired Headphones,1
2019-08-02,237319,Google Phone,USB-C Charging Cable,Google Phone + USB-C Charging Cable,1
2019-08-23,237338,27in FHD Monitor,AA Batteries (4-pack),27in FHD Monitor + AA Batteries (4-pack),1
2019-08-04,237396,27in FHD Monitor,Bose SoundSport Headphones,27in FHD Monitor + Bose SoundSport Headphones,1
2019-08-03,237430,27in 4K Gaming Monitor,Lightning Charging Cable,27in 4K Gaming Monitor + Lightning Charging Cable,1
2019-08-13,237469,34in Ultrawide Monitor,Vareebadd Phone,34in Ultrawide Monitor + Vareebadd Phone,1
2019-08-10,237503,Bose SoundSport Headphones,Lightning Charging Cable,Bose SoundSport Headphones + Lightning Charging Cable,1
2019-08-24,237540,USB-C Charging Cable,Vareebadd Phone,USB-C Charging Cable + Vareebadd Phone,1
2019-08-23,237556,Lightning Charging Cable,iPhone,Lightning Charging Cable + iPhone,1
2019-08-16,237584,Google Phone,USB-C Charging Cable,Google Phone + USB-C Charging Cable,1
2019-08-09,237629,AAA Batteries (4-pack),USB-C Charging Cable,AAA Batteries (4-pack) + USB-C Charging Cable,1
2019-08-30,237679,Lightning Charging Cable,iPhone,Lightning Charging Cable + iPhone,1
2019-08-20,237692,Google Phone,USB-C Charging Cable,Google Phone + USB-C Charging Cable,1
2019-08-03,237733,Flatscreen TV,Macbook Pro Laptop,Flatscreen TV + Macbook Pro Laptop,1
2019-08-18,237751,AA Batteries (4-pack),Apple Airpods Headphones,AA Batteries (4-pack) + Apple Airpods Headphones,1
2019-08-21,237753,USB-C Charging Cable,Vareebadd Phone,USB-C Charging Cable + Vareebadd Phone,1
2019-08-10,237801,Lightning Charging Cable,iPhone,Lightning Charging Cable + iPhone,1
2019-08-06,237812,AAA Batteries (4-pack),Lightning Charging Cable,AAA Batteries (4-pack) + Lightning Charging Cable,1
2019-08-11,237820,Lightning Charging Cable,iPhone,Lightning Charging Cable + iPhone,1
2019-08-13,237831,Google Phone,USB-C Charging Cable,Google Phone + USB-C Charging Cable,1
2019-08-19,237869,Vareebadd Phone,Wired Headphones,Vareebadd Phone + Wired Headphones,1
2019-08-07,237925,Google Phone,USB-C Charging Cable,Google Phone + USB-C Charging Cable,1
2019-08-06,237946,Lightning Charging Cable,Macbook Pro Laptop,Lightning Charging Cable + Macbook Pro Laptop,1
2019-08-11,237969,AA Batteries (4-pack),Google Phone,AA Batteries (4-pack) + Google Phone,1
2019-08-20,237975,Apple Airpods Headphones,iPhone,Apple Airpods Headphones + iPhone,1
2019-08-15,238007,AA Batteries (4-pack),Lightning Charging Cable,AA Batteries (4-pack) + Lightning Charging Cable,1
2019-08-30,238024,Lightning Charging Cable,iPhone,Lightning Charging Cable + iPhone,1
2019-08-12,238157,AAA Batteries (4-pack),USB-C Charging Cable,AAA Batteries (4-pack) + USB-C Charging Cable,1
2019-08-08,238211,Google Phone,USB-C Charging Cable,Google Phone + USB-C Charging Cable,1
2019-08-08,238211,Google Phone,Wired Headphones,Google Phone + Wired Headphones,1
2019-08-08,238211,USB-C Charging Cable,Wired Headphones,USB-C Charging Cable + Wired Headphones,1
2019-08-19,238213,Apple Airpods Headphones,Macbook Pro Laptop,Apple Airpods Headphones + Macbook Pro Laptop,1
2019-08-23,238221,Wired Headphones,iPhone,Wired Headphones + iPhone,1
2019-08-10,238237,Google Phone,USB-C Charging Cable,Google Phone + USB-C Charging Cable,1
2019-08-26,238242,Bose SoundSport Headphones,Wired Headphones,Bose SoundSport Headphones + Wired Headphones,1
2019-08-13,238273,Lightning Charging Cable,iPhone,Lightning Charging Cable + iPhone,1
2019-08-28,238294,AA Batteries (4-pack),Wired Headphones,AA Batteries (4-pack) + Wired Headphones,1
2019-08-15,238330,AA Batteries (4-pack),Vareebadd Phone,AA Batteries (4-pack) + Vareebadd Phone,1
2019-08-18,238362,Apple Airpods Headphones,Lightning Charging Cable,Apple Airpods Headphones + Lightning Charging Cable,1
2019-08-18,238362,Apple Airpods Headphones,iPhone,Apple Airpods Headphones + iPhone,1
2019-08-18,238362,Lightning Charging Cable,iPhone,Lightning Charging Cable + iPhone,1
2019-08-22,238383,AA Batteries (4-pack),Bose SoundSport Headphones,AA Batteries (4-pack) + Bose SoundSport Headphones,1
2019-08-02,238395,AA Batteries (4-pack),Google Phone,AA Batteries (4-pack) + Google Phone,1
2019-08-08,238398,AA Batteries (4-pack),AAA Batteries (4-pack),AA Batteries (4-pack) + AAA Batteries (4-pack),1
2019-08-05,238399,Google Phone,USB-C Charging Cable,Google Phone + USB-C Charging Cable,1
2019-08-29,238433,Lightning Charging Cable,iPhone,Lightning Charging Cable + iPhone,1
2019-08-25,238441,Lightning Charging Cable,iPhone,Lightning Charging Cable + iPhone,1
2019-08-20,238461,Apple Airpods Headphones,Macbook Pro Laptop,Apple Airpods Headphones + Macbook Pro Laptop,1
2019-08-02,238474,Google Phone,USB-C Charging Cable,Google Phone + USB-C Charging Cable,1
2019-08-31,238522,34in Ultrawide Monitor,Wired Headphones,34in Ultrawide Monitor + Wired Headphones,1
2019-08-23,238587,Lightning Charging Cable,USB-C Charging Cable,Lightning Charging Cable + USB-C Charging Cable,1
2019-08-06,238641,Wired Headphones,iPhone,Wired Headphones + iPhone,1
2019-08-02,238691,Google Phone,USB-C Charging Cable,Google Phone + USB-C Charging Cable,1
2019-08-02,238691,Google Phone,Vareebadd Phone,Google Phone + Vareebadd Phone,1
2019-08-02,238691,USB-C Charging Cable,Vareebadd Phone,USB-C Charging Cable + Vareebadd Phone,1
2019-08-18,238757,Google Phone,USB-C Charging Cable,Google Phone + USB-C Charging Cable,1
2019-08-30,238758,Lightning Charging Cable,iPhone,Lightning Charging Cable + iPhone,1
2019-08-07,238786,Google Phone,USB-C Charging Cable,Google Phone + USB-C Charging Cable,1
2019-08-19,238812,Google Phone,Wired Headphones,Google Phone + Wired Headphones,1
2019-08-24,238843,Bose SoundSport Headphones,Google Phone,Bose SoundSport Headphones + Google Phone,1
2019-08-16,238847,Google Phone,USB-C Charging Cable,Google Phone + USB-C Charging Cable,1
2019-08-16,238847,Google Phone,Wired Headphones,Google Phone + Wired Headphones,1
2019-08-16,238847,USB-C Charging Cable,Wired Headphones,USB-C Charging Cable + Wired Headphones,1
2019-08-14,238865,Bose SoundSport Headphones,Vareebadd Phone,Bose SoundSport Headphones + Vareebadd Phone,1
2019-08-21,238877,AAA Batteries (4-pack),USB-C Charging Cable,AAA Batteries (4-pack) + USB-C Charging Cable,1
2019-08-19,238885,Google Phone,USB-C Charging Cable,Google Phone + USB-C Charging Cable,1
2019-08-14,238895,Wired Headphones,iPhone,Wired Headphones + iPhone,1
2019-08-02,238902,Lightning Charging Cable,iPhone,Lightning Charging Cable + iPhone,1
2019-08-21,238929,AA Batteries (4-pack),Lightning Charging Cable,AA Batteries (4-pack) + Lightning Charging Cable,1
2019-08-05,238936,Google Phone,USB-C Charging Cable,Google Phone + USB-C Charging Cable,1
2019-08-28,238970,Lightning Charging Cable,iPhone,Lightning Charging Cable + iPhone,1
2019-08-19,239006,Apple Airpods Headphones,iPhone,Apple Airpods Headphones + iPhone,1
2019-08-12,239074,ThinkPad Laptop,iPhone,ThinkPad Laptop + iPhone,1
2019-08-09,239084,Google Phone,USB-C Charging Cable,Google Phone + USB-C Charging Cable,1
2019-08-20,239098,AA Batteries (4-pack),USB-C Charging Cable,AA Batteries (4-pack) + USB-C Charging Cable,1
2019-08-24,239131,AAA Batteries (4-pack),Google Phone,AAA Batteries (4-pack) + Google Phone,1
2019-08-15,239169,27in FHD Monitor,AAA Batteries (4-pack),27in FHD Monitor + AAA Batteries (4-pack),1
2019-08-11,239188,Lightning Charging Cable,iPhone,Lightning Charging Cable + iPhone,1
2019-08-31,239248,Apple Airpods Headphones,Lightning Charging Cable,Apple Airpods Headphones + Lightning Charging Cable,1
2019-08-23,239253,34in Ultrawide Monitor,Wired Headphones,34in Ultrawide Monitor + Wired Headphones,1
2019-08-17,239258,AA Batteries (4-pack),AAA Batteries (4-pack),AA Batteries (4-pack) + AAA Batteries (4-pack),1
2019-08-21,239259,Flatscreen TV,Vareebadd Phone,Flatscreen TV + Vareebadd Phone,1
2019-08-13,239290,34in Ultrawide Monitor,Wired Headphones,34in Ultrawide Monitor + Wired Headphones,1
2019-08-03,239295,Google Phone,Wired Headphones,Google Phone + Wired Headphones,1
2019-08-14,239308,Google Phone,USB-C Charging Cable,Google Phone + USB-C Charging Cable,1
2019-08-24,239343,Google Phone,USB-C Charging Cable,Google Phone + USB-C Charging Cable,1
2019-08-01,239398,Vareebadd Phone,Wired Headphones,Vareebadd Phone + Wired Headphones,1
2019-08-18,239420,Wired Headphones,iPhone,Wired Headphones + iPhone,1
2019-08-08,239568,20in Monitor,AAA Batteries (4-pack),20in Monitor + AAA Batteries (4-pack),1
2019-08-08,239737,Apple Airpods Headphones,USB-C Charging Cable,Apple Airpods Headphones + USB-C Charging Cable,1
2019-08-07,239739,Apple Airpods Headphones,iPhone,Apple Airpods Headphones + iPhone,1
2019-08-15,239742,Lightning Charging Cable,iPhone,Lightning Charging Cable + iPhone,1
2019-08-31,239753,Lightning Charging Cable,iPhone,Lightning Charging Cable + iPhone,1
2019-08-04,239883,Lightning Charging Cable,iPhone,Lightning Charging Cable + iPhone,1
2019-08-09,239927,Apple Airpods Headphones,iPhone,Apple Airpods Headphones + iPhone,1
2019-08-08,239964,Apple Airpods Headphones,iPhone,Apple Airpods Headphones + iPhone,1
2019-08-16,239968,Google Phone,USB-C Charging Cable,Google Phone + USB-C Charging Cable,1
2019-08-05,240027,Lightning Charging Cable,iPhone,Lightning Charging Cable + iPhone,1
2019-08-09,240029,Macbook Pro Laptop,USB-C Charging Cable,Macbook Pro Laptop + USB-C Charging Cable,1
2019-08-15,240067,Lightning Charging Cable,iPhone,Lightning Charging Cable + iPhone,1
2019-08-25,240109,34in Ultrawide Monitor,AA Batteries (4-pack),34in Ultrawide Monitor + AA Batteries (4-pack),1
2019-08-29,240138,AAA Batteries (4-pack),Wired Headphones,AAA Batteries (4-pack) + Wired Headphones,1
2019-08-06,240146,Lightning Charging Cable,iPhone,Lightning Charging Cable + iPhone,1
2019-08-16,240159,Bose SoundSport Headphones,Vareebadd Phone,Bose SoundSport Headphones + Vareebadd Phone,1
2019-08-28,240174,USB-C Charging Cable,Wired Headphones,USB-C Charging Cable + Wired Headphones,1
2019-08-30,240212,USB-C Charging Cable,Vareebadd Phone,USB-C Charging Cable + Vareebadd Phone,1
2019-08-03,240220,USB-C Charging Cable,Vareebadd Phone,USB-C Charging Cable + Vareebadd Phone,1
2019-08-11,240233,Apple Airpods Headphones,iPhone,Apple Airpods Headphones + iPhone,1
2019-08-09,240284,AA Batteries (4-pack),Lightning Charging Cable,AA Batteries (4-pack) + Lightning Charging Cable,1
2019-08-19,240292,Google Phone,USB-C Charging Cable,Google Phone + USB-C Charging Cable,1
2019-08-09,240347,Bose SoundSport Headphones,USB-C Charging Cable,Bose SoundSport Headphones + USB-C Charging Cable,1
2019-08-09,240347,Bose SoundSport Headphones,Vareebadd Phone,Bose SoundSport Headphones + Vareebadd Phone,1
2019-08-09,240347,USB-C Charging Cable,Vareebadd Phone,USB-C Charging Cable + Vareebadd Phone,1
2019-08-03,240354,Google Phone,Wired Headphones,Google Phone + Wired Headphones,1
2019-08-25,240395,Lightning Charging Cable,iPhone,Lightning Charging Cable + iPhone,1
2019-08-18,240474,AA Batteries (4-pack),Wired Headphones,AA Batteries (4-pack) + Wired Headphones,1
2019-08-13,240479,AA Batteries (4-pack),Wired Headphones,AA Batteries (4-pack) + Wired Headphones,1
2019-08-14,240490,27in 4K Gaming Monitor,AAA Batteries (4-pack),27in 4K Gaming Monitor + AAA Batteries (4-pack),1
2019-08-14,240550,Bose SoundSport Headphones,Google Phone,Bose SoundSport Headphones + Google Phone,1
2019-08-19,240629,USB-C Charging Cable,Vareebadd Phone,USB-C Charging Cable + Vareebadd Phone,1
2019-08-24,240647,Google Phone,USB-C Charging Cable,Google Phone + USB-C Charging Cable,1
2019-08-30,240667,Lightning Charging Cable,iPhone,Lightning Charging Cable + iPhone,1
2019-08-13,240684,Apple Airpods Headphones,iPhone,Apple Airpods Headphones + iPhone,1
2019-08-21,240710,USB-C Charging Cable,Vareebadd Phone,USB-C Charging Cable + Vareebadd Phone,1
2019-08-07,240718,Bose SoundSport Headphones,iPhone,Bose SoundSport Headphones + iPhone,1
2019-08-28,240742,AAA Batteries (4-pack),Wired Headphones,AAA Batteries (4-pack) + Wired Headphones,1
2019-08-28,240754,Lightning Charging Cable,iPhone,Lightning Charging Cable + iPhone,1
2019-08-26,240774,Google Phone,Lightning Charging Cable,Google Phone + Lightning Charging Cable,1
2019-08-22,240810,Lightning Charging Cable,iPhone,Lightning Charging Cable + iPhone,1
2019-08-21,240845,AAA Batteries (4-pack),USB-C Charging Cable,AAA Batteries (4-pack) + USB-C Charging Cable,1
2019-08-02,240852,Lightning Charging Cable,iPhone,Lightning Charging Cable + iPhone,1
2019-08-06,240862,AAA Batteries (4-pack),Lightning Charging Cable,AAA Batteries (4-pack) + Lightning Charging Cable,1
2019-08-23,240869,Google Phone,USB-C Charging Cable,Google Phone + USB-C Charging Cable,1
2019-08-29,240870,Bose SoundSport Headphones,Vareebadd Phone,Bose SoundSport Headphones + Vareebadd Phone,1
2019-08-05,240897,Google Phone,Wired Headphones,Google Phone + Wired Headphones,1
2019-08-06,240953,USB-C Charging Cable,Vareebadd Phone,USB-C Charging Cable + Vareebadd Phone,1
2019-08-15,241010,Vareebadd Phone,Wired Headphones,Vareebadd Phone + Wired Headphones,1
2019-08-16,241013,Wired Headphones,iPhone,Wired Headphones + iPhone,1
2019-08-16,241020,Lightning Charging Cable,USB-C Charging Cable,Lightning Charging Cable + USB-C Charging Cable,1
2019-08-07,241025,Google Phone,USB-C Charging Cable,Google Phone + USB-C Charging Cable,1
2019-08-25,241045,USB-C Charging Cable,Vareebadd Phone,USB-C Charging Cable + Vareebadd Phone,1
2019-08-14,241088,Wired Headphones,iPhone,Wired Headphones + iPhone,1
2019-08-16,241126,Lightning Charging Cable,iPhone,Lightning Charging Cable + iPhone,1
2019-08-18,241224,Wired Headphones,iPhone,Wired Headphones + iPhone,1
2019-08-01,241241,20in Monitor,AAA Batteries (4-pack),20in Monitor + AAA Batteries (4-pack),1
2019-08-24,241258,AAA Batteries (4-pack),USB-C Charging Cable,AAA Batteries (4-pack) + USB-C Charging Cable,1
2019-08-18,241263,USB-C Charging Cable,iPhone,USB-C Charging Cable + iPhone,1
2019-08-09,241286,Google Phone,USB-C Charging Cable,Google Phone + USB-C Charging Cable,1
2019-08-28,241313,Google Phone,USB-C Charging Cable,Google Phone + USB-C Charging Cable,1
2019-08-11,241334,AA Batteries (4-pack),Bose SoundSport Headphones,AA Batteries (4-pack) + Bose SoundSport Headphones,1
2019-08-24,241394,Google Phone,Wired Headphones,Google Phone + Wired Headphones,1
2019-08-12,241434,Apple Airpods Headphones,ThinkPad Laptop,Apple Airpods Headphones + ThinkPad Laptop,1
2019-08-31,241447,AA Batteries (4-pack),Apple Airpods Headphones,AA Batteries (4-pack) + Apple Airpods Headphones,1
2019-08-27,241464,Flatscreen TV,Macbook Pro Laptop,Flatscreen TV + Macbook Pro Laptop,1
2019-08-18,241469,34in Ultrawide Monitor,AAA Batteries (4-pack),34in Ultrawide Monitor + AAA Batteries (4-pack),1
2019-08-20,241472,Wired Headphones,iPhone,Wired Headphones + iPhone,1
2019-08-26,241492,Apple Airpods Headphones,Bose SoundSport Headphones,Apple Airpods Headphones + Bose SoundSport Headphones,1
2019-08-17,241524,Google Phone,USB-C Charging Cable,Google Phone + USB-C Charging Cable,1
2019-08-04,241528,USB-C Charging Cable,Wired Headphones,USB-C Charging Cable + Wired Headphones,1
2019-08-10,241557,20in Monitor,Bose SoundSport Headphones,20in Monitor + Bose SoundSport Headphones,1
2019-08-11,241603,Google Phone,USB-C Charging Cable,Google Phone + USB-C Charging Cable,1
2019-08-15,241632,Lightning Charging Cable,iPhone,Lightning Charging Cable + iPhone,1
2019-08-21,241638,Wired Headphones,iPhone,Wired Headphones + iPhone,1
2019-08-28,241640,Google Phone,USB-C Charging Cable,Google Phone + USB-C Charging Cable,1
2019-08-12,241657,Google Phone,USB-C Charging Cable,Google Phone + USB-C Charging Cable,1
2019-08-19,241675,20in Monitor,AA Batteries (4-pack),20in Monitor + AA Batteries (4-pack),1
2019-08-13,241678,Vareebadd Phone,Wired Headphones,Vareebadd Phone + Wired Headphones,1
2019-08-31,241704,27in FHD Monitor,Lightning Charging Cable,27in FHD Monitor + Lightning Charging Cable,1
2019-08-06,241750,Apple Airpods Headphones,Flatscreen TV,Apple Airpods Headphones + Flatscreen TV,1
2019-08-20,241780,AA Batteries (4-pack),Bose SoundSport Headphones,AA Batteries (4-pack) + Bose SoundSport Headphones,1
2019-08-25,241790,Google Phone,USB-C Charging Cable,Google Phone + USB-C Charging Cable,1
2019-08-24,241817,Bose SoundSport Headphones,USB-C Charging Cable,Bose SoundSport Headphones + USB-C Charging Cable,1
2019-08-24,241817,Bose SoundSport Headphones,Vareebadd Phone,Bose SoundSport Headphones + Vareebadd Phone,1
2019-08-24,241817,USB-C Charging Cable,Vareebadd Phone,USB-C Charging Cable + Vareebadd Phone,1
2019-08-25,241863,Apple Airpods Headphones,iPhone,Apple Airpods Headphones + iPhone,1
2019-08-30,241940,27in 4K Gaming Monitor,34in Ultrawide Monitor,27in 4K Gaming Monitor + 34in Ultrawide Monitor,1
2019-08-31,241987,Lightning Charging Cable,USB-C Charging Cable,Lightning Charging Cable + USB-C Charging Cable,1
2019-08-24,242018,27in 4K Gaming Monitor,27in FHD Monitor,27in 4K Gaming Monitor + 27in FHD Monitor,1
2019-08-19,242019,Apple Airpods Headphones,Lightning Charging Cable,Apple Airpods Headphones + Lightning Charging Cable,1
2019-08-03,242044,27in FHD Monitor,Google Phone,27in FHD Monitor + Google Phone,1
2019-08-08,242083,Google Phone,USB-C Charging Cable,Google Phone + USB-C Charging Cable,1
2019-08-31,242089,Google Phone,USB-C Charging Cable,Google Phone + USB-C Charging Cable,1
2019-08-20,242092,Apple Airpods Headphones,iPhone,Apple Airpods Headphones + iPhone,1
2019-08-09,242104,Google Phone,USB-C Charging Cable,Google Phone + USB-C Charging Cable,1
2019-08-02,242132,Google Phone,USB-C Charging Cable,Google Phone + USB-C Charging Cable,1
2019-08-23,242139,Google Phone,USB-C Charging Cable,Google Phone + USB-C Charging Cable,1
2019-08-07,242176,AA Batteries (4-pack),ThinkPad Laptop,AA Batteries (4-pack) + ThinkPad Laptop,1
2019-08-10,242188,Google Phone,USB-C Charging Cable,Google Phone + USB-C Charging Cable,1
2019-08-01,242197,Wired Headphones,iPhone,Wired Headphones + iPhone,1
2019-08-14,242224,USB-C Charging Cable,Vareebadd Phone,USB-C Charging Cable + Vareebadd Phone,1
2019-08-29,242248,Google Phone,USB-C Charging Cable,Google Phone + USB-C Charging Cable,1
2019-08-27,242249,Google Phone,USB-C Charging Cable,Google Phone + USB-C Charging Cable,1
2019-08-17,242295,27in FHD Monitor,Wired Headphones,27in FHD Monitor + Wired Headphones,1
2019-08-04,242323,27in FHD Monitor,Lightning Charging Cable,27in FHD Monitor + Lightning Charging Cable,1
2019-08-28,242355,Bose SoundSport Headphones,iPhone,Bose SoundSport Headphones + iPhone,1
2019-08-27,242400,Google Phone,USB-C Charging Cable,Google Phone + USB-C Charging Cable,1
2019-08-27,242411,AAA Batteries (4-pack),Bose SoundSport Headphones,AAA Batteries (4-pack) + Bose SoundSport Headphones,1
2019-08-03,242436,Flatscreen TV,Wired Headphones,Flatscreen TV + Wired Headphones,1
2019-08-27,242443,Apple Airpods Headphones,iPhone,Apple Airpods Headphones + iPhone,1
2019-08-20,242507,AAA Batteries (4-pack),USB-C Charging Cable,AAA Batteries (4-pack) + USB-C Charging Cable,1
2019-08-04,242515,27in FHD Monitor,Lightning Charging Cable,27in FHD Monitor + Lightning Charging Cable,1
2019-08-23,242523,Lightning Charging Cable,iPhone,Lightning Charging Cable + iPhone,1
2019-08-08,242614,Google Phone,USB-C Charging Cable,Google Phone + USB-C Charging Cable,1
2019-08-03,242700,LG Dryer,Lightning Charging Cable,LG Dryer + Lightning Charging Cable,1
2019-08-18,242717,Lightning Charging Cable,iPhone,Lightning Charging Cable + iPhone,1
2019-08-25,242726,Bose SoundSport Headphones,Google Phone,Bose SoundSport Headphones + Google Phone,1
2019-08-03,242768,AA Batteries (4-pack),Bose SoundSport Headphones,AA Batteries (4-pack) + Bose SoundSport Headphones,1
2019-08-28,242774,20in Monitor,Wired Headphones,20in Monitor + Wired Headphones,1
2019-08-28,242785,Apple Airpods Headphones,USB-C Charging Cable,Apple Airpods Headphones + USB-C Charging Cable,1
2019-08-22,242792,AAA Batteries (4-pack),ThinkPad Laptop,AAA Batteries (4-pack) + ThinkPad Laptop,1
2019-08-26,242795,AA Batteries (4-pack),Lightning Charging Cable,AA Batteries (4-pack) + Lightning Charging Cable,1
2019-08-21,242796,34in Ultrawide Monitor,Apple Airpods Headphones,34in Ultrawide Monitor + Apple Airpods Headphones,1
2019-08-06,242811,Lightning Charging Cable,iPhone,Lightning Charging Cable + iPhone,1
2019-08-11,242875,Bose SoundSport Headphones,Google Phone,Bose SoundSport Headphones + Google Phone,1
2019-08-18,242881,AAA Batteries (4-pack),Bose SoundSport Headphones,AAA Batteries (4-pack) + Bose SoundSport Headphones,1
2019-08-31,242893,Apple Airpods Headphones,iPhone,Apple Airpods Headphones + iPhone,1
2019-08-11,242898,Wired Headphones,iPhone,Wired Headphones + iPhone,1
2019-08-14,242936,Apple Airpods Headphones,Lightning Charging Cable,Apple Airpods Headphones + Lightning Charging Cable,1
2019-08-14,242936,Apple Airpods Headphones,Wired Headphones,Apple Airpods Headphones + Wired Headphones,1
2019-08-14,242936,Apple Airpods Headphones,iPhone,Apple Airpods Headphones + iPhone,1
2019-08-14,242936,Lightning Charging Cable,Wired Headphones,Lightning Charging Cable + Wired Headphones,1
2019-08-14,242936,Lightning Charging Cable,iPhone,Lightning Charging Cable + iPhone,1
2019-08-14,242936,Wired Headphones,iPhone,Wired Headphones + iPhone,1
2019-08-22,242951,Apple Airpods Headphones,ThinkPad Laptop,Apple Airpods Headphones + ThinkPad Laptop,1
2019-08-12,242952,27in FHD Monitor,AAA Batteries (4-pack),27in FHD Monitor + AAA Batteries (4-pack),1
2019-08-02,242960,Bose SoundSport Headphones,Lightning Charging Cable,Bose SoundSport Headphones + Lightning Charging Cable,1
2019-08-31,242963,27in FHD Monitor,AA Batteries (4-pack),27in FHD Monitor + AA Batteries (4-pack),1
2019-08-31,243076,Apple Airpods Headphones,Wired Headphones,Apple Airpods Headphones + Wired Headphones,1
2019-08-10,243109,Apple Airpods Headphones,iPhone,Apple Airpods Headphones + iPhone,1
2019-08-08,243110,AA Batteries (4-pack),Lightning Charging Cable,AA Batteries (4-pack) + Lightning Charging Cable,1
2019-08-04,243134,AA Batteries (4-pack),Google Phone,AA Batteries (4-pack) + Google Phone,1
2019-08-26,243135,ThinkPad Laptop,USB-C Charging Cable,ThinkPad Laptop + USB-C Charging Cable,1
2019-08-02,243137,34in Ultrawide Monitor,Lightning Charging Cable,34in Ultrawide Monitor + Lightning Charging Cable,1
2019-08-26,243166,34in Ultrawide Monitor,Flatscreen TV,34in Ultrawide Monitor + Flatscreen TV,1
2019-08-20,243171,Lightning Charging Cable,USB-C Charging Cable,Lightning Charging Cable + USB-C Charging Cable,1
2019-08-17,243184,Lightning Charging Cable,iPhone,Lightning Charging Cable + iPhone,1
2019-08-17,243202,Google Phone,Wired Headphones,Google Phone + Wired Headphones,1
2019-08-28,243243,AAA Batteries (4-pack),Bose SoundSport Headphones,AAA Batteries (4-pack) + Bose SoundSport Headphones,1
2019-08-17,243267,Wired Headphones,iPhone,Wired Headphones + iPhone,1
2019-08-28,243305,Bose SoundSport Headphones,Vareebadd Phone,Bose SoundSport Headphones + Vareebadd Phone,1
2019-08-07,243306,USB-C Charging Cable,Vareebadd Phone,USB-C Charging Cable + Vareebadd Phone,1
2019-08-17,243332,AAA Batteries (4-pack),Apple Airpods Headphones,AAA Batteries (4-pack) + Apple Airpods Headphones,1
2019-08-16,243342,27in FHD Monitor,AAA Batteries (4-pack),27in FHD Monitor + AAA Batteries (4-pack),1
2019-08-07,243387,20in Monitor,iPhone,20in Monitor + iPhone,1
2019-08-22,243420,Lightning Charging Cable,Wired Headphones,Lightning Charging Cable + Wired Headphones,1
2019-08-26,243432,Google Phone,USB-C Charging Cable,Google Phone + USB-C Charging Cable,1
2019-08-25,243444,Google Phone,USB-C Charging Cable,Google Phone + USB-C Charging Cable,1
2019-08-20,243450,Bose SoundSport Headphones,Lightning Charging Cable,Bose SoundSport Headphones + Lightning Charging Cable,1
2019-08-21,243503,Google Phone,Wired Headphones,Google Phone + Wired Headphones,1
2019-08-06,243507,AA Batteries (4-pack),Apple Airpods Headphones,AA Batteries (4-pack) + Apple Airpods Headphones,1
2019-08-31,243517,AA Batteries (4-pack),Lightning Charging Cable,AA Batteries (4-pack) + Lightning Charging Cable,1
2019-08-07,243523,Apple Airpods Headphones,iPhone,Apple Airpods Headphones + iPhone,1
2019-08-06,243530,Bose SoundSport Headphones,Vareebadd Phone,Bose SoundSport Headphones + Vareebadd Phone,1
2019-08-03,243547,Vareebadd Phone,Wired Headphones,Vareebadd Phone + Wired Headphones,1
2019-08-03,243559,20in Monitor,Lightning Charging Cable,20in Monitor + Lightning Charging Cable,1
2019-08-23,243582,Lightning Charging Cable,iPhone,Lightning Charging Cable + iPhone,1
2019-08-30,243610,Google Phone,Wired Headphones,Google Phone + Wired Headphones,1
2019-08-26,243636,USB-C Charging Cable,Vareebadd Phone,USB-C Charging Cable + Vareebadd Phone,1
2019-08-30,243666,Vareebadd Phone,Wired Headphones,Vareebadd Phone + Wired Headphones,1
2019-08-31,243679,AAA Batteries (4-pack),Apple Airpods Headphones,AAA Batteries (4-pack) + Apple Airpods Headphones,1
2019-08-31,243767,Google Phone,USB-C Charging Cable,Google Phone + USB-C Charging Cable,1
2019-08-14,243768,Lightning Charging Cable,iPhone,Lightning Charging Cable + iPhone,1
2019-08-01,243776,Apple Airpods Headphones,Macbook Pro Laptop,Apple Airpods Headphones + Macbook Pro Laptop,1
2019-08-01,243841,USB-C Charging Cable,Vareebadd Phone,USB-C Charging Cable + Vareebadd Phone,1
2019-08-21,243847,Lightning Charging Cable,iPhone,Lightning Charging Cable + iPhone,1
2019-08-29,243866,20in Monitor,Macbook Pro Laptop,20in Monitor + Macbook Pro Laptop,1
2019-08-09,243921,Wired Headphones,iPhone,Wired Headphones + iPhone,1
2019-08-19,243928,AA Batteries (4-pack),Wired Headphones,AA Batteries (4-pack) + Wired Headphones,1
2019-08-17,243945,Bose SoundSport Headphones,Google Phone,Bose SoundSport Headphones + Google Phone,1
2019-08-28,243947,Google Phone,USB-C Charging Cable,Google Phone + USB-C Charging Cable,1
2019-08-10,244023,Lightning Charging Cable,iPhone,Lightning Charging Cable + iPhone,1
2019-08-10,244032,USB-C Charging Cable,Vareebadd Phone,USB-C Charging Cable + Vareebadd Phone,1
2019-08-29,244053,Lightning Charging Cable,iPhone,Lightning Charging Cable + iPhone,1
2019-08-24,244069,Google Phone,USB-C Charging Cable,Google Phone + USB-C Charging Cable,1
2019-08-09,244071,27in 4K Gaming Monitor,USB-C Charging Cable,27in 4K Gaming Monitor + USB-C Charging Cable,1
2019-08-17,244109,Apple Airpods Headphones,iPhone,Apple Airpods Headphones + iPhone,1
2019-08-14,244138,Lightning Charging Cable,iPhone,Lightning Charging Cable + iPhone,1
2019-08-28,244173,Lightning Charging Cable,iPhone,Lightning Charging Cable + iPhone,1
2019-08-13,244191,Bose SoundSport Headphones,Google Phone,Bose SoundSport Headphones + Google Phone,1
2019-08-13,244191,Bose SoundSport Headphones,USB-C Charging Cable,Bose SoundSport Headphones + USB-C Charging Cable,1
2019-08-13,244191,Google Phone,USB-C Charging Cable,Google Phone + USB-C Charging Cable,1
2019-08-14,244245,Apple Airpods Headphones,Wired Headphones,Apple Airpods Headphones + Wired Headphones,1
2019-08-22,244257,27in 4K Gaming Monitor,Lightning Charging Cable,27in 4K Gaming Monitor + Lightning Charging Cable,1
2019-08-18,244307,Google Phone,USB-C Charging Cable,Google Phone + USB-C Charging Cable,1
2019-08-18,244307,Google Phone,Wired Headphones,Google Phone + Wired Headphones,1
2019-08-18,244307,USB-C Charging Cable,Wired Headphones,USB-C Charging Cable + Wired Headphones,1
2019-08-01,244328,AAA Batteries (4-pack),Bose SoundSport Headphones,AAA Batteries (4-pack) + Bose SoundSport Headphones,1
2019-08-19,244330,27in 4K Gaming Monitor,USB-C Charging Cable,27in 4K Gaming Monitor + USB-C Charging Cable,1
2019-08-09,244338,Google Phone,USB-C Charging Cable,Google Phone + USB-C Charging Cable,1
2019-08-26,244346,Google Phone,USB-C Charging Cable,Google Phone + USB-C Charging Cable,1
2019-08-26,244346,Google Phone,Wired Headphones,Google Phone + Wired Headphones,1
2019-08-26,244346,USB-C Charging Cable,Wired Headphones,USB-C Charging Cable + Wired Headphones,1
2019-08-21,244461,AAA Batteries (4-pack),Bose SoundSport Headphones,AAA Batteries (4-pack) + Bose SoundSport Headphones,1
2019-08-07,244484,Bose SoundSport Headphones,Lightning Charging Cable,Bose SoundSport Headphones + Lightning Charging Cable,1
2019-08-10,244495,Bose SoundSport Headphones,Google Phone,Bose SoundSport Headphones + Google Phone,1
2019-08-15,244505,Apple Airpods Headphones,USB-C Charging Cable,Apple Airpods Headphones + USB-C Charging Cable,1
2019-08-26,244557,AAA Batteries (4-pack),Bose SoundSport Headphones,AAA Batteries (4-pack) + Bose SoundSport Headphones,1
2019-08-29,244558,Wired Headphones,iPhone,Wired Headphones + iPhone,1
2019-08-11,244561,USB-C Charging Cable,Vareebadd Phone,USB-C Charging Cable + Vareebadd Phone,1
2019-08-07,244562,34in Ultrawide Monitor,Lightning Charging Cable,34in Ultrawide Monitor + Lightning Charging Cable,1
2019-08-28,244577,Bose SoundSport Headphones,Vareebadd Phone,Bose SoundSport Headphones + Vareebadd Phone,1
2019-08-12,244586,Lightning Charging Cable,iPhone,Lightning Charging Cable + iPhone,1
2019-08-10,244597,AA Batteries (4-pack),Apple Airpods Headphones,AA Batteries (4-pack) + Apple Airpods Headphones,1
2019-08-17,244613,Lightning Charging Cable,iPhone,Lightning Charging Cable + iPhone,1
2019-08-25,244615,Apple Airpods Headphones,iPhone,Apple Airpods Headphones + iPhone,1
2019-08-08,244648,34in Ultrawide Monitor,AAA Batteries (4-pack),34in Ultrawide Monitor + AAA Batteries (4-pack),1
2019-08-22,244749,USB-C Charging Cable,Vareebadd Phone,USB-C Charging Cable + Vareebadd Phone,1
2019-08-14,244756,Lightning Charging Cable,Wired Headphones,Lightning Charging Cable + Wired Headphones,1
2019-08-04,244809,Lightning Charging Cable,Wired Headphones,Lightning Charging Cable + Wired Headphones,1
2019-08-31,244812,USB-C Charging Cable,Wired Headphones,USB-C Charging Cable + Wired Headphones,1
2019-08-24,244830,LG Washing Machine,Macbook Pro Laptop,LG Washing Machine + Macbook Pro Laptop,1
2019-08-20,244835,AAA Batteries (4-pack),Lightning Charging Cable,AAA Batteries (4-pack) + Lightning Charging Cable,1
2019-08-06,244857,Lightning Charging Cable,iPhone,Lightning Charging Cable + iPhone,1
2019-08-21,244876,34in Ultrawide Monitor,Wired Headphones,34in Ultrawide Monitor + Wired Headphones,1
2019-08-15,244892,AAA Batteries (4-pack),ThinkPad Laptop,AAA Batteries (4-pack) + ThinkPad Laptop,1
2019-08-19,244904,AA Batteries (4-pack),Lightning Charging Cable,AA Batteries (4-pack) + Lightning Charging Cable,1
2019-08-16,244937,Lightning Charging Cable,iPhone,Lightning Charging Cable + iPhone,1
2019-08-17,244942,AAA Batteries (4-pack),Apple Airpods Headphones,AAA Batteries (4-pack) + Apple Airpods Headphones,1
2019-08-03,244945,ThinkPad Laptop,Wired Headphones,ThinkPad Laptop + Wired Headphones,1
2019-08-04,244991,Lightning Charging Cable,iPhone,Lightning Charging Cable + iPhone,1
2019-08-13,244995,Google Phone,USB-C Charging Cable,Google Phone + USB-C Charging Cable,1
2019-08-02,245008,Google Phone,USB-C Charging Cable,Google Phone + USB-C Charging Cable,1
2019-08-02,245008,Google Phone,Wired Headphones,Google Phone + Wired Headphones,1
2019-08-02,245008,USB-C Charging Cable,Wired Headphones,USB-C Charging Cable + Wired Headphones,1
2019-08-22,245044,AA Batteries (4-pack),AAA Batteries (4-pack),AA Batteries (4-pack) + AAA Batteries (4-pack),1
2019-08-10,245056,Lightning Charging Cable,iPhone,Lightning Charging Cable + iPhone,1
2019-08-29,245088,Lightning Charging Cable,iPhone,Lightning Charging Cable + iPhone,1
2019-08-02,245089,Wired Headphones,iPhone,Wired Headphones + iPhone,1
2019-08-29,245092,Lightning Charging Cable,Wired Headphones,Lightning Charging Cable + Wired Headphones,1
2019-08-31,245100,Google Phone,USB-C Charging Cable,Google Phone + USB-C Charging Cable,1
2019-08-30,245112,Vareebadd Phone,Wired Headphones,Vareebadd Phone + Wired Headphones,1
2019-08-01,245133,Flatscreen TV,ThinkPad Laptop,Flatscreen TV + ThinkPad Laptop,1
2019-08-07,245151,Apple Airpods Headphones,iPhone,Apple Airpods Headphones + iPhone,1
2019-08-07,245190,Lightning Charging Cable,Wired Headphones,Lightning Charging Cable + Wired Headphones,1
2019-08-21,245312,USB-C Charging Cable,Vareebadd Phone,USB-C Charging Cable + Vareebadd Phone,1
2019-08-29,245317,Lightning Charging Cable,iPhone,Lightning Charging Cable + iPhone,1
2019-08-01,245353,Google Phone,USB-C Charging Cable,Google Phone + USB-C Charging Cable,1
2019-08-13,245371,AA Batteries (4-pack),Lightning Charging Cable,AA Batteries (4-pack) + Lightning Charging Cable,1
2019-08-20,245415,AA Batteries (4-pack),USB-C Charging Cable,AA Batteries (4-pack) + USB-C Charging Cable,1
2019-08-23,245465,20in Monitor,AAA Batteries (4-pack),20in Monitor + AAA Batteries (4-pack),1
2019-08-10,245468,Lightning Charging Cable,iPhone,Lightning Charging Cable + iPhone,1
2019-08-14,245497,Lightning Charging Cable,iPhone,Lightning Charging Cable + iPhone,1
2019-08-22,245551,Bose SoundSport Headphones,Flatscreen TV,Bose SoundSport Headphones + Flatscreen TV,1
2019-08-24,245564,Bose SoundSport Headphones,Google Phone,Bose SoundSport Headphones + Google Phone,1
2019-08-04,245600,Bose SoundSport Headphones,Google Phone,Bose SoundSport Headphones + Google Phone,1
2019-08-14,245602,Wired Headphones,iPhone,Wired Headphones + iPhone,1
2019-08-27,245615,Google Phone,USB-C Charging Cable,Google Phone + USB-C Charging Cable,1
2019-08-24,245697,Lightning Charging Cable,Wired Headphones,Lightning Charging Cable + Wired Headphones,1
2019-08-24,245697,Lightning Charging Cable,iPhone,Lightning Charging Cable + iPhone,1
2019-08-24,245697,Wired Headphones,iPhone,Wired Headphones + iPhone,1
2019-08-22,245704,AA Batteries (4-pack),Bose SoundSport Headphones,AA Batteries (4-pack) + Bose SoundSport Headphones,1
2019-08-01,245763,AAA Batteries (4-pack),Wired Headphones,AAA Batteries (4-pack) + Wired Headphones,1
2019-08-13,245803,Apple Airpods Headphones,USB-C Charging Cable,Apple Airpods Headphones + USB-C Charging Cable,1
2019-08-05,245840,Flatscreen TV,Lightning Charging Cable,Flatscreen TV + Lightning Charging Cable,1
2019-08-10,245851,AA Batteries (4-pack),Bose SoundSport Headphones,AA Batteries (4-pack) + Bose SoundSport Headphones,1
2019-08-31,245982,Google Phone,Wired Headphones,Google Phone + Wired Headphones,1
2019-08-19,246009,USB-C Charging Cable,Vareebadd Phone,USB-C Charging Cable + Vareebadd Phone,1
2019-08-31,246011,AAA Batteries (4-pack),Bose SoundSport Headphones,AAA Batteries (4-pack) + Bose SoundSport Headphones,1
2019-08-29,246016,27in FHD Monitor,Lightning Charging Cable,27in FHD Monitor + Lightning Charging Cable,1
2019-08-26,246041,Lightning Charging Cable,USB-C Charging Cable,Lightning Charging Cable + USB-C Charging Cable,1
2019-08-16,246073,USB-C Charging Cable,Vareebadd Phone,USB-C Charging Cable + Vareebadd Phone,1
2019-08-24,246080,Google Phone,Wired Headphones,Google Phone + Wired Headphones,1
2019-08-26,246088,Google Phone,Wired Headphones,Google Phone + Wired Headphones,1
2019-08-17,246089,Lightning Charging Cable,iPhone,Lightning Charging Cable + iPhone,1
2019-08-29,246128,Lightning Charging Cable,USB-C Charging Cable,Lightning Charging Cable + USB-C Charging Cable,1
2019-08-19,246154,34in Ultrawide Monitor,ThinkPad Laptop,34in Ultrawide Monitor + ThinkPad Laptop,1
2019-08-11,246165,AAA Batteries (4-pack),USB-C Charging Cable,AAA Batteries (4-pack) + USB-C Charging Cable,1
2019-08-27,246197,AA Batteries (4-pack),iPhone,AA Batteries (4-pack) + iPhone,1
2019-08-11,246248,AAA Batteries (4-pack),USB-C Charging Cable,AAA Batteries (4-pack) + USB-C Charging Cable,1
2019-08-13,246262,USB-C Charging Cable,Wired Headphones,USB-C Charging Cable + Wired Headphones,1
2019-08-16,246286,Bose SoundSport Headphones,Google Phone,Bose SoundSport Headphones + Google Phone,1
2019-08-01,246438,Lightning Charging Cable,iPhone,Lightning Charging Cable + iPhone,1
2019-08-28,246539,Lightning Charging Cable,USB-C Charging Cable,Lightning Charging Cable + USB-C Charging Cable,1
2019-08-26,246604,Lightning Charging Cable,iPhone,Lightning Charging Cable + iPhone,1
2019-08-07,246636,Google Phone,Wired Headphones,Google Phone + Wired Headphones,1
2019-08-09,246637,Flatscreen TV,Lightning Charging Cable,Flatscreen TV + Lightning Charging Cable,1
2019-08-18,246655,Lightning Charging Cable,iPhone,Lightning Charging Cable + iPhone,1
2019-08-10,246656,Apple Airpods Headphones,Lightning Charging Cable,Apple Airpods Headphones + Lightning Charging Cable,1
2019-08-10,246656,Apple Airpods Headphones,iPhone,Apple Airpods Headphones + iPhone,1
2019-08-10,246656,Lightning Charging Cable,iPhone,Lightning Charging Cable + iPhone,1
2019-08-22,246715,34in Ultrawide Monitor,AA Batteries (4-pack),34in Ultrawide Monitor + AA Batteries (4-pack),1
2019-08-16,246724,AA Batteries (4-pack),Vareebadd Phone,AA Batteries (4-pack) + Vareebadd Phone,1
2019-08-12,246759,Flatscreen TV,iPhone,Flatscreen TV + iPhone,1
2019-08-17,246783,27in 4K Gaming Monitor,ThinkPad Laptop,27in 4K Gaming Monitor + ThinkPad Laptop,1
2019-08-25,246797,USB-C Charging Cable,Vareebadd Phone,USB-C Charging Cable + Vareebadd Phone,1
2019-08-09,246821,Google Phone,USB-C Charging Cable,Google Phone + USB-C Charging Cable,1
2019-08-01,246943,Apple Airpods Headphones,iPhone,Apple Airpods Headphones + iPhone,1
2019-08-30,246996,AA Batteries (4-pack),Lightning Charging Cable,AA Batteries (4-pack) + Lightning Charging Cable,1
2019-08-12,247006,Apple Airpods Headphones,iPhone,Apple Airpods Headphones + iPhone,1
2019-08-04,247033,Lightning Charging Cable,iPhone,Lightning Charging Cable + iPhone,1
2019-08-13,247056,AA Batteries (4-pack),USB-C Charging Cable,AA Batteries (4-pack) + USB-C Charging Cable,1
2019-08-13,247063,Apple Airpods Headphones,iPhone,Apple Airpods Headphones + iPhone,1
2019-08-31,247089,Lightning Charging Cable,USB-C Charging Cable,Lightning Charging Cable + USB-C Charging Cable,1
2019-08-29,247127,Google Phone,Wired Headphones,Google Phone + Wired Headphones,1
2019-08-29,247149,Wired Headphones,iPhone,Wired Headphones + iPhone,1
2019-08-25,247180,Google Phone,USB-C Charging Cable,Google Phone + USB-C Charging Cable,1
2019-08-05,247195,Lightning Charging Cable,USB-C Charging Cable,Lightning Charging Cable + USB-C Charging Cable,1
2019-08-16,247238,Bose SoundSport Headphones,USB-C Charging Cable,Bose SoundSport Headphones + USB-C Charging Cable,1
2019-08-25,247264,Lightning Charging Cable,Wired Headphones,Lightning Charging Cable + Wired Headphones,1
2019-08-25,247264,Lightning Charging Cable,iPhone,Lightning Charging Cable + iPhone,1
2019-08-25,247264,Wired Headphones,iPhone,Wired Headphones + iPhone,1
2019-08-11,247293,AAA Batteries (4-pack),Apple Airpods Headphones,AAA Batteries (4-pack) + Apple Airpods Headphones,1
2019-08-20,247319,Lightning Charging Cable,iPhone,Lightning Charging Cable + iPhone,1
2019-08-05,247331,Bose SoundSport Headphones,Macbook Pro Laptop,Bose SoundSport Headphones + Macbook Pro Laptop,1
2019-08-30,247342,Bose SoundSport Headphones,Google Phone,Bose SoundSport Headphones + Google Phone,1
2019-08-20,247385,Apple Airpods Headphones,USB-C Charging Cable,Apple Airpods Headphones + USB-C Charging Cable,1
2019-08-17,247386,USB-C Charging Cable,Wired Headphones,USB-C Charging Cable + Wired Headphones,1
2019-08-20,247390,20in Monitor,Lightning Charging Cable,20in Monitor + Lightning Charging Cable,1
2019-08-28,247391,Lightning Charging Cable,iPhone,Lightning Charging Cable + iPhone,1
2019-08-30,247435,Apple Airpods Headphones,iPhone,Apple Airpods Headphones + iPhone,1
2019-08-08,247457,Lightning Charging Cable,iPhone,Lightning Charging Cable + iPhone,1
2019-08-21,247463,Lightning Charging Cable,iPhone,Lightning Charging Cable + iPhone,1
2019-08-20,247490,USB-C Charging Cable,Wired Headphones,USB-C Charging Cable + Wired Headphones,1
2019-08-09,247519,AA Batteries (4-pack),Vareebadd Phone,AA Batteries (4-pack) + Vareebadd Phone,1
2019-08-25,247533,Flatscreen TV,iPhone,Flatscreen TV + iPhone,1
2019-08-31,247537,AA Batteries (4-pack),Lightning Charging Cable,AA Batteries (4-pack) + Lightning Charging Cable,1
2019-08-14,247543,Apple Airpods Headphones,iPhone,Apple Airpods Headphones + iPhone,1
2019-08-19,247558,AAA Batteries (4-pack),Apple Airpods Headphones,AAA Batteries (4-pack) + Apple Airpods Headphones,1
2019-08-28,247572,Bose SoundSport Headphones,Vareebadd Phone,Bose SoundSport Headphones + Vareebadd Phone,1
2019-08-17,247632,Apple Airpods Headphones,iPhone,Apple Airpods Headphones + iPhone,1
2019-08-16,247640,27in FHD Monitor,Lightning Charging Cable,27in FHD Monitor + Lightning Charging Cable,1
2019-08-01,247646,Google Phone,Wired Headphones,Google Phone + Wired Headphones,1
2019-08-11,247650,AA Batteries (4-pack),Lightning Charging Cable,AA Batteries (4-pack) + Lightning Charging Cable,1
2019-08-23,247693,Lightning Charging Cable,iPhone,Lightning Charging Cable + iPhone,1
2019-08-29,247734,Lightning Charging Cable,iPhone,Lightning Charging Cable + iPhone,1
2019-08-15,247762,27in 4K Gaming Monitor,Apple Airpods Headphones,27in 4K Gaming Monitor + Apple Airpods Headphones,1
2019-08-20,247768,Bose SoundSport Headphones,Google Phone,Bose SoundSport Headphones + Google Phone,1
2019-08-24,247771,Google Phone,USB-C Charging Cable,Google Phone + USB-C Charging Cable,1
2019-08-03,247788,Lightning Charging Cable,iPhone,Lightning Charging Cable + iPhone,1
2019-08-17,247826,AAA Batteries (4-pack),Wired Headphones,AAA Batteries (4-pack) + Wired Headphones,1
2019-08-03,247827,34in Ultrawide Monitor,USB-C Charging Cable,34in Ultrawide Monitor + USB-C Charging Cable,1
2019-08-01,247839,Google Phone,USB-C Charging Cable,Google Phone + USB-C Charging Cable,1
2019-08-07,247879,USB-C Charging Cable,Wired Headphones,USB-C Charging Cable + Wired Headphones,1
2019-08-23,247891,AA Batteries (4-pack),USB-C Charging Cable,AA Batteries (4-pack) + USB-C Charging Cable,1
2019-08-03,247935,Google Phone,USB-C Charging Cable,Google Phone + USB-C Charging Cable,1
2019-08-23,247938,Google Phone,Vareebadd Phone,Google Phone + Vareebadd Phone,1
2019-08-05,247966,Apple Airpods Headphones,iPhone,Apple Airpods Headphones + iPhone,1
2019-08-18,247988,AA Batteries (4-pack),USB-C Charging Cable,AA Batteries (4-pack) + USB-C Charging Cable,1
2019-08-22,247989,AA Batteries (4-pack),iPhone,AA Batteries (4-pack) + iPhone,1
2019-08-07,248000,Apple Airpods Headphones,Macbook Pro Laptop,Apple Airpods Headphones + Macbook Pro Laptop,1
2019-08-01,248001,AAA Batteries (4-pack),Apple Airpods Headphones,AAA Batteries (4-pack) + Apple Airpods Headphones,1
2019-08-23,248005,AA Batteries (4-pack),Wired Headphones,AA Batteries (4-pack) + Wired Headphones,1
2019-08-31,248026,LG Dryer,Vareebadd Phone,LG Dryer + Vareebadd Phone,1
2019-08-05,248053,20in Monitor,AA Batteries (4-pack),20in Monitor + AA Batteries (4-pack),1
2019-08-13,248068,AA Batteries (4-pack),Bose SoundSport Headphones,AA Batteries (4-pack) + Bose SoundSport Headphones,1
2019-08-13,248088,Bose SoundSport Headphones,ThinkPad Laptop,Bose SoundSport Headphones + ThinkPad Laptop,1
2019-08-28,248105,Google Phone,Wired Headphones,Google Phone + Wired Headphones,1
2019-08-02,248120,Google Phone,USB-C Charging Cable,Google Phone + USB-C Charging Cable,1
2019-09-27,248210,Lightning Charging Cable,iPhone,Lightning Charging Cable + iPhone,1
2019-09-24,248219,Bose SoundSport Headphones,Google Phone,Bose SoundSport Headphones + Google Phone,1
2019-09-24,248265,Bose SoundSport Headphones,Vareebadd Phone,Bose SoundSport Headphones + Vareebadd Phone,1
2019-09-30,248323,Bose SoundSport Headphones,Google Phone,Bose SoundSport Headphones + Google Phone,1
2019-09-02,248329,Vareebadd Phone,Wired Headphones,Vareebadd Phone + Wired Headphones,1
2019-09-02,248331,Apple Airpods Headphones,Lightning Charging Cable,Apple Airpods Headphones + Lightning Charging Cable,1
2019-09-02,248331,Apple Airpods Headphones,iPhone,Apple Airpods Headphones + iPhone,1
2019-09-02,248331,Lightning Charging Cable,iPhone,Lightning Charging Cable + iPhone,1
2019-09-29,248381,34in Ultrawide Monitor,Bose SoundSport Headphones,34in Ultrawide Monitor + Bose SoundSport Headphones,1
2019-09-22,248407,Apple Airpods Headphones,Lightning Charging Cable,Apple Airpods Headphones + Lightning Charging Cable,1
2019-09-22,248407,Apple Airpods Headphones,iPhone,Apple Airpods Headphones + iPhone,1
2019-09-22,248407,Lightning Charging Cable,iPhone,Lightning Charging Cable + iPhone,1
2019-09-01,248430,Apple Airpods Headphones,Lightning Charging Cable,Apple Airpods Headphones + Lightning Charging Cable,1
2019-09-10,248531,Bose SoundSport Headphones,Google Phone,Bose SoundSport Headphones + Google Phone,1
2019-09-23,248592,27in 4K Gaming Monitor,AA Batteries (4-pack),27in 4K Gaming Monitor + AA Batteries (4-pack),1
2019-09-08,248616,Apple Airpods Headphones,iPhone,Apple Airpods Headphones + iPhone,1
2019-09-15,248679,USB-C Charging Cable,Vareebadd Phone,USB-C Charging Cable + Vareebadd Phone,1
2019-09-20,248727,Apple Airpods Headphones,Lightning Charging Cable,Apple Airpods Headphones + Lightning Charging Cable,1
2019-09-24,248731,Bose SoundSport Headphones,Lightning Charging Cable,Bose SoundSport Headphones + Lightning Charging Cable,1
2019-09-04,248746,AA Batteries (4-pack),Lightning Charging Cable,AA Batteries (4-pack) + Lightning Charging Cable,1
2019-09-20,248811,AA Batteries (4-pack),Lightning Charging Cable,AA Batteries (4-pack) + Lightning Charging Cable,1
2019-09-26,248837,27in FHD Monitor,Lightning Charging Cable,27in FHD Monitor + Lightning Charging Cable,1
2019-09-15,248856,USB-C Charging Cable,Vareebadd Phone,USB-C Charging Cable + Vareebadd Phone,1
2019-09-15,248885,Google Phone,USB-C Charging Cable,Google Phone + USB-C Charging Cable,1
2019-09-24,248901,Google Phone,Wired Headphones,Google Phone + Wired Headphones,1
2019-09-19,248924,Lightning Charging Cable,USB-C Charging Cable,Lightning Charging Cable + USB-C Charging Cable,1
2019-09-11,248943,Google Phone,USB-C Charging Cable,Google Phone + USB-C Charging Cable,1
2019-09-18,248953,Google Phone,Wired Headphones,Google Phone + Wired Headphones,1
2019-09-24,248985,Lightning Charging Cable,iPhone,Lightning Charging Cable + iPhone,1
2019-09-08,248989,AA Batteries (4-pack),Lightning Charging Cable,AA Batteries (4-pack) + Lightning Charging Cable,1
2019-09-10,249001,AAA Batteries (4-pack),ThinkPad Laptop,AAA Batteries (4-pack) + ThinkPad Laptop,1
2019-09-19,249081,Lightning Charging Cable,Wired Headphones,Lightning Charging Cable + Wired Headphones,1
2019-09-19,249081,Lightning Charging Cable,iPhone,Lightning Charging Cable + iPhone,1
2019-09-19,249081,Wired Headphones,iPhone,Wired Headphones + iPhone,1
2019-09-15,249084,Google Phone,USB-C Charging Cable,Google Phone + USB-C Charging Cable,1
2019-09-13,249104,Lightning Charging Cable,iPhone,Lightning Charging Cable + iPhone,1
2019-09-10,249116,Google Phone,USB-C Charging Cable,Google Phone + USB-C Charging Cable,1
2019-09-14,249127,Lightning Charging Cable,iPhone,Lightning Charging Cable + iPhone,1
2019-09-26,249128,Apple Airpods Headphones,Bose SoundSport Headphones,Apple Airpods Headphones + Bose SoundSport Headphones,1
2019-09-04,249170,27in FHD Monitor,Google Phone,27in FHD Monitor + Google Phone,1
2019-09-25,249244,Lightning Charging Cable,iPhone,Lightning Charging Cable + iPhone,1
2019-09-23,249306,Lightning Charging Cable,USB-C Charging Cable,Lightning Charging Cable + USB-C Charging Cable,1
2019-09-11,249328,20in Monitor,Google Phone,20in Monitor + Google Phone,1
2019-09-28,249380,Wired Headphones,iPhone,Wired Headphones + iPhone,1
2019-09-10,249389,Google Phone,Macbook Pro Laptop,Google Phone + Macbook Pro Laptop,1
2019-09-19,249390,AA Batteries (4-pack),Lightning Charging Cable,AA Batteries (4-pack) + Lightning Charging Cable,1
2019-09-18,249396,Google Phone,USB-C Charging Cable,Google Phone + USB-C Charging Cable,1
2019-09-19,249421,Lightning Charging Cable,iPhone,Lightning Charging Cable + iPhone,1
2019-09-15,249430,Google Phone,Wired Headphones,Google Phone + Wired Headphones,1
2019-09-07,249439,27in FHD Monitor,AA Batteries (4-pack),27in FHD Monitor + AA Batteries (4-pack),1
2019-09-27,249444,Google Phone,Wired Headphones,Google Phone + Wired Headphones,1
2019-09-28,249455,Google Phone,USB-C Charging Cable,Google Phone + USB-C Charging Cable,1
2019-09-25,249468,USB-C Charging Cable,Wired Headphones,USB-C Charging Cable + Wired Headphones,1
2019-09-19,249498,AAA Batteries (4-pack),Lightning Charging Cable,AAA Batteries (4-pack) + Lightning Charging Cable,1
2019-09-11,249541,AA Batteries (4-pack),Wired Headphones,AA Batteries (4-pack) + Wired Headphones,1
2019-09-10,249549,USB-C Charging Cable,Vareebadd Phone,USB-C Charging Cable + Vareebadd Phone,1
2019-09-04,249605,Apple Airpods Headphones,Wired Headphones,Apple Airpods Headphones + Wired Headphones,1
2019-09-05,249608,Apple Airpods Headphones,iPhone,Apple Airpods Headphones + iPhone,1
2019-09-01,249616,Lightning Charging Cable,ThinkPad Laptop,Lightning Charging Cable + ThinkPad Laptop,1
2019-09-24,249663,Apple Airpods Headphones,Lightning Charging Cable,Apple Airpods Headphones + Lightning Charging Cable,1
2019-09-02,249676,AA Batteries (4-pack),AAA Batteries (4-pack),AA Batteries (4-pack) + AAA Batteries (4-pack),1
2019-09-09,249700,Google Phone,USB-C Charging Cable,Google Phone + USB-C Charging Cable,1
2019-09-18,249719,AAA Batteries (4-pack),Flatscreen TV,AAA Batteries (4-pack) + Flatscreen TV,1
2019-09-27,249750,AAA Batteries (4-pack),USB-C Charging Cable,AAA Batteries (4-pack) + USB-C Charging Cable,1
2019-09-03,249758,LG Dryer,Lightning Charging Cable,LG Dryer + Lightning Charging Cable,1
2019-09-30,249766,Apple Airpods Headphones,iPhone,Apple Airpods Headphones + iPhone,1
2019-09-04,249774,AAA Batteries (4-pack),Apple Airpods Headphones,AAA Batteries (4-pack) + Apple Airpods Headphones,1
2019-09-11,249811,AA Batteries (4-pack),Wired Headphones,AA Batteries (4-pack) + Wired Headphones,1
2019-09-05,249861,Lightning Charging Cable,iPhone,Lightning Charging Cable + iPhone,1
2019-09-06,249884,Google Phone,USB-C Charging Cable,Google Phone + USB-C Charging Cable,1
2019-09-03,249899,Google Phone,USB-C Charging Cable,Google Phone + USB-C Charging Cable,1
2019-09-04,249976,Google Phone,Wired Headphones,Google Phone + Wired Headphones,1
2019-09-28,249992,Bose SoundSport Headphones,Macbook Pro Laptop,Bose SoundSport Headphones + Macbook Pro Laptop,1
2019-09-08,250005,Google Phone,USB-C Charging Cable,Google Phone + USB-C Charging Cable,1
2019-09-09,250009,AA Batteries (4-pack),AAA Batteries (4-pack),AA Batteries (4-pack) + AAA Batteries (4-pack),1
2019-09-24,250093,Google Phone,USB-C Charging Cable,Google Phone + USB-C Charging Cable,1
2019-09-11,250131,AAA Batteries (4-pack),ThinkPad Laptop,AAA Batteries (4-pack) + ThinkPad Laptop,1
2019-10-01,250139,Google Phone,USB-C Charging Cable,Google Phone + USB-C Charging Cable,1
2019-09-08,250157,USB-C Charging Cable,Vareebadd Phone,USB-C Charging Cable + Vareebadd Phone,1
2019-09-12,250158,27in 4K Gaming Monitor,USB-C Charging Cable,27in 4K Gaming Monitor + USB-C Charging Cable,1
2019-09-18,250185,27in FHD Monitor,AAA Batteries (4-pack),27in FHD Monitor + AAA Batteries (4-pack),1
2019-09-02,250187,Google Phone,USB-C Charging Cable,Google Phone + USB-C Charging Cable,1
2019-09-01,250244,Apple Airpods Headphones,iPhone,Apple Airpods Headphones + iPhone,1
2019-09-29,250299,Lightning Charging Cable,iPhone,Lightning Charging Cable + iPhone,1
2019-09-27,250340,27in FHD Monitor,USB-C Charging Cable,27in FHD Monitor + USB-C Charging Cable,1
2019-09-26,250344,AAA Batteries (4-pack),Apple Airpods Headphones,AAA Batteries (4-pack) + Apple Airpods Headphones,1
2019-09-23,250374,AA Batteries (4-pack),Apple Airpods Headphones,AA Batteries (4-pack) + Apple Airpods Headphones,1
2019-09-27,250386,AAA Batteries (4-pack),Flatscreen TV,AAA Batteries (4-pack) + Flatscreen TV,1
2019-09-18,250398,20in Monitor,Lightning Charging Cable,20in Monitor + Lightning Charging Cable,1
2019-09-02,250484,AA Batteries (4-pack),LG Dryer,AA Batteries (4-pack) + LG Dryer,1
2019-09-29,250534,Wired Headphones,iPhone,Wired Headphones + iPhone,1
2019-09-11,250549,Lightning Charging Cable,iPhone,Lightning Charging Cable + iPhone,1
2019-09-29,250551,Flatscreen TV,Lightning Charging Cable,Flatscreen TV + Lightning Charging Cable,1
2019-09-02,250599,Google Phone,USB-C Charging Cable,Google Phone + USB-C Charging Cable,1
2019-09-03,250611,Flatscreen TV,Wired Headphones,Flatscreen TV + Wired Headphones,1
2019-09-11,250625,Lightning Charging Cable,iPhone,Lightning Charging Cable + iPhone,1
2019-09-07,250673,LG Dryer,ThinkPad Laptop,LG Dryer + ThinkPad Laptop,1
2019-09-29,250747,USB-C Charging Cable,Vareebadd Phone,USB-C Charging Cable + Vareebadd Phone,1
2019-09-28,250754,Lightning Charging Cable,Wired Headphones,Lightning Charging Cable + Wired Headphones,1
2019-09-28,250754,Lightning Charging Cable,iPhone,Lightning Charging Cable + iPhone,1
2019-09-28,250754,Wired Headphones,iPhone,Wired Headphones + iPhone,1
2019-09-04,250784,Google Phone,USB-C Charging Cable,Google Phone + USB-C Charging Cable,1
2019-09-29,250798,Lightning Charging Cable,iPhone,Lightning Charging Cable + iPhone,1
2019-09-07,250818,27in FHD Monitor,Apple Airpods Headphones,27in FHD Monitor + Apple Airpods Headphones,1
2019-09-16,250820,Wired Headphones,iPhone,Wired Headphones + iPhone,1
2019-09-08,250832,Lightning Charging Cable,iPhone,Lightning Charging Cable + iPhone,1
2019-09-28,250837,Google Phone,USB-C Charging Cable,Google Phone + USB-C Charging Cable,1
2019-09-15,250850,Google Phone,USB-C Charging Cable,Google Phone + USB-C Charging Cable,1
2019-09-03,250886,Lightning Charging Cable,iPhone,Lightning Charging Cable + iPhone,1
2019-09-29,250914,Bose SoundSport Headphones,Google Phone,Bose SoundSport Headphones + Google Phone,1
2019-09-28,250975,34in Ultrawide Monitor,AAA Batteries (4-pack),34in Ultrawide Monitor + AAA Batteries (4-pack),1
2019-09-22,250978,AA Batteries (4-pack),Apple Airpods Headphones,AA Batteries (4-pack) + Apple Airpods Headphones,1
2019-09-02,250982,27in FHD Monitor,34in Ultrawide Monitor,27in FHD Monitor + 34in Ultrawide Monitor,1
2019-09-02,251084,Google Phone,USB-C Charging Cable,Google Phone + USB-C Charging Cable,1
2019-09-26,251132,AAA Batteries (4-pack),Flatscreen TV,AAA Batteries (4-pack) + Flatscreen TV,1
2019-09-16,251134,Lightning Charging Cable,iPhone,Lightning Charging Cable + iPhone,1
2019-09-11,251174,27in 4K Gaming Monitor,USB-C Charging Cable,27in 4K Gaming Monitor + USB-C Charging Cable,1
2019-09-22,251180,Lightning Charging Cable,Wired Headphones,Lightning Charging Cable + Wired Headphones,1
2019-09-07,251226,Google Phone,USB-C Charging Cable,Google Phone + USB-C Charging Cable,1
2019-09-09,251240,USB-C Charging Cable,Vareebadd Phone,USB-C Charging Cable + Vareebadd Phone,1
2019-09-18,251280,Bose SoundSport Headphones,Vareebadd Phone,Bose SoundSport Headphones + Vareebadd Phone,1
2019-09-13,251297,Wired Headphones,iPhone,Wired Headphones + iPhone,1
2019-09-26,251332,Lightning Charging Cable,Wired Headphones,Lightning Charging Cable + Wired Headphones,1
2019-09-02,251350,Vareebadd Phone,Wired Headphones,Vareebadd Phone + Wired Headphones,1
2019-09-03,251403,Google Phone,USB-C Charging Cable,Google Phone + USB-C Charging Cable,1
2019-09-17,251428,LG Washing Machine,Lightning Charging Cable,LG Washing Machine + Lightning Charging Cable,1
2019-09-21,251467,AA Batteries (4-pack),ThinkPad Laptop,AA Batteries (4-pack) + ThinkPad Laptop,1
2019-09-15,251472,Wired Headphones,iPhone,Wired Headphones + iPhone,1
2019-09-25,251506,Lightning Charging Cable,iPhone,Lightning Charging Cable + iPhone,1
2019-09-18,251525,20in Monitor,Lightning Charging Cable,20in Monitor + Lightning Charging Cable,1
2019-09-15,251616,Apple Airpods Headphones,iPhone,Apple Airpods Headphones + iPhone,1
2019-09-17,251690,Google Phone,Wired Headphones,Google Phone + Wired Headphones,1
2019-09-28,251750,Apple Airpods Headphones,iPhone,Apple Airpods Headphones + iPhone,1
2019-09-30,251818,27in FHD Monitor,Flatscreen TV,27in FHD Monitor + Flatscreen TV,1
2019-09-08,251920,Google Phone,USB-C Charging Cable,Google Phone + USB-C Charging Cable,1
2019-09-09,251921,AAA Batteries (4-pack),USB-C Charging Cable,AAA Batteries (4-pack) + USB-C Charging Cable,1
2019-09-07,251957,Google Phone,USB-C Charging Cable,Google Phone + USB-C Charging Cable,1
2019-09-17,252023,Bose SoundSport Headphones,Wired Headphones,Bose SoundSport Headphones + Wired Headphones,1
2019-09-09,252033,Bose SoundSport Headphones,Vareebadd Phone,Bose SoundSport Headphones + Vareebadd Phone,1
2019-09-15,252038,34in Ultrawide Monitor,iPhone,34in Ultrawide Monitor + iPhone,1
2019-09-07,252058,Lightning Charging Cable,iPhone,Lightning Charging Cable + iPhone,1
2019-09-18,252102,AA Batteries (4-pack),Wired Headphones,AA Batteries (4-pack) + Wired Headphones,1
2019-09-19,252113,Wired Headphones,iPhone,Wired Headphones + iPhone,1
2019-09-20,252132,Apple Airpods Headphones,iPhone,Apple Airpods Headphones + iPhone,1
2019-09-28,252167,Google Phone,Wired Headphones,Google Phone + Wired Headphones,1
2019-09-02,252180,USB-C Charging Cable,Vareebadd Phone,USB-C Charging Cable + Vareebadd Phone,1
2019-09-25,252249,AA Batteries (4-pack),Flatscreen TV,AA Batteries (4-pack) + Flatscreen TV,1
2019-09-28,252253,Apple Airpods Headphones,Wired Headphones,Apple Airpods Headphones + Wired Headphones,1
2019-09-04,252282,Apple Airpods Headphones,iPhone,Apple Airpods Headphones + iPhone,1
2019-09-15,252305,USB-C Charging Cable,Vareebadd Phone,USB-C Charging Cable + Vareebadd Phone,1
2019-09-15,252315,Apple Airpods Headphones,Wired Headphones,Apple Airpods Headphones + Wired Headphones,1
2019-09-15,252315,Apple Airpods Headphones,iPhone,Apple Airpods Headphones + iPhone,1
2019-09-15,252315,Wired Headphones,iPhone,Wired Headphones + iPhone,1
2019-09-17,252328,27in FHD Monitor,Bose SoundSport Headphones,27in FHD Monitor + Bose SoundSport Headphones,1
2019-09-07,252346,Apple Airpods Headphones,Lightning Charging Cable,Apple Airpods Headphones + Lightning Charging Cable,1
2019-09-11,252383,Flatscreen TV,Lightning Charging Cable,Flatscreen TV + Lightning Charging Cable,1
2019-09-18,252399,AA Batteries (4-pack),Macbook Pro Laptop,AA Batteries (4-pack) + Macbook Pro Laptop,1
2019-09-22,252437,34in Ultrawide Monitor,Apple Airpods Headphones,34in Ultrawide Monitor + Apple Airpods Headphones,1
2019-09-11,252520,AAA Batteries (4-pack),Wired Headphones,AAA Batteries (4-pack) + Wired Headphones,1
2019-09-23,252538,Apple Airpods Headphones,iPhone,Apple Airpods Headphones + iPhone,1
2019-09-17,252554,USB-C Charging Cable,Vareebadd Phone,USB-C Charging Cable + Vareebadd Phone,1
2019-09-14,252568,Lightning Charging Cable,iPhone,Lightning Charging Cable + iPhone,1
2019-09-18,252571,Apple Airpods Headphones,iPhone,Apple Airpods Headphones + iPhone,1
2019-09-11,252599,Apple Airpods Headphones,Lightning Charging Cable,Apple Airpods Headphones + Lightning Charging Cable,1
2019-09-11,252599,Apple Airpods Headphones,iPhone,Apple Airpods Headphones + iPhone,1
2019-09-11,252599,Lightning Charging Cable,iPhone,Lightning Charging Cable + iPhone,1
2019-09-11,252615,Lightning Charging Cable,Wired Headphones,Lightning Charging Cable + Wired Headphones,1
2019-09-11,252615,Lightning Charging Cable,iPhone,Lightning Charging Cable + iPhone,1
2019-09-11,252615,Wired Headphones,iPhone,Wired Headphones + iPhone,1
2019-09-22,252657,Lightning Charging Cable,iPhone,Lightning Charging Cable + iPhone,1
2019-09-02,252669,USB-C Charging Cable,Vareebadd Phone,USB-C Charging Cable + Vareebadd Phone,1
2019-09-26,252705,Apple Airpods Headphones,Google Phone,Apple Airpods Headphones + Google Phone,1
2019-09-09,252706,Google Phone,USB-C Charging Cable,Google Phone + USB-C Charging Cable,1
2019-09-16,252730,USB-C Charging Cable,Wired Headphones,USB-C Charging Cable + Wired Headphones,1
2019-09-14,252762,Google Phone,USB-C Charging Cable,Google Phone + USB-C Charging Cable,1
2019-09-29,252789,27in FHD Monitor,AA Batteries (4-pack),27in FHD Monitor + AA Batteries (4-pack),1
2019-09-19,252794,AA Batteries (4-pack),LG Washing Machine,AA Batteries (4-pack) + LG Washing Machine,1
2019-09-15,252808,Lightning Charging Cable,iPhone,Lightning Charging Cable + iPhone,1
2019-09-21,252844,Lightning Charging Cable,iPhone,Lightning Charging Cable + iPhone,1
2019-09-15,252860,Google Phone,USB-C Charging Cable,Google Phone + USB-C Charging Cable,1
2019-09-15,252860,Google Phone,Wired Headphones,Google Phone + Wired Headphones,1
2019-09-15,252860,USB-C Charging Cable,Wired Headphones,USB-C Charging Cable + Wired Headphones,1
2019-09-30,252868,Google Phone,USB-C Charging Cable,Google Phone + USB-C Charging Cable,1
2019-09-07,252915,Wired Headphones,iPhone,Wired Headphones + iPhone,1
2019-09-26,253056,Apple Airpods Headphones,Google Phone,Apple Airpods Headphones + Google Phone,1
2019-09-25,253084,Google Phone,USB-C Charging Cable,Google Phone + USB-C Charging Cable,1
2019-09-29,253104,Bose SoundSport Headphones,Google Phone,Bose SoundSport Headphones + Google Phone,1
2019-09-19,253146,USB-C Charging Cable,Vareebadd Phone,USB-C Charging Cable + Vareebadd Phone,1
2019-09-26,253181,AAA Batteries (4-pack),iPhone,AAA Batteries (4-pack) + iPhone,1
2019-09-05,253218,Google Phone,USB-C Charging Cable,Google Phone + USB-C Charging Cable,1
2019-09-30,253244,Lightning Charging Cable,USB-C Charging Cable,Lightning Charging Cable + USB-C Charging Cable,1
2019-09-30,253320,Google Phone,USB-C Charging Cable,Google Phone + USB-C Charging Cable,1
2019-09-22,253330,AA Batteries (4-pack),AAA Batteries (4-pack),AA Batteries (4-pack) + AAA Batteries (4-pack),1
2019-09-19,253366,Google Phone,Wired Headphones,Google Phone + Wired Headphones,1
2019-09-28,253414,Wired Headphones,iPhone,Wired Headphones + iPhone,1
2019-09-19,253415,Lightning Charging Cable,iPhone,Lightning Charging Cable + iPhone,1
2019-09-10,253425,Google Phone,Wired Headphones,Google Phone + Wired Headphones,1
2019-09-30,253441,27in 4K Gaming Monitor,Wired Headphones,27in 4K Gaming Monitor + Wired Headphones,1
2019-09-14,253464,Lightning Charging Cable,iPhone,Lightning Charging Cable + iPhone,1
2019-09-21,253468,AA Batteries (4-pack),Lightning Charging Cable,AA Batteries (4-pack) + Lightning Charging Cable,1
2019-09-14,253477,Lightning Charging Cable,iPhone,Lightning Charging Cable + iPhone,1
2019-09-03,253514,AA Batteries (4-pack),iPhone,AA Batteries (4-pack) + iPhone,1
2019-09-08,253527,Bose SoundSport Headphones,Google Phone,Bose SoundSport Headphones + Google Phone,1
2019-09-19,253550,Lightning Charging Cable,iPhone,Lightning Charging Cable + iPhone,1
2019-09-03,253557,Google Phone,USB-C Charging Cable,Google Phone + USB-C Charging Cable,1
2019-09-26,253590,AA Batteries (4-pack),USB-C Charging Cable,AA Batteries (4-pack) + USB-C Charging Cable,1
2019-09-12,253603,USB-C Charging Cable,Vareebadd Phone,USB-C Charging Cable + Vareebadd Phone,1
2019-09-12,253603,USB-C Charging Cable,Wired Headphones,USB-C Charging Cable + Wired Headphones,1
2019-09-12,253603,Vareebadd Phone,Wired Headphones,Vareebadd Phone + Wired Headphones,1
2019-09-16,253641,Lightning Charging Cable,iPhone,Lightning Charging Cable + iPhone,1
2019-09-28,253643,Apple Airpods Headphones,Wired Headphones,Apple Airpods Headphones + Wired Headphones,1
2019-09-10,253657,27in 4K Gaming Monitor,AAA Batteries (4-pack),27in 4K Gaming Monitor + AAA Batteries (4-pack),1
2019-09-08,253662,Apple Airpods Headphones,Wired Headphones,Apple Airpods Headphones + Wired Headphones,1
2019-09-30,253708,USB-C Charging Cable,Vareebadd Phone,USB-C Charging Cable + Vareebadd Phone,1
2019-09-21,253719,Google Phone,USB-C Charging Cable,Google Phone + USB-C Charging Cable,1
2019-09-03,253721,Google Phone,USB-C Charging Cable,Google Phone + USB-C Charging Cable,1
2019-09-02,253759,AA Batteries (4-pack),Lightning Charging Cable,AA Batteries (4-pack) + Lightning Charging Cable,1
2019-09-08,253831,27in 4K Gaming Monitor,Wired Headphones,27in 4K Gaming Monitor + Wired Headphones,1
2019-09-30,253837,Google Phone,USB-C Charging Cable,Google Phone + USB-C Charging Cable,1
2019-09-24,253847,AAA Batteries (4-pack),Bose SoundSport Headphones,AAA Batteries (4-pack) + Bose SoundSport Headphones,1
2019-09-02,253868,Apple Airpods Headphones,USB-C Charging Cable,Apple Airpods Headphones + USB-C Charging Cable,1
2019-09-02,253897,Apple Airpods Headphones,iPhone,Apple Airpods Headphones + iPhone,1
2019-09-30,253904,27in 4K Gaming Monitor,Flatscreen TV,27in 4K Gaming Monitor + Flatscreen TV,1
2019-09-22,253929,20in Monitor,27in 4K Gaming Monitor,20in Monitor + 27in 4K Gaming Monitor,1
2019-09-24,253940,Bose SoundSport Headphones,Lightning Charging Cable,Bose SoundSport Headphones + Lightning Charging Cable,1
2019-09-11,253968,34in Ultrawide Monitor,Wired Headphones,34in Ultrawide Monitor + Wired Headphones,1
2019-09-11,253978,Lightning Charging Cable,Wired Headphones,Lightning Charging Cable + Wired Headphones,1
2019-09-11,253978,Lightning Charging Cable,iPhone,Lightning Charging Cable + iPhone,1
2019-09-11,253978,Wired Headphones,iPhone,Wired Headphones + iPhone,1
2019-09-27,253987,Lightning Charging Cable,iPhone,Lightning Charging Cable + iPhone,1
2019-09-08,254046,Google Phone,Wired Headphones,Google Phone + Wired Headphones,1
2019-09-03,254066,Bose SoundSport Headphones,Wired Headphones,Bose SoundSport Headphones + Wired Headphones,1
2019-09-05,254078,AAA Batteries (4-pack),Macbook Pro Laptop,AAA Batteries (4-pack) + Macbook Pro Laptop,1
2019-09-03,254114,Google Phone,USB-C Charging Cable,Google Phone + USB-C Charging Cable,1
2019-09-18,254119,Google Phone,USB-C Charging Cable,Google Phone + USB-C Charging Cable,1
2019-09-09,254132,Google Phone,ThinkPad Laptop,Google Phone + ThinkPad Laptop,1
2019-09-04,254175,Google Phone,USB-C Charging Cable,Google Phone + USB-C Charging Cable,1
2019-09-09,254258,Lightning Charging Cable,iPhone,Lightning Charging Cable + iPhone,1
2019-09-18,254272,27in FHD Monitor,USB-C Charging Cable,27in FHD Monitor + USB-C Charging Cable,1
2019-09-25,254277,Wired Headphones,iPhone,Wired Headphones + iPhone,1
2019-09-04,254300,AA Batteries (4-pack),USB-C Charging Cable,AA Batteries (4-pack) + USB-C Charging Cable,1
2019-09-30,254306,Apple Airpods Headphones,iPhone,Apple Airpods Headphones + iPhone,1
2019-09-24,254348,27in 4K Gaming Monitor,Apple Airpods Headphones,27in 4K Gaming Monitor + Apple Airpods Headphones,1
2019-09-21,254361,20in Monitor,USB-C Charging Cable,20in Monitor + USB-C Charging Cable,1
2019-09-04,254371,Vareebadd Phone,Wired Headphones,Vareebadd Phone + Wired Headphones,1
2019-09-13,254386,20in Monitor,Lightning Charging Cable,20in Monitor + Lightning Charging Cable,1
2019-09-01,254435,Bose SoundSport Headphones,Flatscreen TV,Bose SoundSport Headphones + Flatscreen TV,1
2019-09-15,254455,Bose SoundSport Headphones,ThinkPad Laptop,Bose SoundSport Headphones + ThinkPad Laptop,1
2019-09-28,254489,AAA Batteries (4-pack),USB-C Charging Cable,AAA Batteries (4-pack) + USB-C Charging Cable,1
2019-09-25,254554,Bose SoundSport Headphones,Google Phone,Bose SoundSport Headphones + Google Phone,1
2019-09-07,254562,AAA Batteries (4-pack),USB-C Charging Cable,AAA Batteries (4-pack) + USB-C Charging Cable,1
2019-09-12,254579,AA Batteries (4-pack),Apple Airpods Headphones,AA Batteries (4-pack) + Apple Airpods Headphones,1
2019-09-12,254650,Google Phone,USB-C Charging Cable,Google Phone + USB-C Charging Cable,1
2019-09-01,254672,Apple Airpods Headphones,iPhone,Apple Airpods Headphones + iPhone,1
2019-09-19,254686,27in FHD Monitor,Lightning Charging Cable,27in FHD Monitor + Lightning Charging Cable,1
2019-09-25,254703,Lightning Charging Cable,Wired Headphones,Lightning Charging Cable + Wired Headphones,1
2019-09-25,254703,Lightning Charging Cable,iPhone,Lightning Charging Cable + iPhone,1
2019-09-25,254703,Wired Headphones,iPhone,Wired Headphones + iPhone,1
2019-09-08,254713,Google Phone,USB-C Charging Cable,Google Phone + USB-C Charging Cable,1
2019-09-11,254723,AA Batteries (4-pack),Lightning Charging Cable,AA Batteries (4-pack) + Lightning Charging Cable,1
2019-09-10,254757,Apple Airpods Headphones,Wired Headphones,Apple Airpods Headphones + Wired Headphones,1
2019-09-10,254757,Apple Airpods Headphones,iPhone,Apple Airpods Headphones + iPhone,1
2019-09-10,254757,Wired Headphones,iPhone,Wired Headphones + iPhone,1
2019-09-12,254772,Bose SoundSport Headphones,Wired Headphones,Bose SoundSport Headphones + Wired Headphones,1
2019-10-01,254858,Lightning Charging Cable,Wired Headphones,Lightning Charging Cable + Wired Headphones,1
2019-10-01,254858,Lightning Charging Cable,iPhone,Lightning Charging Cable + iPhone,1
2019-10-01,254858,Wired Headphones,iPhone,Wired Headphones + iPhone,1
2019-09-16,254884,20in Monitor,ThinkPad Laptop,20in Monitor + ThinkPad Laptop,1
2019-09-08,254889,Google Phone,Wired Headphones,Google Phone + Wired Headphones,1
2019-09-07,254895,USB-C Charging Cable,Vareebadd Phone,USB-C Charging Cable + Vareebadd Phone,1
2019-09-07,254895,USB-C Charging Cable,Wired Headphones,USB-C Charging Cable + Wired Headphones,1
2019-09-07,254895,Vareebadd Phone,Wired Headphones,Vareebadd Phone + Wired Headphones,1
2019-09-06,254898,Google Phone,USB-C Charging Cable,Google Phone + USB-C Charging Cable,1
2019-09-17,254924,Lightning Charging Cable,iPhone,Lightning Charging Cable + iPhone,1
2019-09-29,254952,34in Ultrawide Monitor,AAA Batteries (4-pack),34in Ultrawide Monitor + AAA Batteries (4-pack),1
2019-09-13,254953,AA Batteries (4-pack),Google Phone,AA Batteries (4-pack) + Google Phone,1
2019-09-08,254984,Lightning Charging Cable,iPhone,Lightning Charging Cable + iPhone,1
2019-09-08,255011,Bose SoundSport Headphones,Google Phone,Bose SoundSport Headphones + Google Phone,1
2019-09-05,255052,Wired Headphones,iPhone,Wired Headphones + iPhone,1
2019-09-28,255060,20in Monitor,AAA Batteries (4-pack),20in Monitor + AAA Batteries (4-pack),1
2019-09-29,255075,Google Phone,Wired Headphones,Google Phone + Wired Headphones,1
2019-09-11,255092,AA Batteries (4-pack),Wired Headphones,AA Batteries (4-pack) + Wired Headphones,1
2019-09-30,255095,Google Phone,USB-C Charging Cable,Google Phone + USB-C Charging Cable,1
2019-09-18,255099,Lightning Charging Cable,Wired Headphones,Lightning Charging Cable + Wired Headphones,1
2019-09-18,255099,Lightning Charging Cable,iPhone,Lightning Charging Cable + iPhone,1
2019-09-18,255099,Wired Headphones,iPhone,Wired Headphones + iPhone,1
2019-09-09,255137,LG Washing Machine,Lightning Charging Cable,LG Washing Machine + Lightning Charging Cable,1
2019-09-09,255154,Google Phone,USB-C Charging Cable,Google Phone + USB-C Charging Cable,1
2019-09-03,255185,34in Ultrawide Monitor,AAA Batteries (4-pack),34in Ultrawide Monitor + AAA Batteries (4-pack),1
2019-09-15,255199,Wired Headphones,iPhone,Wired Headphones + iPhone,1
2019-09-11,255247,Google Phone,USB-C Charging Cable,Google Phone + USB-C Charging Cable,1
2019-09-25,255264,34in Ultrawide Monitor,Lightning Charging Cable,34in Ultrawide Monitor + Lightning Charging Cable,1
2019-09-11,255361,USB-C Charging Cable,Vareebadd Phone,USB-C Charging Cable + Vareebadd Phone,1
2019-09-29,255402,Lightning Charging Cable,iPhone,Lightning Charging Cable + iPhone,1
2019-09-01,255408,Bose SoundSport Headphones,Vareebadd Phone,Bose SoundSport Headphones + Vareebadd Phone,1
2019-09-15,255413,AAA Batteries (4-pack),Lightning Charging Cable,AAA Batteries (4-pack) + Lightning Charging Cable,1
2019-09-07,255443,Flatscreen TV,Lightning Charging Cable,Flatscreen TV + Lightning Charging Cable,1
2019-09-11,255574,27in 4K Gaming Monitor,AAA Batteries (4-pack),27in 4K Gaming Monitor + AAA Batteries (4-pack),1
2019-09-18,255616,AAA Batteries (4-pack),Lightning Charging Cable,AAA Batteries (4-pack) + Lightning Charging Cable,1
2019-09-02,255617,Bose SoundSport Headphones,USB-C Charging Cable,Bose SoundSport Headphones + USB-C Charging Cable,1
2019-09-29,255621,Lightning Charging Cable,iPhone,Lightning Charging Cable + iPhone,1
2019-09-02,255686,Lightning Charging Cable,USB-C Charging Cable,Lightning Charging Cable + USB-C Charging Cable,1
2019-09-19,255705,Apple Airpods Headphones,USB-C Charging Cable,Apple Airpods Headphones + USB-C Charging Cable,1
2019-09-18,255806,Lightning Charging Cable,iPhone,Lightning Charging Cable + iPhone,1
2019-09-20,255815,Lightning Charging Cable,iPhone,Lightning Charging Cable + iPhone,1
2019-09-10,255816,AAA Batteries (4-pack),iPhone,AAA Batteries (4-pack) + iPhone,1
2019-09-16,255839,Google Phone,USB-C Charging Cable,Google Phone + USB-C Charging Cable,1
2019-09-21,255842,27in 4K Gaming Monitor,Apple Airpods Headphones,27in 4K Gaming Monitor + Apple Airpods Headphones,1
2019-09-23,255887,Macbook Pro Laptop,iPhone,Macbook Pro Laptop + iPhone,1
2019-09-14,255908,Lightning Charging Cable,iPhone,Lightning Charging Cable + iPhone,1
2019-09-06,255962,Google Phone,USB-C Charging Cable,Google Phone + USB-C Charging Cable,1
2019-09-01,256003,Google Phone,USB-C Charging Cable,Google Phone + USB-C Charging Cable,1
2019-09-25,256065,Bose SoundSport Headphones,Lightning Charging Cable,Bose SoundSport Headphones + Lightning Charging Cable,1
2019-09-23,256131,20in Monitor,Apple Airpods Headphones,20in Monitor + Apple Airpods Headphones,1
2019-09-24,256132,AA Batteries (4-pack),Lightning Charging Cable,AA Batteries (4-pack) + Lightning Charging Cable,1
2019-09-04,256177,Google Phone,USB-C Charging Cable,Google Phone + USB-C Charging Cable,1
2019-09-14,256183,27in 4K Gaming Monitor,Bose SoundSport Headphones,27in 4K Gaming Monitor + Bose SoundSport Headphones,1
2019-09-08,256246,Bose SoundSport Headphones,USB-C Charging Cable,Bose SoundSport Headphones + USB-C Charging Cable,1
2019-09-11,256355,Apple Airpods Headphones,Lightning Charging Cable,Apple Airpods Headphones + Lightning Charging Cable,1
2019-09-11,256355,Apple Airpods Headphones,iPhone,Apple Airpods Headphones + iPhone,1
2019-09-11,256355,Lightning Charging Cable,iPhone,Lightning Charging Cable + iPhone,1
2019-09-07,256380,Google Phone,USB-C Charging Cable,Google Phone + USB-C Charging Cable,1
2019-09-29,256453,34in Ultrawide Monitor,USB-C Charging Cable,34in Ultrawide Monitor + USB-C Charging Cable,1
2019-09-16,256501,Google Phone,Wired Headphones,Google Phone + Wired Headphones,1
2019-09-09,256560,Wired Headphones,iPhone,Wired Headphones + iPhone,1
2019-09-03,256579,Lightning Charging Cable,iPhone,Lightning Charging Cable + iPhone,1
2019-09-30,256591,Google Phone,USB-C Charging Cable,Google Phone + USB-C Charging Cable,1
2019-09-05,256621,Lightning Charging Cable,iPhone,Lightning Charging Cable + iPhone,1
2019-09-12,256666,20in Monitor,AA Batteries (4-pack),20in Monitor + AA Batteries (4-pack),1
2019-09-10,256671,Lightning Charging Cable,iPhone,Lightning Charging Cable + iPhone,1
2019-09-08,256708,20in Monitor,27in FHD Monitor,20in Monitor + 27in FHD Monitor,1
2019-09-13,256733,Lightning Charging Cable,iPhone,Lightning Charging Cable + iPhone,1
2019-09-28,256778,Lightning Charging Cable,iPhone,Lightning Charging Cable + iPhone,1
2019-09-04,256785,USB-C Charging Cable,Vareebadd Phone,USB-C Charging Cable + Vareebadd Phone,1
2019-09-14,256805,Wired Headphones,iPhone,Wired Headphones + iPhone,1
2019-09-20,256867,Lightning Charging Cable,ThinkPad Laptop,Lightning Charging Cable + ThinkPad Laptop,1
2019-09-09,256878,Google Phone,USB-C Charging Cable,Google Phone + USB-C Charging Cable,1
2019-09-08,257065,20in Monitor,Apple Airpods Headphones,20in Monitor + Apple Airpods Headphones,1
2019-09-05,257079,Macbook Pro Laptop,iPhone,Macbook Pro Laptop + iPhone,1
2019-09-07,257203,AAA Batteries (4-pack),Apple Airpods Headphones,AAA Batteries (4-pack) + Apple Airpods Headphones,1
2019-09-09,257224,34in Ultrawide Monitor,Flatscreen TV,34in Ultrawide Monitor + Flatscreen TV,1
2019-09-21,257286,AAA Batteries (4-pack),Apple Airpods Headphones,AAA Batteries (4-pack) + Apple Airpods Headphones,1
2019-09-22,257323,Lightning Charging Cable,iPhone,Lightning Charging Cable + iPhone,1
2019-09-30,257327,Apple Airpods Headphones,Bose SoundSport Headphones,Apple Airpods Headphones + Bose SoundSport Headphones,1
2019-09-05,257382,AAA Batteries (4-pack),USB-C Charging Cable,AAA Batteries (4-pack) + USB-C Charging Cable,1
2019-09-03,257400,Wired Headphones,iPhone,Wired Headphones + iPhone,1
2019-09-27,257442,Lightning Charging Cable,USB-C Charging Cable,Lightning Charging Cable + USB-C Charging Cable,1
2019-09-05,257456,Google Phone,USB-C Charging Cable,Google Phone + USB-C Charging Cable,1
2019-09-12,257485,27in 4K Gaming Monitor,Lightning Charging Cable,27in 4K Gaming Monitor + Lightning Charging Cable,1
2019-09-12,257498,AAA Batteries (4-pack),Bose SoundSport Headphones,AAA Batteries (4-pack) + Bose SoundSport Headphones,1
2019-09-30,257503,AA Batteries (4-pack),USB-C Charging Cable,AA Batteries (4-pack) + USB-C Charging Cable,1
2019-09-13,257514,34in Ultrawide Monitor,AA Batteries (4-pack),34in Ultrawide Monitor + AA Batteries (4-pack),1
2019-09-14,257518,Google Phone,Wired Headphones,Google Phone + Wired Headphones,1
2019-09-07,257520,Apple Airpods Headphones,iPhone,Apple Airpods Headphones + iPhone,1
2019-09-02,257531,Lightning Charging Cable,iPhone,Lightning Charging Cable + iPhone,1
2019-09-22,257538,Google Phone,Wired Headphones,Google Phone + Wired Headphones,1
2019-09-25,257541,Bose SoundSport Headphones,Google Phone,Bose SoundSport Headphones + Google Phone,1
2019-09-20,257582,Google Phone,USB-C Charging Cable,Google Phone + USB-C Charging Cable,1
2019-09-12,257633,Wired Headphones,iPhone,Wired Headphones + iPhone,1
2019-09-17,257641,Flatscreen TV,Lightning Charging Cable,Flatscreen TV + Lightning Charging Cable,1
2019-09-04,257705,Google Phone,Wired Headphones,Google Phone + Wired Headphones,1
2019-09-12,257723,Google Phone,USB-C Charging Cable,Google Phone + USB-C Charging Cable,1
2019-09-02,257727,Google Phone,USB-C Charging Cable,Google Phone + USB-C Charging Cable,1
2019-09-23,257764,AAA Batteries (4-pack),USB-C Charging Cable,AAA Batteries (4-pack) + USB-C Charging Cable,1
2019-09-10,257780,Wired Headphones,iPhone,Wired Headphones + iPhone,1
2019-09-07,257796,AAA Batteries (4-pack),iPhone,AAA Batteries (4-pack) + iPhone,1
2019-09-17,257859,Google Phone,USB-C Charging Cable,Google Phone + USB-C Charging Cable,1
2019-09-03,257967,Bose SoundSport Headphones,USB-C Charging Cable,Bose SoundSport Headphones + USB-C Charging Cable,1
2019-09-17,258004,34in Ultrawide Monitor,Bose SoundSport Headphones,34in Ultrawide Monitor + Bose SoundSport Headphones,1
2019-09-04,258033,Bose SoundSport Headphones,Google Phone,Bose SoundSport Headphones + Google Phone,1
2019-09-13,258098,Lightning Charging Cable,iPhone,Lightning Charging Cable + iPhone,1
2019-09-20,258151,Apple Airpods Headphones,USB-C Charging Cable,Apple Airpods Headphones + USB-C Charging Cable,1
2019-09-16,258180,AA Batteries (4-pack),ThinkPad Laptop,AA Batteries (4-pack) + ThinkPad Laptop,1
2019-09-26,258208,USB-C Charging Cable,Vareebadd Phone,USB-C Charging Cable + Vareebadd Phone,1
2019-09-09,258220,Bose SoundSport Headphones,Vareebadd Phone,Bose SoundSport Headphones + Vareebadd Phone,1
2019-09-01,258277,Bose SoundSport Headphones,Google Phone,Bose SoundSport Headphones + Google Phone,1
2019-09-01,258290,Google Phone,USB-C Charging Cable,Google Phone + USB-C Charging Cable,1
2019-09-25,258318,34in Ultrawide Monitor,Bose SoundSport Headphones,34in Ultrawide Monitor + Bose SoundSport Headphones,1
2019-09-20,258347,AAA Batteries (4-pack),Bose SoundSport Headphones,AAA Batteries (4-pack) + Bose SoundSport Headphones,1
2019-09-04,258376,AA Batteries (4-pack),Apple Airpods Headphones,AA Batteries (4-pack) + Apple Airpods Headphones,1
2019-09-05,258415,USB-C Charging Cable,Wired Headphones,USB-C Charging Cable + Wired Headphones,1
2019-09-16,258418,Vareebadd Phone,Wired Headphones,Vareebadd Phone + Wired Headphones,1
2019-09-08,258469,USB-C Charging Cable,Vareebadd Phone,USB-C Charging Cable + Vareebadd Phone,1
2019-09-14,258514,Google Phone,USB-C Charging Cable,Google Phone + USB-C Charging Cable,1
2019-09-14,258514,Google Phone,Wired Headphones,Google Phone + Wired Headphones,1
2019-09-14,258514,USB-C Charging Cable,Wired Headphones,USB-C Charging Cable + Wired Headphones,1
2019-09-14,258528,Google Phone,USB-C Charging Cable,Google Phone + USB-C Charging Cable,1
2019-09-16,258545,Lightning Charging Cable,iPhone,Lightning Charging Cable + iPhone,1
2019-09-12,258557,Lightning Charging Cable,iPhone,Lightning Charging Cable + iPhone,1
2019-09-24,258582,USB-C Charging Cable,Vareebadd Phone,USB-C Charging Cable + Vareebadd Phone,1
2019-09-04,258625,Bose SoundSport Headphones,Lightning Charging Cable,Bose SoundSport Headphones + Lightning Charging Cable,1
2019-09-13,258661,27in 4K Gaming Monitor,34in Ultrawide Monitor,27in 4K Gaming Monitor + 34in Ultrawide Monitor,1
2019-09-24,258707,Bose SoundSport Headphones,USB-C Charging Cable,Bose SoundSport Headphones + USB-C Charging Cable,1
2019-09-11,258708,27in 4K Gaming Monitor,AAA Batteries (4-pack),27in 4K Gaming Monitor + AAA Batteries (4-pack),1
2019-09-20,258731,Lightning Charging Cable,iPhone,Lightning Charging Cable + iPhone,1
2019-09-03,258755,Lightning Charging Cable,iPhone,Lightning Charging Cable + iPhone,1
2019-09-01,258759,USB-C Charging Cable,Vareebadd Phone,USB-C Charging Cable + Vareebadd Phone,1
2019-09-04,258764,AA Batteries (4-pack),Apple Airpods Headphones,AA Batteries (4-pack) + Apple Airpods Headphones,1
2019-09-07,258807,Lightning Charging Cable,iPhone,Lightning Charging Cable + iPhone,1
2019-09-13,258848,USB-C Charging Cable,Vareebadd Phone,USB-C Charging Cable + Vareebadd Phone,1
2019-09-17,258878,27in 4K Gaming Monitor,Lightning Charging Cable,27in 4K Gaming Monitor + Lightning Charging Cable,1
2019-09-11,258900,Bose SoundSport Headphones,Google Phone,Bose SoundSport Headphones + Google Phone,1
2019-09-12,258903,AAA Batteries (4-pack),Apple Airpods Headphones,AAA Batteries (4-pack) + Apple Airpods Headphones,1
2019-09-13,258930,Apple Airpods Headphones,iPhone,Apple Airpods Headphones + iPhone,1
2019-09-07,258963,Lightning Charging Cable,iPhone,Lightning Charging Cable + iPhone,1
2019-09-18,258978,AAA Batteries (4-pack),USB-C Charging Cable,AAA Batteries (4-pack) + USB-C Charging Cable,1
2019-09-19,259006,Google Phone,USB-C Charging Cable,Google Phone + USB-C Charging Cable,1
2019-09-07,259008,Apple Airpods Headphones,Wired Headphones,Apple Airpods Headphones + Wired Headphones,1
2019-09-10,259068,Google Phone,USB-C Charging Cable,Google Phone + USB-C Charging Cable,1
2019-09-08,259121,Wired Headphones,iPhone,Wired Headphones + iPhone,1
2019-09-08,259122,AA Batteries (4-pack),AAA Batteries (4-pack),AA Batteries (4-pack) + AAA Batteries (4-pack),1
2019-09-01,259133,Wired Headphones,iPhone,Wired Headphones + iPhone,1
2019-09-17,259204,USB-C Charging Cable,Vareebadd Phone,USB-C Charging Cable + Vareebadd Phone,1
2019-09-20,259208,27in FHD Monitor,ThinkPad Laptop,27in FHD Monitor + ThinkPad Laptop,1
2019-09-06,259270,Google Phone,USB-C Charging Cable,Google Phone + USB-C Charging Cable,1
2019-09-28,259277,Wired Headphones,iPhone,Wired Headphones + iPhone,1
2019-09-15,259297,Lightning Charging Cable,iPhone,Lightning Charging Cable + iPhone,1
2019-09-20,259303,34in Ultrawide Monitor,AA Batteries (4-pack),34in Ultrawide Monitor + AA Batteries (4-pack),1
2019-09-16,259314,AAA Batteries (4-pack),Wired Headphones,AAA Batteries (4-pack) + Wired Headphones,1
2019-09-30,259350,Google Phone,USB-C Charging Cable,Google Phone + USB-C Charging Cable,1
2019-10-18,259420,Google Phone,USB-C Charging Cable,Google Phone + USB-C Charging Cable,1
2019-10-05,259422,Google Phone,USB-C Charging Cable,Google Phone + USB-C Charging Cable,1
2019-10-29,259438,Lightning Charging Cable,iPhone,Lightning Charging Cable + iPhone,1
2019-10-08,259458,34in Ultrawide Monitor,ThinkPad Laptop,34in Ultrawide Monitor + ThinkPad Laptop,1
2019-10-12,259477,AAA Batteries (4-pack),LG Dryer,AAA Batteries (4-pack) + LG Dryer,1
2019-10-14,259529,Apple Airpods Headphones,Wired Headphones,Apple Airpods Headphones + Wired Headphones,1
2019-10-14,259529,Apple Airpods Headphones,iPhone,Apple Airpods Headphones + iPhone,1
2019-10-14,259529,Wired Headphones,iPhone,Wired Headphones + iPhone,1
2019-10-02,259537,AAA Batteries (4-pack),USB-C Charging Cable,AAA Batteries (4-pack) + USB-C Charging Cable,1
2019-10-07,259554,Apple Airpods Headphones,USB-C Charging Cable,Apple Airpods Headphones + USB-C Charging Cable,1
2019-10-20,259584,Lightning Charging Cable,iPhone,Lightning Charging Cable + iPhone,1
2019-10-12,259607,Lightning Charging Cable,iPhone,Lightning Charging Cable + iPhone,1
2019-10-29,259620,Google Phone,USB-C Charging Cable,Google Phone + USB-C Charging Cable,1
2019-10-09,259675,Apple Airpods Headphones,Wired Headphones,Apple Airpods Headphones + Wired Headphones,1
2019-10-27,259688,AA Batteries (4-pack),Bose SoundSport Headphones,AA Batteries (4-pack) + Bose SoundSport Headphones,1
2019-10-04,259697,Google Phone,USB-C Charging Cable,Google Phone + USB-C Charging Cable,1
2019-10-13,259702,Vareebadd Phone,Wired Headphones,Vareebadd Phone + Wired Headphones,1
2019-10-08,259705,Google Phone,USB-C Charging Cable,Google Phone + USB-C Charging Cable,1
2019-10-05,259794,AAA Batteries (4-pack),iPhone,AAA Batteries (4-pack) + iPhone,1
2019-10-16,259823,27in 4K Gaming Monitor,Bose SoundSport Headphones,27in 4K Gaming Monitor + Bose SoundSport Headphones,1
2019-10-04,259835,Bose SoundSport Headphones,Google Phone,Bose SoundSport Headphones + Google Phone,1
2019-10-09,259838,ThinkPad Laptop,USB-C Charging Cable,ThinkPad Laptop + USB-C Charging Cable,1
2019-10-05,259862,Lightning Charging Cable,iPhone,Lightning Charging Cable + iPhone,1
2019-10-26,259879,USB-C Charging Cable,Vareebadd Phone,USB-C Charging Cable + Vareebadd Phone,1
2019-10-05,259923,AA Batteries (4-pack),AAA Batteries (4-pack),AA Batteries (4-pack) + AAA Batteries (4-pack),1
2019-10-21,259924,Google Phone,USB-C Charging Cable,Google Phone + USB-C Charging Cable,1
2019-10-05,259925,27in FHD Monitor,Lightning Charging Cable,27in FHD Monitor + Lightning Charging Cable,1
2019-10-14,259936,34in Ultrawide Monitor,Wired Headphones,34in Ultrawide Monitor + Wired Headphones,1
2019-10-15,259965,34in Ultrawide Monitor,Bose SoundSport Headphones,34in Ultrawide Monitor + Bose SoundSport Headphones,1
2019-10-13,259993,AA Batteries (4-pack),Lightning Charging Cable,AA Batteries (4-pack) + Lightning Charging Cable,1
2019-10-10,260001,Google Phone,USB-C Charging Cable,Google Phone + USB-C Charging Cable,1
2019-10-09,260006,Google Phone,USB-C Charging Cable,Google Phone + USB-C Charging Cable,1
2019-10-03,260017,AAA Batteries (4-pack),iPhone,AAA Batteries (4-pack) + iPhone,1
2019-10-19,260023,USB-C Charging Cable,Vareebadd Phone,USB-C Charging Cable + Vareebadd Phone,1
2019-10-08,260044,27in FHD Monitor,USB-C Charging Cable,27in FHD Monitor + USB-C Charging Cable,1
2019-10-12,260055,34in Ultrawide Monitor,ThinkPad Laptop,34in Ultrawide Monitor + ThinkPad Laptop,1
2019-10-06,260127,Lightning Charging Cable,Wired Headphones,Lightning Charging Cable + Wired Headphones,1
2019-10-06,260127,Lightning Charging Cable,iPhone,Lightning Charging Cable + iPhone,1
2019-10-06,260127,Wired Headphones,iPhone,Wired Headphones + iPhone,1
2019-10-01,260135,34in Ultrawide Monitor,AA Batteries (4-pack),34in Ultrawide Monitor + AA Batteries (4-pack),1
2019-10-17,260183,Bose SoundSport Headphones,Lightning Charging Cable,Bose SoundSport Headphones + Lightning Charging Cable,1
2019-10-09,260215,Google Phone,USB-C Charging Cable,Google Phone + USB-C Charging Cable,1
2019-10-01,260219,27in FHD Monitor,USB-C Charging Cable,27in FHD Monitor + USB-C Charging Cable,1
2019-10-19,260225,20in Monitor,Lightning Charging Cable,20in Monitor + Lightning Charging Cable,1
2019-10-01,260226,Lightning Charging Cable,iPhone,Lightning Charging Cable + iPhone,1
2019-10-10,260293,Google Phone,Wired Headphones,Google Phone + Wired Headphones,1
2019-10-28,260300,USB-C Charging Cable,Vareebadd Phone,USB-C Charging Cable + Vareebadd Phone,1
2019-10-30,260346,Lightning Charging Cable,iPhone,Lightning Charging Cable + iPhone,1
2019-10-07,260353,Lightning Charging Cable,iPhone,Lightning Charging Cable + iPhone,1
2019-10-21,260372,Vareebadd Phone,Wired Headphones,Vareebadd Phone + Wired Headphones,1
2019-10-14,260429,Apple Airpods Headphones,iPhone,Apple Airpods Headphones + iPhone,1
2019-10-17,260451,USB-C Charging Cable,Vareebadd Phone,USB-C Charging Cable + Vareebadd Phone,1
2019-10-30,260501,Google Phone,USB-C Charging Cable,Google Phone + USB-C Charging Cable,1
2019-10-30,260526,AA Batteries (4-pack),Bose SoundSport Headphones,AA Batteries (4-pack) + Bose SoundSport Headphones,1
2019-10-23,260550,Vareebadd Phone,Wired Headphones,Vareebadd Phone + Wired Headphones,1
2019-10-24,260560,AAA Batteries (4-pack),Lightning Charging Cable,AAA Batteries (4-pack) + Lightning Charging Cable,1
2019-10-14,260579,Apple Airpods Headphones,Google Phone,Apple Airpods Headphones + Google Phone,1
2019-10-04,260620,LG Washing Machine,iPhone,LG Washing Machine + iPhone,1
2019-10-23,260624,AA Batteries (4-pack),Macbook Pro Laptop,AA Batteries (4-pack) + Macbook Pro Laptop,1
2019-10-28,260676,Macbook Pro Laptop,USB-C Charging Cable,Macbook Pro Laptop + USB-C Charging Cable,1
2019-10-15,260695,AA Batteries (4-pack),Wired Headphones,AA Batteries (4-pack) + Wired Headphones,1
2019-10-14,260697,Google Phone,Wired Headphones,Google Phone + Wired Headphones,1
2019-10-30,260699,AA Batteries (4-pack),Wired Headphones,AA Batteries (4-pack) + Wired Headphones,1
2019-10-02,260743,27in FHD Monitor,USB-C Charging Cable,27in FHD Monitor + USB-C Charging Cable,1
2019-10-07,260752,Flatscreen TV,USB-C Charging Cable,Flatscreen TV + USB-C Charging Cable,1
2019-10-26,260759,USB-C Charging Cable,Vareebadd Phone,USB-C Charging Cable + Vareebadd Phone,1
2019-10-01,260763,Apple Airpods Headphones,iPhone,Apple Airpods Headphones + iPhone,1
2019-10-27,260772,Lightning Charging Cable,iPhone,Lightning Charging Cable + iPhone,1
2019-10-06,260796,Google Phone,USB-C Charging Cable,Google Phone + USB-C Charging Cable,1
2019-10-27,260803,Apple Airpods Headphones,iPhone,Apple Airpods Headphones + iPhone,1
2019-10-31,260813,Lightning Charging Cable,iPhone,Lightning Charging Cable + iPhone,1
2019-10-15,260896,Google Phone,Wired Headphones,Google Phone + Wired Headphones,1
2019-10-04,260898,Lightning Charging Cable,iPhone,Lightning Charging Cable + iPhone,1
2019-10-07,260909,20in Monitor,AAA Batteries (4-pack),20in Monitor + AAA Batteries (4-pack),1
2019-10-27,260915,USB-C Charging Cable,Vareebadd Phone,USB-C Charging Cable + Vareebadd Phone,1
2019-10-07,260994,Google Phone,USB-C Charging Cable,Google Phone + USB-C Charging Cable,1
2019-10-22,260995,27in 4K Gaming Monitor,Bose SoundSport Headphones,27in 4K Gaming Monitor + Bose SoundSport Headphones,1
2019-10-13,260999,Macbook Pro Laptop,Wired Headphones,Macbook Pro Laptop + Wired Headphones,1
2019-10-10,261098,Google Phone,USB-C Charging Cable,Google Phone + USB-C Charging Cable,1
2019-10-24,261132,Google Phone,USB-C Charging Cable,Google Phone + USB-C Charging Cable,1
2019-10-24,261136,Google Phone,USB-C Charging Cable,Google Phone + USB-C Charging Cable,1
2019-10-04,261149,Google Phone,Wired Headphones,Google Phone + Wired Headphones,1
2019-10-17,261190,Google Phone,USB-C Charging Cable,Google Phone + USB-C Charging Cable,1
2019-10-03,261192,AAA Batteries (4-pack),Lightning Charging Cable,AAA Batteries (4-pack) + Lightning Charging Cable,1
2019-10-22,261240,Google Phone,USB-C Charging Cable,Google Phone + USB-C Charging Cable,1
2019-10-31,261284,Google Phone,USB-C Charging Cable,Google Phone + USB-C Charging Cable,1
2019-10-18,261301,Apple Airpods Headphones,iPhone,Apple Airpods Headphones + iPhone,1
2019-10-11,261400,Wired Headphones,iPhone,Wired Headphones + iPhone,1
2019-10-04,261466,Wired Headphones,iPhone,Wired Headphones + iPhone,1
2019-10-07,261470,USB-C Charging Cable,Vareebadd Phone,USB-C Charging Cable + Vareebadd Phone,1
2019-10-29,261496,Wired Headphones,iPhone,Wired Headphones + iPhone,1
2019-10-08,261503,20in Monitor,Lightning Charging Cable,20in Monitor + Lightning Charging Cable,1
2019-10-25,261535,Wired Headphones,iPhone,Wired Headphones + iPhone,1
2019-10-03,261543,Lightning Charging Cable,Wired Headphones,Lightning Charging Cable + Wired Headphones,1
2019-10-03,261543,Lightning Charging Cable,iPhone,Lightning Charging Cable + iPhone,1
2019-10-03,261543,Wired Headphones,iPhone,Wired Headphones + iPhone,1
2019-10-10,261569,Apple Airpods Headphones,iPhone,Apple Airpods Headphones + iPhone,1
2019-10-01,261617,Google Phone,USB-C Charging Cable,Google Phone + USB-C Charging Cable,1
2019-10-13,261639,AAA Batteries (4-pack),Wired Headphones,AAA Batteries (4-pack) + Wired Headphones,1
2019-10-11,261652,27in FHD Monitor,AAA Batteries (4-pack),27in FHD Monitor + AAA Batteries (4-pack),1
2019-10-04,261683,Macbook Pro Laptop,ThinkPad Laptop,Macbook Pro Laptop + ThinkPad Laptop,1
2019-10-18,261693,Apple Airpods Headphones,USB-C Charging Cable,Apple Airpods Headphones + USB-C Charging Cable,1
2019-10-09,261771,Google Phone,USB-C Charging Cable,Google Phone + USB-C Charging Cable,1
2019-10-17,261778,27in FHD Monitor,ThinkPad Laptop,27in FHD Monitor + ThinkPad Laptop,1
2019-10-15,261807,Google Phone,USB-C Charging Cable,Google Phone + USB-C Charging Cable,1
2019-10-19,261837,Apple Airpods Headphones,iPhone,Apple Airpods Headphones + iPhone,1
2019-10-19,261841,AA Batteries (4-pack),AAA Batteries (4-pack),AA Batteries (4-pack) + AAA Batteries (4-pack),1
2019-10-06,261851,Bose SoundSport Headphones,USB-C Charging Cable,Bose SoundSport Headphones + USB-C Charging Cable,1
2019-10-06,261851,Bose SoundSport Headphones,Vareebadd Phone,Bose SoundSport Headphones + Vareebadd Phone,1
2019-10-06,261851,USB-C Charging Cable,Vareebadd Phone,USB-C Charging Cable + Vareebadd Phone,1
2019-10-14,261858,AAA Batteries (4-pack),Wired Headphones,AAA Batteries (4-pack) + Wired Headphones,1
2019-10-05,261873,Bose SoundSport Headphones,Google Phone,Bose SoundSport Headphones + Google Phone,1
2019-10-05,261887,AAA Batteries (4-pack),Bose SoundSport Headphones,AAA Batteries (4-pack) + Bose SoundSport Headphones,1
2019-10-27,261907,Apple Airpods Headphones,Wired Headphones,Apple Airpods Headphones + Wired Headphones,1
2019-10-15,261941,27in 4K Gaming Monitor,34in Ultrawide Monitor,27in 4K Gaming Monitor + 34in Ultrawide Monitor,1
2019-10-28,261968,Lightning Charging Cable,iPhone,Lightning Charging Cable + iPhone,1
2019-10-22,262019,Google Phone,USB-C Charging Cable,Google Phone + USB-C Charging Cable,1
2019-10-22,262019,Google Phone,Wired Headphones,Google Phone + Wired Headphones,1
2019-10-22,262019,USB-C Charging Cable,Wired Headphones,USB-C Charging Cable + Wired Headphones,1
2019-10-16,262047,AAA Batteries (4-pack),USB-C Charging Cable,AAA Batteries (4-pack) + USB-C Charging Cable,1
2019-10-10,262080,AAA Batteries (4-pack),Bose SoundSport Headphones,AAA Batteries (4-pack) + Bose SoundSport Headphones,1
2019-10-29,262094,34in Ultrawide Monitor,Wired Headphones,34in Ultrawide Monitor + Wired Headphones,1
2019-10-07,262095,Google Phone,USB-C Charging Cable,Google Phone + USB-C Charging Cable,1
2019-10-04,262108,USB-C Charging Cable,Vareebadd Phone,USB-C Charging Cable + Vareebadd Phone,1
2019-10-15,262148,Lightning Charging Cable,USB-C Charging Cable,Lightning Charging Cable + USB-C Charging Cable,1
2019-10-15,262148,Lightning Charging Cable,iPhone,Lightning Charging Cable + iPhone,1
2019-10-15,262148,USB-C Charging Cable,iPhone,USB-C Charging Cable + iPhone,1
2019-10-28,262154,USB-C Charging Cable,Vareebadd Phone,USB-C Charging Cable + Vareebadd Phone,1
2019-10-21,262156,Apple Airpods Headphones,Lightning Charging Cable,Apple Airpods Headphones + Lightning Charging Cable,1
2019-10-22,262165,Google Phone,Wired Headphones,Google Phone + Wired Headphones,1
2019-10-22,262207,Wired Headphones,iPhone,Wired Headphones + iPhone,1
2019-10-28,262225,Google Phone,Wired Headphones,Google Phone + Wired Headphones,1
2019-10-20,262226,Google Phone,USB-C Charging Cable,Google Phone + USB-C Charging Cable,1
2019-10-11,262242,Wired Headphones,iPhone,Wired Headphones + iPhone,1
2019-10-30,262246,USB-C Charging Cable,Vareebadd Phone,USB-C Charging Cable + Vareebadd Phone,1
2019-10-10,262250,Apple Airpods Headphones,USB-C Charging Cable,Apple Airpods Headphones + USB-C Charging Cable,1
2019-10-20,262262,Lightning Charging Cable,iPhone,Lightning Charging Cable + iPhone,1
2019-10-06,262288,Bose SoundSport Headphones,Google Phone,Bose SoundSport Headphones + Google Phone,1
2019-10-16,262293,27in FHD Monitor,AA Batteries (4-pack),27in FHD Monitor + AA Batteries (4-pack),1
2019-10-24,262316,Apple Airpods Headphones,Bose SoundSport Headphones,Apple Airpods Headphones + Bose SoundSport Headphones,1
2019-10-17,262354,Google Phone,USB-C Charging Cable,Google Phone + USB-C Charging Cable,1
2019-10-27,262462,27in 4K Gaming Monitor,Lightning Charging Cable,27in 4K Gaming Monitor + Lightning Charging Cable,1
2019-10-03,262471,Google Phone,USB-C Charging Cable,Google Phone + USB-C Charging Cable,1
2019-10-18,262513,Lightning Charging Cable,iPhone,Lightning Charging Cable + iPhone,1
2019-10-28,262514,Wired Headphones,iPhone,Wired Headphones + iPhone,1
2019-10-11,262596,Apple Airpods Headphones,iPhone,Apple Airpods Headphones + iPhone,1
2019-10-31,262620,Apple Airpods Headphones,iPhone,Apple Airpods Headphones + iPhone,1
2019-10-28,262674,AA Batteries (4-pack),Wired Headphones,AA Batteries (4-pack) + Wired Headphones,1
2019-10-07,262721,Lightning Charging Cable,iPhone,Lightning Charging Cable + iPhone,1
2019-10-22,262725,AAA Batteries (4-pack),Bose SoundSport Headphones,AAA Batteries (4-pack) + Bose SoundSport Headphones,1
2019-10-26,262756,AAA Batteries (4-pack),Lightning Charging Cable,AAA Batteries (4-pack) + Lightning Charging Cable,1
2019-10-14,262772,Bose SoundSport Headphones,Google Phone,Bose SoundSport Headphones + Google Phone,1
2019-10-14,262772,Bose SoundSport Headphones,Lightning Charging Cable,Bose SoundSport Headphones + Lightning Charging Cable,1
2019-10-14,262772,Google Phone,Lightning Charging Cable,Google Phone + Lightning Charging Cable,1
2019-10-01,262776,AA Batteries (4-pack),AAA Batteries (4-pack),AA Batteries (4-pack) + AAA Batteries (4-pack),1
2019-10-17,262777,Wired Headphones,iPhone,Wired Headphones + iPhone,1
2019-10-07,262821,Lightning Charging Cable,iPhone,Lightning Charging Cable + iPhone,1
2019-10-02,262842,Google Phone,USB-C Charging Cable,Google Phone + USB-C Charging Cable,1
2019-10-18,262843,27in FHD Monitor,AA Batteries (4-pack),27in FHD Monitor + AA Batteries (4-pack),1
2019-10-19,262855,Google Phone,USB-C Charging Cable,Google Phone + USB-C Charging Cable,1
2019-10-14,262892,27in 4K Gaming Monitor,Google Phone,27in 4K Gaming Monitor + Google Phone,1
2019-10-04,262902,USB-C Charging Cable,Vareebadd Phone,USB-C Charging Cable + Vareebadd Phone,1
2019-10-20,262965,AAA Batteries (4-pack),Macbook Pro Laptop,AAA Batteries (4-pack) + Macbook Pro Laptop,1
2019-10-06,262985,Bose SoundSport Headphones,Google Phone,Bose SoundSport Headphones + Google Phone,1
2019-10-03,263044,Google Phone,Wired Headphones,Google Phone + Wired Headphones,1
2019-10-23,263105,Bose SoundSport Headphones,USB-C Charging Cable,Bose SoundSport Headphones + USB-C Charging Cable,1
2019-10-23,263105,Bose SoundSport Headphones,Vareebadd Phone,Bose SoundSport Headphones + Vareebadd Phone,1
2019-10-23,263105,USB-C Charging Cable,Vareebadd Phone,USB-C Charging Cable + Vareebadd Phone,1
2019-10-28,263107,Google Phone,USB-C Charging Cable,Google Phone + USB-C Charging Cable,1
2019-10-26,263108,Macbook Pro Laptop,iPhone,Macbook Pro Laptop + iPhone,1
2019-10-06,263122,Vareebadd Phone,Wired Headphones,Vareebadd Phone + Wired Headphones,1
2019-10-27,263175,Lightning Charging Cable,iPhone,Lightning Charging Cable + iPhone,1
2019-10-10,263249,20in Monitor,USB-C Charging Cable,20in Monitor + USB-C Charging Cable,1
2019-10-18,263311,Wired Headphones,iPhone,Wired Headphones + iPhone,1
2019-10-23,263350,Macbook Pro Laptop,Wired Headphones,Macbook Pro Laptop + Wired Headphones,1
2019-10-01,263355,AA Batteries (4-pack),USB-C Charging Cable,AA Batteries (4-pack) + USB-C Charging Cable,1
2019-10-17,263370,Google Phone,USB-C Charging Cable,Google Phone + USB-C Charging Cable,1
2019-10-30,263387,Google Phone,USB-C Charging Cable,Google Phone + USB-C Charging Cable,1
2019-10-30,263387,Google Phone,Wired Headphones,Google Phone + Wired Headphones,1
2019-10-30,263387,USB-C Charging Cable,Wired Headphones,USB-C Charging Cable + Wired Headphones,1
2019-10-05,263402,Wired Headphones,iPhone,Wired Headphones + iPhone,1
2019-10-29,263411,Wired Headphones,iPhone,Wired Headphones + iPhone,1
2019-10-12,263415,Wired Headphones,iPhone,Wired Headphones + iPhone,1
2019-10-01,263421,Google Phone,USB-C Charging Cable,Google Phone + USB-C Charging Cable,1
2019-10-22,263424,Bose SoundSport Headphones,Lightning Charging Cable,Bose SoundSport Headphones + Lightning Charging Cable,1
2019-10-17,263430,Lightning Charging Cable,iPhone,Lightning Charging Cable + iPhone,1
2019-10-18,263458,AAA Batteries (4-pack),Lightning Charging Cable,AAA Batteries (4-pack) + Lightning Charging Cable,1
2019-10-10,263479,27in FHD Monitor,USB-C Charging Cable,27in FHD Monitor + USB-C Charging Cable,1
2019-10-23,263480,Google Phone,Wired Headphones,Google Phone + Wired Headphones,1
2019-10-23,263534,34in Ultrawide Monitor,AA Batteries (4-pack),34in Ultrawide Monitor + AA Batteries (4-pack),1
2019-10-24,263561,USB-C Charging Cable,Wired Headphones,USB-C Charging Cable + Wired Headphones,1
2019-10-06,263600,Apple Airpods Headphones,Lightning Charging Cable,Apple Airpods Headphones + Lightning Charging Cable,1
2019-10-06,263600,Apple Airpods Headphones,iPhone,Apple Airpods Headphones + iPhone,1
2019-10-06,263600,Lightning Charging Cable,iPhone,Lightning Charging Cable + iPhone,1
2019-10-07,263606,Lightning Charging Cable,iPhone,Lightning Charging Cable + iPhone,1
2019-10-14,263615,27in 4K Gaming Monitor,Wired Headphones,27in 4K Gaming Monitor + Wired Headphones,1
2019-10-24,263676,AAA Batteries (4-pack),Wired Headphones,AAA Batteries (4-pack) + Wired Headphones,1
2019-10-05,263689,AA Batteries (4-pack),Bose SoundSport Headphones,AA Batteries (4-pack) + Bose SoundSport Headphones,1
2019-10-18,263691,Apple Airpods Headphones,iPhone,Apple Airpods Headphones + iPhone,1
2019-10-06,263712,Wired Headphones,iPhone,Wired Headphones + iPhone,1
2019-10-28,263719,Bose SoundSport Headphones,Google Phone,Bose SoundSport Headphones + Google Phone,1
2019-10-28,263719,Bose SoundSport Headphones,Wired Headphones,Bose SoundSport Headphones + Wired Headphones,1
2019-10-28,263719,Google Phone,Wired Headphones,Google Phone + Wired Headphones,1
2019-10-19,263724,Vareebadd Phone,Wired Headphones,Vareebadd Phone + Wired Headphones,1
2019-10-11,263800,Vareebadd Phone,Wired Headphones,Vareebadd Phone + Wired Headphones,1
2019-10-18,263894,Lightning Charging Cable,iPhone,Lightning Charging Cable + iPhone,1
2019-10-25,263904,AAA Batteries (4-pack),Wired Headphones,AAA Batteries (4-pack) + Wired Headphones,1
2019-10-31,263918,Bose SoundSport Headphones,USB-C Charging Cable,Bose SoundSport Headphones + USB-C Charging Cable,1
2019-10-31,263918,Bose SoundSport Headphones,Vareebadd Phone,Bose SoundSport Headphones + Vareebadd Phone,1
2019-10-31,263918,Bose SoundSport Headphones,Wired Headphones,Bose SoundSport Headphones + Wired Headphones,1
2019-10-31,263918,USB-C Charging Cable,Vareebadd Phone,USB-C Charging Cable + Vareebadd Phone,1
2019-10-31,263918,USB-C Charging Cable,Wired Headphones,USB-C Charging Cable + Wired Headphones,1
2019-10-31,263918,Vareebadd Phone,Wired Headphones,Vareebadd Phone + Wired Headphones,1
2019-10-28,263971,AAA Batteries (4-pack),Google Phone,AAA Batteries (4-pack) + Google Phone,1
2019-10-19,264001,USB-C Charging Cable,Wired Headphones,USB-C Charging Cable + Wired Headphones,1
2019-10-14,264053,USB-C Charging Cable,iPhone,USB-C Charging Cable + iPhone,1
2019-10-19,264054,Bose SoundSport Headphones,Vareebadd Phone,Bose SoundSport Headphones + Vareebadd Phone,1
2019-10-14,264061,Lightning Charging Cable,USB-C Charging Cable,Lightning Charging Cable + USB-C Charging Cable,1
2019-10-15,264072,Google Phone,Wired Headphones,Google Phone + Wired Headphones,1
2019-10-02,264090,USB-C Charging Cable,Vareebadd Phone,USB-C Charging Cable + Vareebadd Phone,1
2019-10-04,264114,Bose SoundSport Headphones,Vareebadd Phone,Bose SoundSport Headphones + Vareebadd Phone,1
2019-10-02,264164,Lightning Charging Cable,Wired Headphones,Lightning Charging Cable + Wired Headphones,1
2019-10-26,264165,20in Monitor,27in FHD Monitor,20in Monitor + 27in FHD Monitor,1
2019-10-15,264171,USB-C Charging Cable,Vareebadd Phone,USB-C Charging Cable + Vareebadd Phone,1
2019-10-31,264200,Lightning Charging Cable,iPhone,Lightning Charging Cable + iPhone,1
2019-10-02,264206,27in FHD Monitor,Lightning Charging Cable,27in FHD Monitor + Lightning Charging Cable,1
2019-10-25,264231,Apple Airpods Headphones,iPhone,Apple Airpods Headphones + iPhone,1
2019-10-20,264254,Flatscreen TV,iPhone,Flatscreen TV + iPhone,1
2019-10-11,264275,20in Monitor,Bose SoundSport Headphones,20in Monitor + Bose SoundSport Headphones,1
2019-10-09,264301,AA Batteries (4-pack),Google Phone,AA Batteries (4-pack) + Google Phone,1
2019-10-20,264312,Macbook Pro Laptop,Wired Headphones,Macbook Pro Laptop + Wired Headphones,1
2019-10-14,264445,27in 4K Gaming Monitor,AAA Batteries (4-pack),27in 4K Gaming Monitor + AAA Batteries (4-pack),1
2019-10-17,264453,USB-C Charging Cable,iPhone,USB-C Charging Cable + iPhone,1
2019-10-26,264457,Bose SoundSport Headphones,Google Phone,Bose SoundSport Headphones + Google Phone,1
2019-10-17,264494,27in FHD Monitor,AAA Batteries (4-pack),27in FHD Monitor + AAA Batteries (4-pack),1
2019-10-31,264514,Bose SoundSport Headphones,Vareebadd Phone,Bose SoundSport Headphones + Vareebadd Phone,1
2019-10-05,264516,AAA Batteries (4-pack),ThinkPad Laptop,AAA Batteries (4-pack) + ThinkPad Laptop,1
2019-10-17,264525,Google Phone,Wired Headphones,Google Phone + Wired Headphones,1
2019-10-28,264540,Google Phone,USB-C Charging Cable,Google Phone + USB-C Charging Cable,1
2019-10-16,264541,Google Phone,USB-C Charging Cable,Google Phone + USB-C Charging Cable,1
2019-10-26,264568,Macbook Pro Laptop,USB-C Charging Cable,Macbook Pro Laptop + USB-C Charging Cable,1
2019-10-29,264607,AAA Batteries (4-pack),Apple Airpods Headphones,AAA Batteries (4-pack) + Apple Airpods Headphones,1
2019-10-17,264621,USB-C Charging Cable,Vareebadd Phone,USB-C Charging Cable + Vareebadd Phone,1
2019-10-31,264691,Google Phone,USB-C Charging Cable,Google Phone + USB-C Charging Cable,1
2019-10-16,264712,Macbook Pro Laptop,USB-C Charging Cable,Macbook Pro Laptop + USB-C Charging Cable,1
2019-10-19,264732,USB-C Charging Cable,Wired Headphones,USB-C Charging Cable + Wired Headphones,1
2019-10-21,264745,Google Phone,Lightning Charging Cable,Google Phone + Lightning Charging Cable,1
2019-10-24,264761,AA Batteries (4-pack),Lightning Charging Cable,AA Batteries (4-pack) + Lightning Charging Cable,1
2019-10-06,264768,LG Washing Machine,Macbook Pro Laptop,LG Washing Machine + Macbook Pro Laptop,1
2019-10-26,264770,Wired Headphones,iPhone,Wired Headphones + iPhone,1
2019-10-23,264803,Google Phone,USB-C Charging Cable,Google Phone + USB-C Charging Cable,1
2019-10-29,264812,USB-C Charging Cable,Wired Headphones,USB-C Charging Cable + Wired Headphones,1
2019-10-16,264852,Google Phone,USB-C Charging Cable,Google Phone + USB-C Charging Cable,1
2019-10-16,264852,Google Phone,Wired Headphones,Google Phone + Wired Headphones,1
2019-10-16,264852,USB-C Charging Cable,Wired Headphones,USB-C Charging Cable + Wired Headphones,1
2019-10-02,264925,Apple Airpods Headphones,iPhone,Apple Airpods Headphones + iPhone,1
2019-10-21,265036,Lightning Charging Cable,iPhone,Lightning Charging Cable + iPhone,1
2019-10-31,265042,Bose SoundSport Headphones,Google Phone,Bose SoundSport Headphones + Google Phone,1
2019-10-01,265093,Lightning Charging Cable,iPhone,Lightning Charging Cable + iPhone,1
2019-10-11,265115,Lightning Charging Cable,iPhone,Lightning Charging Cable + iPhone,1
2019-10-04,265135,ThinkPad Laptop,USB-C Charging Cable,ThinkPad Laptop + USB-C Charging Cable,1
2019-10-08,265193,Google Phone,USB-C Charging Cable,Google Phone + USB-C Charging Cable,1
2019-10-29,265266,Lightning Charging Cable,iPhone,Lightning Charging Cable + iPhone,1
2019-10-23,265287,Apple Airpods Headphones,iPhone,Apple Airpods Headphones + iPhone,1
2019-10-01,265295,Wired Headphones,iPhone,Wired Headphones + iPhone,1
2019-10-21,265343,Apple Airpods Headphones,iPhone,Apple Airpods Headphones + iPhone,1
2019-10-22,265365,Lightning Charging Cable,Wired Headphones,Lightning Charging Cable + Wired Headphones,1
2019-10-03,265382,AAA Batteries (4-pack),Bose SoundSport Headphones,AAA Batteries (4-pack) + Bose SoundSport Headphones,1
2019-10-19,265427,Bose SoundSport Headphones,Lightning Charging Cable,Bose SoundSport Headphones + Lightning Charging Cable,1
2019-10-16,265472,Wired Headphones,iPhone,Wired Headphones + iPhone,1
2019-10-19,265563,Vareebadd Phone,Wired Headphones,Vareebadd Phone + Wired Headphones,1
2019-10-31,265606,Bose SoundSport Headphones,Google Phone,Bose SoundSport Headphones + Google Phone,1
2019-10-27,265607,Wired Headphones,iPhone,Wired Headphones + iPhone,1
2019-10-24,265638,Lightning Charging Cable,iPhone,Lightning Charging Cable + iPhone,1
2019-10-12,265670,Google Phone,Wired Headphones,Google Phone + Wired Headphones,1
2019-10-24,265674,Bose SoundSport Headphones,Lightning Charging Cable,Bose SoundSport Headphones + Lightning Charging Cable,1
2019-10-03,265679,Lightning Charging Cable,Wired Headphones,Lightning Charging Cable + Wired Headphones,1
2019-10-06,265736,Bose SoundSport Headphones,Wired Headphones,Bose SoundSport Headphones + Wired Headphones,1
2019-10-01,265740,Apple Airpods Headphones,iPhone,Apple Airpods Headphones + iPhone,1
2019-10-16,265825,Google Phone,Wired Headphones,Google Phone + Wired Headphones,1
2019-10-20,265833,Lightning Charging Cable,iPhone,Lightning Charging Cable + iPhone,1
2019-10-02,265863,AA Batteries (4-pack),iPhone,AA Batteries (4-pack) + iPhone,1
2019-10-15,265897,AAA Batteries (4-pack),Wired Headphones,AAA Batteries (4-pack) + Wired Headphones,1
2019-10-05,265901,AA Batteries (4-pack),Apple Airpods Headphones,AA Batteries (4-pack) + Apple Airpods Headphones,1
2019-10-06,265912,Bose SoundSport Headphones,Google Phone,Bose SoundSport Headphones + Google Phone,1
2019-10-11,266013,Lightning Charging Cable,iPhone,Lightning Charging Cable + iPhone,1
2019-10-29,266054,AAA Batteries (4-pack),Bose SoundSport Headphones,AAA Batteries (4-pack) + Bose SoundSport Headphones,1
2019-10-14,266055,Wired Headphones,iPhone,Wired Headphones + iPhone,1
2019-10-10,266058,USB-C Charging Cable,Wired Headphones,USB-C Charging Cable + Wired Headphones,1
2019-10-13,266071,Google Phone,Lightning Charging Cable,Google Phone + Lightning Charging Cable,1
2019-10-02,266116,AA Batteries (4-pack),USB-C Charging Cable,AA Batteries (4-pack) + USB-C Charging Cable,1
2019-10-23,266156,Google Phone,Wired Headphones,Google Phone + Wired Headphones,1
2019-10-15,266247,20in Monitor,AA Batteries (4-pack),20in Monitor + AA Batteries (4-pack),1
2019-10-26,266331,20in Monitor,Wired Headphones,20in Monitor + Wired Headphones,1
2019-10-14,266347,Google Phone,Wired Headphones,Google Phone + Wired Headphones,1
2019-10-22,266431,Bose SoundSport Headphones,Lightning Charging Cable,Bose SoundSport Headphones + Lightning Charging Cable,1
2019-10-30,266498,34in Ultrawide Monitor,Apple Airpods Headphones,34in Ultrawide Monitor + Apple Airpods Headphones,1
2019-10-29,266504,AA Batteries (4-pack),ThinkPad Laptop,AA Batteries (4-pack) + ThinkPad Laptop,1
2019-10-20,266506,Lightning Charging Cable,Wired Headphones,Lightning Charging Cable + Wired Headphones,1
2019-10-20,266506,Lightning Charging Cable,iPhone,Lightning Charging Cable + iPhone,1
2019-10-20,266506,Wired Headphones,iPhone,Wired Headphones + iPhone,1
2019-10-31,266590,Wired Headphones,iPhone,Wired Headphones + iPhone,1
2019-10-20,266633,AAA Batteries (4-pack),Flatscreen TV,AAA Batteries (4-pack) + Flatscreen TV,1
2019-10-17,266637,Google Phone,Macbook Pro Laptop,Google Phone + Macbook Pro Laptop,1
2019-10-22,266741,20in Monitor,Google Phone,20in Monitor + Google Phone,1
2019-10-20,266765,Google Phone,USB-C Charging Cable,Google Phone + USB-C Charging Cable,1
2019-10-26,266775,27in FHD Monitor,Bose SoundSport Headphones,27in FHD Monitor + Bose SoundSport Headphones,1
2019-10-30,266776,Wired Headphones,iPhone,Wired Headphones + iPhone,1
2019-10-03,266792,Google Phone,Wired Headphones,Google Phone + Wired Headphones,1
2019-10-03,266870,Wired Headphones,iPhone,Wired Headphones + iPhone,1
2019-10-25,266878,AA Batteries (4-pack),Bose SoundSport Headphones,AA Batteries (4-pack) + Bose SoundSport Headphones,1
2019-10-25,266882,Wired Headphones,iPhone,Wired Headphones + iPhone,1
2019-10-01,266908,Bose SoundSport Headphones,Google Phone,Bose SoundSport Headphones + Google Phone,1
2019-10-22,266977,USB-C Charging Cable,Vareebadd Phone,USB-C Charging Cable + Vareebadd Phone,1
2019-10-22,266977,USB-C Charging Cable,Wired Headphones,USB-C Charging Cable + Wired Headphones,1
2019-10-22,266977,Vareebadd Phone,Wired Headphones,Vareebadd Phone + Wired Headphones,1
2019-10-21,266980,Apple Airpods Headphones,Wired Headphones,Apple Airpods Headphones + Wired Headphones,1
2019-10-20,266997,Lightning Charging Cable,iPhone,Lightning Charging Cable + iPhone,1
2019-10-17,267002,Bose SoundSport Headphones,Vareebadd Phone,Bose SoundSport Headphones + Vareebadd Phone,1
2019-10-07,267013,AAA Batteries (4-pack),Lightning Charging Cable,AAA Batteries (4-pack) + Lightning Charging Cable,1
2019-10-14,267032,Apple Airpods Headphones,USB-C Charging Cable,Apple Airpods Headphones + USB-C Charging Cable,1
2019-10-05,267074,Google Phone,Wired Headphones,Google Phone + Wired Headphones,1
2019-10-08,267103,Lightning Charging Cable,USB-C Charging Cable,Lightning Charging Cable + USB-C Charging Cable,1
2019-10-20,267115,USB-C Charging Cable,Vareebadd Phone,USB-C Charging Cable + Vareebadd Phone,1
2019-10-20,267115,USB-C Charging Cable,Wired Headphones,USB-C Charging Cable + Wired Headphones,1
2019-10-20,267115,Vareebadd Phone,Wired Headphones,Vareebadd Phone + Wired Headphones,1
2019-10-23,267128,Wired Headphones,iPhone,Wired Headphones + iPhone,1
2019-10-02,267151,Lightning Charging Cable,iPhone,Lightning Charging Cable + iPhone,1
2019-10-27,267184,AAA Batteries (4-pack),Wired Headphones,AAA Batteries (4-pack) + Wired Headphones,1
2019-10-22,267212,Google Phone,Wired Headphones,Google Phone + Wired Headphones,1
2019-10-11,267215,Apple Airpods Headphones,iPhone,Apple Airpods Headphones + iPhone,1
2019-10-22,267279,AAA Batteries (4-pack),Lightning Charging Cable,AAA Batteries (4-pack) + Lightning Charging Cable,1
2019-10-21,267312,Lightning Charging Cable,iPhone,Lightning Charging Cable + iPhone,1
2019-10-18,267325,Lightning Charging Cable,Wired Headphones,Lightning Charging Cable + Wired Headphones,1
2019-10-31,267350,AAA Batteries (4-pack),USB-C Charging Cable,AAA Batteries (4-pack) + USB-C Charging Cable,1
2019-10-13,267365,Google Phone,USB-C Charging Cable,Google Phone + USB-C Charging Cable,1
2019-10-13,267365,Google Phone,Wired Headphones,Google Phone + Wired Headphones,1
2019-10-13,267365,USB-C Charging Cable,Wired Headphones,USB-C Charging Cable + Wired Headphones,1
2019-10-24,267367,Wired Headphones,iPhone,Wired Headphones + iPhone,1
2019-10-07,267368,Bose SoundSport Headphones,Google Phone,Bose SoundSport Headphones + Google Phone,1
2019-10-22,267376,Bose SoundSport Headphones,Google Phone,Bose SoundSport Headphones + Google Phone,1
2019-10-22,267376,Bose SoundSport Headphones,USB-C Charging Cable,Bose SoundSport Headphones + USB-C Charging Cable,1
2019-10-22,267376,Google Phone,USB-C Charging Cable,Google Phone + USB-C Charging Cable,1
2019-10-12,267388,27in 4K Gaming Monitor,Apple Airpods Headphones,27in 4K Gaming Monitor + Apple Airpods Headphones,1
2019-10-29,267391,AAA Batteries (4-pack),Flatscreen TV,AAA Batteries (4-pack) + Flatscreen TV,1
2019-10-10,267428,20in Monitor,Google Phone,20in Monitor + Google Phone,1
2019-10-09,267435,AA Batteries (4-pack),Lightning Charging Cable,AA Batteries (4-pack) + Lightning Charging Cable,1
2019-10-16,267443,USB-C Charging Cable,Vareebadd Phone,USB-C Charging Cable + Vareebadd Phone,1
2019-10-25,267444,ThinkPad Laptop,Wired Headphones,ThinkPad Laptop + Wired Headphones,1
2019-10-07,267464,USB-C Charging Cable,Vareebadd Phone,USB-C Charging Cable + Vareebadd Phone,1
2019-10-11,267512,Macbook Pro Laptop,Wired Headphones,Macbook Pro Laptop + Wired Headphones,1
2019-10-03,267518,Lightning Charging Cable,iPhone,Lightning Charging Cable + iPhone,1
2019-10-23,267572,Flatscreen TV,Lightning Charging Cable,Flatscreen TV + Lightning Charging Cable,1
2019-10-13,267591,Google Phone,Wired Headphones,Google Phone + Wired Headphones,1
2019-10-11,267659,Lightning Charging Cable,iPhone,Lightning Charging Cable + iPhone,1
2019-10-04,267676,Google Phone,Wired Headphones,Google Phone + Wired Headphones,1
2019-10-09,267705,27in 4K Gaming Monitor,Lightning Charging Cable,27in 4K Gaming Monitor + Lightning Charging Cable,1
2019-10-30,267741,Google Phone,Wired Headphones,Google Phone + Wired Headphones,1
2019-10-19,267750,Wired Headphones,iPhone,Wired Headphones + iPhone,1
2019-10-22,267764,AA Batteries (4-pack),Apple Airpods Headphones,AA Batteries (4-pack) + Apple Airpods Headphones,1
2019-10-25,267798,Lightning Charging Cable,Wired Headphones,Lightning Charging Cable + Wired Headphones,1
2019-10-23,267808,AA Batteries (4-pack),Bose SoundSport Headphones,AA Batteries (4-pack) + Bose SoundSport Headphones,1
2019-10-13,267813,34in Ultrawide Monitor,AA Batteries (4-pack),34in Ultrawide Monitor + AA Batteries (4-pack),1
2019-10-22,267816,Lightning Charging Cable,iPhone,Lightning Charging Cable + iPhone,1
2019-10-20,267831,Apple Airpods Headphones,Wired Headphones,Apple Airpods Headphones + Wired Headphones,1
2019-10-15,267835,Bose SoundSport Headphones,Google Phone,Bose SoundSport Headphones + Google Phone,1
2019-10-09,267837,34in Ultrawide Monitor,AAA Batteries (4-pack),34in Ultrawide Monitor + AAA Batteries (4-pack),1
2019-10-09,267852,Vareebadd Phone,Wired Headphones,Vareebadd Phone + Wired Headphones,1
2019-10-26,267906,27in FHD Monitor,Lightning Charging Cable,27in FHD Monitor + Lightning Charging Cable,1
2019-10-14,267920,AA Batteries (4-pack),Wired Headphones,AA Batteries (4-pack) + Wired Headphones,1
2019-10-28,267956,Lightning Charging Cable,iPhone,Lightning Charging Cable + iPhone,1
2019-10-20,267957,27in FHD Monitor,Wired Headphones,27in FHD Monitor + Wired Headphones,1
2019-10-22,268021,20in Monitor,AA Batteries (4-pack),20in Monitor + AA Batteries (4-pack),1
2019-10-21,268030,Lightning Charging Cable,iPhone,Lightning Charging Cable + iPhone,1
2019-10-06,268037,Vareebadd Phone,Wired Headphones,Vareebadd Phone + Wired Headphones,1
2019-10-06,268041,Apple Airpods Headphones,Bose SoundSport Headphones,Apple Airpods Headphones + Bose SoundSport Headphones,1
2019-10-21,268045,Wired Headphones,iPhone,Wired Headphones + iPhone,1
2019-10-03,268060,Lightning Charging Cable,USB-C Charging Cable,Lightning Charging Cable + USB-C Charging Cable,1
2019-10-15,268078,Google Phone,USB-C Charging Cable,Google Phone + USB-C Charging Cable,1
2019-10-05,268093,AA Batteries (4-pack),AAA Batteries (4-pack),AA Batteries (4-pack) + AAA Batteries (4-pack),1
2019-10-31,268103,Lightning Charging Cable,iPhone,Lightning Charging Cable + iPhone,1
2019-10-26,268104,Bose SoundSport Headphones,Google Phone,Bose SoundSport Headphones + Google Phone,1
2019-10-26,268104,Bose SoundSport Headphones,Wired Headphones,Bose SoundSport Headphones + Wired Headphones,1
2019-10-26,268104,Google Phone,Wired Headphones,Google Phone + Wired Headphones,1
2019-10-13,268109,27in 4K Gaming Monitor,Bose SoundSport Headphones,27in 4K Gaming Monitor + Bose SoundSport Headphones,1
2019-10-25,268134,Bose SoundSport Headphones,Google Phone,Bose SoundSport Headphones + Google Phone,1
2019-10-24,268160,Flatscreen TV,Macbook Pro Laptop,Flatscreen TV + Macbook Pro Laptop,1
2019-10-05,268195,AAA Batteries (4-pack),Wired Headphones,AAA Batteries (4-pack) + Wired Headphones,1
2019-10-09,268245,27in FHD Monitor,Apple Airpods Headphones,27in FHD Monitor + Apple Airpods Headphones,1
2019-10-27,268248,Lightning Charging Cable,iPhone,Lightning Charging Cable + iPhone,1
2019-10-04,268279,Lightning Charging Cable,iPhone,Lightning Charging Cable + iPhone,1
2019-10-20,268359,Bose SoundSport Headphones,Lightning Charging Cable,Bose SoundSport Headphones + Lightning Charging Cable,1
2019-10-18,268435,Bose SoundSport Headphones,USB-C Charging Cable,Bose SoundSport Headphones + USB-C Charging Cable,1
2019-10-15,268486,Bose SoundSport Headphones,USB-C Charging Cable,Bose SoundSport Headphones + USB-C Charging Cable,1
2019-10-17,268502,Apple Airpods Headphones,Macbook Pro Laptop,Apple Airpods Headphones + Macbook Pro Laptop,1
2019-10-01,268516,USB-C Charging Cable,Vareebadd Phone,USB-C Charging Cable + Vareebadd Phone,1
2019-10-27,268529,USB-C Charging Cable,iPhone,USB-C Charging Cable + iPhone,1
2019-10-26,268533,Bose SoundSport Headphones,Macbook Pro Laptop,Bose SoundSport Headphones + Macbook Pro Laptop,1
2019-10-19,268547,ThinkPad Laptop,Wired Headphones,ThinkPad Laptop + Wired Headphones,1
2019-10-14,268619,Lightning Charging Cable,Wired Headphones,Lightning Charging Cable + Wired Headphones,1
2019-10-14,268619,Lightning Charging Cable,iPhone,Lightning Charging Cable + iPhone,1
2019-10-14,268619,Wired Headphones,iPhone,Wired Headphones + iPhone,1
2019-10-20,268623,AA Batteries (4-pack),AAA Batteries (4-pack),AA Batteries (4-pack) + AAA Batteries (4-pack),1
2019-10-16,268625,Google Phone,Wired Headphones,Google Phone + Wired Headphones,1
2019-10-10,268629,USB-C Charging Cable,Vareebadd Phone,USB-C Charging Cable + Vareebadd Phone,1
2019-10-21,268631,USB-C Charging Cable,Vareebadd Phone,USB-C Charging Cable + Vareebadd Phone,1
2019-10-21,268684,34in Ultrawide Monitor,USB-C Charging Cable,34in Ultrawide Monitor + USB-C Charging Cable,1
2019-10-16,268693,Google Phone,Wired Headphones,Google Phone + Wired Headphones,1
2019-10-15,268700,Bose SoundSport Headphones,Google Phone,Bose SoundSport Headphones + Google Phone,1
2019-10-02,268705,USB-C Charging Cable,Vareebadd Phone,USB-C Charging Cable + Vareebadd Phone,1
2019-10-18,268742,AA Batteries (4-pack),Google Phone,AA Batteries (4-pack) + Google Phone,1
2019-10-02,268753,Apple Airpods Headphones,iPhone,Apple Airpods Headphones + iPhone,1
2019-10-12,268770,Wired Headphones,iPhone,Wired Headphones + iPhone,1
2019-10-19,268826,Apple Airpods Headphones,Bose SoundSport Headphones,Apple Airpods Headphones + Bose SoundSport Headphones,1
2019-10-11,268827,Lightning Charging Cable,USB-C Charging Cable,Lightning Charging Cable + USB-C Charging Cable,1
2019-10-05,268835,Google Phone,USB-C Charging Cable,Google Phone + USB-C Charging Cable,1
2019-10-23,268879,20in Monitor,Lightning Charging Cable,20in Monitor + Lightning Charging Cable,1
2019-10-12,268912,Bose SoundSport Headphones,Google Phone,Bose SoundSport Headphones + Google Phone,1
2019-10-23,269114,AAA Batteries (4-pack),Wired Headphones,AAA Batteries (4-pack) + Wired Headphones,1
2019-10-19,269249,AA Batteries (4-pack),Wired Headphones,AA Batteries (4-pack) + Wired Headphones,1
2019-10-13,269251,34in Ultrawide Monitor,Macbook Pro Laptop,34in Ultrawide Monitor + Macbook Pro Laptop,1
2019-10-20,269268,Bose SoundSport Headphones,Google Phone,Bose SoundSport Headphones + Google Phone,1
2019-10-31,269317,AAA Batteries (4-pack),Vareebadd Phone,AAA Batteries (4-pack) + Vareebadd Phone,1
2019-10-18,269324,Bose SoundSport Headphones,USB-C Charging Cable,Bose SoundSport Headphones + USB-C Charging Cable,1
2019-10-12,269363,Apple Airpods Headphones,Bose SoundSport Headphones,Apple Airpods Headphones + Bose SoundSport Headphones,1
2019-10-16,269405,Google Phone,USB-C Charging Cable,Google Phone + USB-C Charging Cable,1
2019-10-04,269458,Bose SoundSport Headphones,USB-C Charging Cable,Bose SoundSport Headphones + USB-C Charging Cable,1
2019-10-18,269554,Apple Airpods Headphones,iPhone,Apple Airpods Headphones + iPhone,1
2019-10-15,269557,Google Phone,USB-C Charging Cable,Google Phone + USB-C Charging Cable,1
2019-10-08,269563,Apple Airpods Headphones,iPhone,Apple Airpods Headphones + iPhone,1
2019-10-20,269567,Lightning Charging Cable,iPhone,Lightning Charging Cable + iPhone,1
2019-10-26,269575,Google Phone,USB-C Charging Cable,Google Phone + USB-C Charging Cable,1
2019-10-28,269589,AA Batteries (4-pack),Lightning Charging Cable,AA Batteries (4-pack) + Lightning Charging Cable,1
2019-10-13,269606,Bose SoundSport Headphones,Google Phone,Bose SoundSport Headphones + Google Phone,1
2019-10-20,269626,27in 4K Gaming Monitor,Apple Airpods Headphones,27in 4K Gaming Monitor + Apple Airpods Headphones,1
2019-10-20,269629,Lightning Charging Cable,iPhone,Lightning Charging Cable + iPhone,1
2019-10-18,269650,27in 4K Gaming Monitor,27in FHD Monitor,27in 4K Gaming Monitor + 27in FHD Monitor,1
2019-10-29,269658,Apple Airpods Headphones,iPhone,Apple Airpods Headphones + iPhone,1
2019-10-29,269688,Lightning Charging Cable,iPhone,Lightning Charging Cable + iPhone,1
2019-10-07,269694,27in FHD Monitor,AAA Batteries (4-pack),27in FHD Monitor + AAA Batteries (4-pack),1
2019-10-03,269703,Google Phone,USB-C Charging Cable,Google Phone + USB-C Charging Cable,1
2019-10-03,269703,Google Phone,Wired Headphones,Google Phone + Wired Headphones,1
2019-10-03,269703,USB-C Charging Cable,Wired Headphones,USB-C Charging Cable + Wired Headphones,1
2019-10-07,269714,Apple Airpods Headphones,Lightning Charging Cable,Apple Airpods Headphones + Lightning Charging Cable,1
2019-10-04,269734,Google Phone,Wired Headphones,Google Phone + Wired Headphones,1
2019-10-19,269740,Macbook Pro Laptop,Wired Headphones,Macbook Pro Laptop + Wired Headphones,1
2019-10-07,269745,27in 4K Gaming Monitor,USB-C Charging Cable,27in 4K Gaming Monitor + USB-C Charging Cable,1
2019-10-12,269776,Google Phone,USB-C Charging Cable,Google Phone + USB-C Charging Cable,1
2019-10-07,269789,AA Batteries (4-pack),USB-C Charging Cable,AA Batteries (4-pack) + USB-C Charging Cable,1
2019-10-18,269836,Google Phone,USB-C Charging Cable,Google Phone + USB-C Charging Cable,1
2019-10-16,269889,Lightning Charging Cable,iPhone,Lightning Charging Cable + iPhone,1
2019-10-12,269891,Google Phone,USB-C Charging Cable,Google Phone + USB-C Charging Cable,1
2019-10-17,269901,Lightning Charging Cable,Wired Headphones,Lightning Charging Cable + Wired Headphones,1
2019-10-17,269901,Lightning Charging Cable,iPhone,Lightning Charging Cable + iPhone,1
2019-10-17,269901,Wired Headphones,iPhone,Wired Headphones + iPhone,1
2019-10-18,269979,Bose SoundSport Headphones,Google Phone,Bose SoundSport Headphones + Google Phone,1
2019-10-18,269979,Bose SoundSport Headphones,Wired Headphones,Bose SoundSport Headphones + Wired Headphones,1
2019-10-18,269979,Google Phone,Wired Headphones,Google Phone + Wired Headphones,1
2019-10-19,269987,AA Batteries (4-pack),AAA Batteries (4-pack),AA Batteries (4-pack) + AAA Batteries (4-pack),1
2019-10-12,270050,AA Batteries (4-pack),Wired Headphones,AA Batteries (4-pack) + Wired Headphones,1
2019-10-15,270060,AA Batteries (4-pack),Wired Headphones,AA Batteries (4-pack) + Wired Headphones,1
2019-10-20,270072,Flatscreen TV,Lightning Charging Cable,Flatscreen TV + Lightning Charging Cable,1
2019-10-08,270107,Google Phone,USB-C Charging Cable,Google Phone + USB-C Charging Cable,1
2019-10-31,270142,AAA Batteries (4-pack),Lightning Charging Cable,AAA Batteries (4-pack) + Lightning Charging Cable,1
2019-10-25,270175,AAA Batteries (4-pack),Apple Airpods Headphones,AAA Batteries (4-pack) + Apple Airpods Headphones,1
2019-10-05,270208,Google Phone,USB-C Charging Cable,Google Phone + USB-C Charging Cable,1
2019-10-25,270223,Bose SoundSport Headphones,Google Phone,Bose SoundSport Headphones + Google Phone,1
2019-10-13,270228,USB-C Charging Cable,Vareebadd Phone,USB-C Charging Cable + Vareebadd Phone,1
2019-10-24,270246,27in 4K Gaming Monitor,USB-C Charging Cable,27in 4K Gaming Monitor + USB-C Charging Cable,1
2019-10-26,270268,Bose SoundSport Headphones,Google Phone,Bose SoundSport Headphones + Google Phone,1
2019-10-11,270274,AAA Batteries (4-pack),Bose SoundSport Headphones,AAA Batteries (4-pack) + Bose SoundSport Headphones,1
2019-10-03,270375,Lightning Charging Cable,iPhone,Lightning Charging Cable + iPhone,1
2019-10-08,270387,Wired Headphones,iPhone,Wired Headphones + iPhone,1
2019-10-11,270392,Google Phone,USB-C Charging Cable,Google Phone + USB-C Charging Cable,1
2019-10-27,270424,Vareebadd Phone,Wired Headphones,Vareebadd Phone + Wired Headphones,1
2019-10-27,270430,Bose SoundSport Headphones,Google Phone,Bose SoundSport Headphones + Google Phone,1
2019-10-12,270436,34in Ultrawide Monitor,Lightning Charging Cable,34in Ultrawide Monitor + Lightning Charging Cable,1
2019-10-23,270461,Lightning Charging Cable,iPhone,Lightning Charging Cable + iPhone,1
2019-10-24,270468,AAA Batteries (4-pack),ThinkPad Laptop,AAA Batteries (4-pack) + ThinkPad Laptop,1
2019-10-24,270492,ThinkPad Laptop,USB-C Charging Cable,ThinkPad Laptop + USB-C Charging Cable,1
2019-10-09,270498,Google Phone,Wired Headphones,Google Phone + Wired Headphones,1
2019-10-18,270535,Google Phone,USB-C Charging Cable,Google Phone + USB-C Charging Cable,1
2019-10-12,270547,34in Ultrawide Monitor,USB-C Charging Cable,34in Ultrawide Monitor + USB-C Charging Cable,1
2019-10-09,270558,Vareebadd Phone,Wired Headphones,Vareebadd Phone + Wired Headphones,1
2019-10-13,270581,27in 4K Gaming Monitor,Macbook Pro Laptop,27in 4K Gaming Monitor + Macbook Pro Laptop,1
2019-10-20,270629,Google Phone,USB-C Charging Cable,Google Phone + USB-C Charging Cable,1
2019-10-10,270646,Apple Airpods Headphones,iPhone,Apple Airpods Headphones + iPhone,1
2019-10-20,270670,Google Phone,Wired Headphones,Google Phone + Wired Headphones,1
2019-10-20,270676,Wired Headphones,iPhone,Wired Headphones + iPhone,1
2019-10-22,270697,27in FHD Monitor,USB-C Charging Cable,27in FHD Monitor + USB-C Charging Cable,1
2019-10-18,270728,Google Phone,USB-C Charging Cable,Google Phone + USB-C Charging Cable,1
2019-10-18,270728,Google Phone,Wired Headphones,Google Phone + Wired Headphones,1
2019-10-18,270728,USB-C Charging Cable,Wired Headphones,USB-C Charging Cable + Wired Headphones,1
2019-10-24,270732,34in Ultrawide Monitor,Apple Airpods Headphones,34in Ultrawide Monitor + Apple Airpods Headphones,1
2019-10-14,270807,Google Phone,Wired Headphones,Google Phone + Wired Headphones,1
2019-10-27,270822,AAA Batteries (4-pack),Lightning Charging Cable,AAA Batteries (4-pack) + Lightning Charging Cable,1
2019-10-19,270850,Lightning Charging Cable,iPhone,Lightning Charging Cable + iPhone,1
2019-10-01,270857,Apple Airpods Headphones,iPhone,Apple Airpods Headphones + iPhone,1
2019-10-24,270900,Apple Airpods Headphones,iPhone,Apple Airpods Headphones + iPhone,1
2019-10-26,270901,34in Ultrawide Monitor,iPhone,34in Ultrawide Monitor + iPhone,1
2019-10-25,270941,Bose SoundSport Headphones,Lightning Charging Cable,Bose SoundSport Headphones + Lightning Charging Cable,1
2019-10-22,270946,Apple Airpods Headphones,Wired Headphones,Apple Airpods Headphones + Wired Headphones,1
2019-10-11,270982,ThinkPad Laptop,USB-C Charging Cable,ThinkPad Laptop + USB-C Charging Cable,1
2019-10-03,271033,AA Batteries (4-pack),Flatscreen TV,AA Batteries (4-pack) + Flatscreen TV,1
2019-10-25,271056,AAA Batteries (4-pack),Lightning Charging Cable,AAA Batteries (4-pack) + Lightning Charging Cable,1
2019-10-08,271069,Google Phone,USB-C Charging Cable,Google Phone + USB-C Charging Cable,1
2019-10-29,271085,Bose SoundSport Headphones,Vareebadd Phone,Bose SoundSport Headphones + Vareebadd Phone,1
2019-10-21,271189,Lightning Charging Cable,iPhone,Lightning Charging Cable + iPhone,1
2019-10-13,271191,Google Phone,USB-C Charging Cable,Google Phone + USB-C Charging Cable,1
2019-10-13,271199,USB-C Charging Cable,Vareebadd Phone,USB-C Charging Cable + Vareebadd Phone,1
2019-10-19,271209,34in Ultrawide Monitor,AA Batteries (4-pack),34in Ultrawide Monitor + AA Batteries (4-pack),1
2019-10-15,271328,Google Phone,USB-C Charging Cable,Google Phone + USB-C Charging Cable,1
2019-10-03,271340,Apple Airpods Headphones,Lightning Charging Cable,Apple Airpods Headphones + Lightning Charging Cable,1
2019-10-06,271355,Lightning Charging Cable,iPhone,Lightning Charging Cable + iPhone,1
2019-10-25,271359,Lightning Charging Cable,iPhone,Lightning Charging Cable + iPhone,1
2019-10-23,271378,AAA Batteries (4-pack),USB-C Charging Cable,AAA Batteries (4-pack) + USB-C Charging Cable,1
2019-10-20,271393,27in FHD Monitor,Lightning Charging Cable,27in FHD Monitor + Lightning Charging Cable,1
2019-10-02,271405,Apple Airpods Headphones,iPhone,Apple Airpods Headphones + iPhone,1
2019-10-29,271409,Wired Headphones,iPhone,Wired Headphones + iPhone,1
2019-10-29,271415,Google Phone,Wired Headphones,Google Phone + Wired Headphones,1
2019-10-08,271491,Wired Headphones,iPhone,Wired Headphones + iPhone,1
2019-10-09,271519,AA Batteries (4-pack),AAA Batteries (4-pack),AA Batteries (4-pack) + AAA Batteries (4-pack),1
2019-10-14,271581,Google Phone,USB-C Charging Cable,Google Phone + USB-C Charging Cable,1
2019-10-09,271594,Apple Airpods Headphones,Wired Headphones,Apple Airpods Headphones + Wired Headphones,1
2019-10-26,271621,Apple Airpods Headphones,Lightning Charging Cable,Apple Airpods Headphones + Lightning Charging Cable,1
2019-10-26,271621,Apple Airpods Headphones,iPhone,Apple Airpods Headphones + iPhone,1
2019-10-26,271621,Lightning Charging Cable,iPhone,Lightning Charging Cable + iPhone,1
2019-10-19,271668,Bose SoundSport Headphones,Flatscreen TV,Bose SoundSport Headphones + Flatscreen TV,1
2019-10-19,271668,Bose SoundSport Headphones,Vareebadd Phone,Bose SoundSport Headphones + Vareebadd Phone,1
2019-10-19,271668,Flatscreen TV,Vareebadd Phone,Flatscreen TV + Vareebadd Phone,1
2019-10-08,271681,AA Batteries (4-pack),USB-C Charging Cable,AA Batteries (4-pack) + USB-C Charging Cable,1
2019-10-05,271688,Google Phone,USB-C Charging Cable,Google Phone + USB-C Charging Cable,1
2019-10-05,271688,Google Phone,Wired Headphones,Google Phone + Wired Headphones,1
2019-10-05,271688,USB-C Charging Cable,Wired Headphones,USB-C Charging Cable + Wired Headphones,1
2019-10-14,271691,AA Batteries (4-pack),Macbook Pro Laptop,AA Batteries (4-pack) + Macbook Pro Laptop,1
2019-10-09,271697,27in FHD Monitor,Apple Airpods Headphones,27in FHD Monitor + Apple Airpods Headphones,1
2019-10-10,271704,Apple Airpods Headphones,iPhone,Apple Airpods Headphones + iPhone,1
2019-10-05,271727,AA Batteries (4-pack),USB-C Charging Cable,AA Batteries (4-pack) + USB-C Charging Cable,1
2019-10-07,271729,Bose SoundSport Headphones,Lightning Charging Cable,Bose SoundSport Headphones + Lightning Charging Cable,1
2019-10-14,271748,AAA Batteries (4-pack),Wired Headphones,AAA Batteries (4-pack) + Wired Headphones,1
2019-10-18,271756,Lightning Charging Cable,iPhone,Lightning Charging Cable + iPhone,1
2019-10-28,271757,USB-C Charging Cable,Vareebadd Phone,USB-C Charging Cable + Vareebadd Phone,1
2019-10-03,271779,Google Phone,USB-C Charging Cable,Google Phone + USB-C Charging Cable,1
2019-10-04,271802,AA Batteries (4-pack),Flatscreen TV,AA Batteries (4-pack) + Flatscreen TV,1
2019-10-15,271814,AAA Batteries (4-pack),Apple Airpods Headphones,AAA Batteries (4-pack) + Apple Airpods Headphones,1
2019-10-07,271883,Google Phone,USB-C Charging Cable,Google Phone + USB-C Charging Cable,1
2019-10-13,271955,Lightning Charging Cable,iPhone,Lightning Charging Cable + iPhone,1
2019-10-16,271968,Google Phone,USB-C Charging Cable,Google Phone + USB-C Charging Cable,1
2019-10-22,271973,Google Phone,Wired Headphones,Google Phone + Wired Headphones,1
2019-10-04,271990,34in Ultrawide Monitor,Wired Headphones,34in Ultrawide Monitor + Wired Headphones,1
2019-10-19,272002,AAA Batteries (4-pack),USB-C Charging Cable,AAA Batteries (4-pack) + USB-C Charging Cable,1
2019-10-05,272011,Wired Headphones,iPhone,Wired Headphones + iPhone,1
2019-10-27,272057,Lightning Charging Cable,iPhone,Lightning Charging Cable + iPhone,1
2019-10-04,272092,Lightning Charging Cable,iPhone,Lightning Charging Cable + iPhone,1
2019-10-19,272093,Lightning Charging Cable,iPhone,Lightning Charging Cable + iPhone,1
2019-10-05,272121,Google Phone,Wired Headphones,Google Phone + Wired Headphones,1
2019-10-03,272132,27in FHD Monitor,AA Batteries (4-pack),27in FHD Monitor + AA Batteries (4-pack),1
2019-10-01,272154,Google Phone,USB-C Charging Cable,Google Phone + USB-C Charging Cable,1
2019-10-02,272194,AAA Batteries (4-pack),Lightning Charging Cable,AAA Batteries (4-pack) + Lightning Charging Cable,1
2019-10-28,272198,Lightning Charging Cable,iPhone,Lightning Charging Cable + iPhone,1
2019-10-11,272237,Google Phone,USB-C Charging Cable,Google Phone + USB-C Charging Cable,1
2019-10-17,272279,Apple Airpods Headphones,Bose SoundSport Headphones,Apple Airpods Headphones + Bose SoundSport Headphones,1
2019-10-23,272286,27in FHD Monitor,Lightning Charging Cable,27in FHD Monitor + Lightning Charging Cable,1
2019-10-03,272332,Wired Headphones,iPhone,Wired Headphones + iPhone,1
2019-10-30,272333,Google Phone,USB-C Charging Cable,Google Phone + USB-C Charging Cable,1
2019-10-11,272432,Lightning Charging Cable,iPhone,Lightning Charging Cable + iPhone,1
2019-10-05,272470,Apple Airpods Headphones,iPhone,Apple Airpods Headphones + iPhone,1
2019-10-27,272476,Apple Airpods Headphones,Lightning Charging Cable,Apple Airpods Headphones + Lightning Charging Cable,1
2019-10-04,272480,Apple Airpods Headphones,Wired Headphones,Apple Airpods Headphones + Wired Headphones,1
2019-10-06,272490,Lightning Charging Cable,iPhone,Lightning Charging Cable + iPhone,1
2019-10-16,272491,Apple Airpods Headphones,USB-C Charging Cable,Apple Airpods Headphones + USB-C Charging Cable,1
2019-10-21,272496,Lightning Charging Cable,Wired Headphones,Lightning Charging Cable + Wired Headphones,1
2019-10-05,272498,Google Phone,Wired Headphones,Google Phone + Wired Headphones,1
2019-10-17,272510,USB-C Charging Cable,Vareebadd Phone,USB-C Charging Cable + Vareebadd Phone,1
2019-10-08,272518,Vareebadd Phone,Wired Headphones,Vareebadd Phone + Wired Headphones,1
2019-10-19,272519,Google Phone,USB-C Charging Cable,Google Phone + USB-C Charging Cable,1
2019-10-27,272572,Lightning Charging Cable,Wired Headphones,Lightning Charging Cable + Wired Headphones,1
2019-10-27,272572,Lightning Charging Cable,iPhone,Lightning Charging Cable + iPhone,1
2019-10-27,272572,Wired Headphones,iPhone,Wired Headphones + iPhone,1
2019-10-26,272588,Apple Airpods Headphones,Wired Headphones,Apple Airpods Headphones + Wired Headphones,1
2019-10-29,272703,Lightning Charging Cable,iPhone,Lightning Charging Cable + iPhone,1
2019-10-18,272715,AAA Batteries (4-pack),Lightning Charging Cable,AAA Batteries (4-pack) + Lightning Charging Cable,1
2019-10-08,272763,AA Batteries (4-pack),Apple Airpods Headphones,AA Batteries (4-pack) + Apple Airpods Headphones,1
2019-10-24,272773,Apple Airpods Headphones,iPhone,Apple Airpods Headphones + iPhone,1
2019-10-27,272937,USB-C Charging Cable,Vareebadd Phone,USB-C Charging Cable + Vareebadd Phone,1
2019-10-29,272941,Lightning Charging Cable,Wired Headphones,Lightning Charging Cable + Wired Headphones,1
2019-10-28,272970,Macbook Pro Laptop,USB-C Charging Cable,Macbook Pro Laptop + USB-C Charging Cable,1
2019-10-31,272982,Google Phone,USB-C Charging Cable,Google Phone + USB-C Charging Cable,1
2019-10-15,272995,Google Phone,USB-C Charging Cable,Google Phone + USB-C Charging Cable,1
2019-10-04,273079,Wired Headphones,iPhone,Wired Headphones + iPhone,1
2019-10-14,273114,Lightning Charging Cable,iPhone,Lightning Charging Cable + iPhone,1
2019-10-14,273152,Lightning Charging Cable,iPhone,Lightning Charging Cable + iPhone,1
2019-10-16,273181,Google Phone,USB-C Charging Cable,Google Phone + USB-C Charging Cable,1
2019-10-22,273184,Bose SoundSport Headphones,Macbook Pro Laptop,Bose SoundSport Headphones + Macbook Pro Laptop,1
2019-10-01,273236,27in FHD Monitor,AA Batteries (4-pack),27in FHD Monitor + AA Batteries (4-pack),1
2019-10-12,273250,Lightning Charging Cable,iPhone,Lightning Charging Cable + iPhone,1
2019-10-23,273294,AA Batteries (4-pack),AAA Batteries (4-pack),AA Batteries (4-pack) + AAA Batteries (4-pack),1
2019-10-18,273328,Google Phone,USB-C Charging Cable,Google Phone + USB-C Charging Cable,1
2019-10-29,273396,USB-C Charging Cable,Vareebadd Phone,USB-C Charging Cable + Vareebadd Phone,1
2019-10-21,273418,Google Phone,USB-C Charging Cable,Google Phone + USB-C Charging Cable,1
2019-10-16,273419,AAA Batteries (4-pack),USB-C Charging Cable,AAA Batteries (4-pack) + USB-C Charging Cable,1
2019-10-01,273443,Google Phone,USB-C Charging Cable,Google Phone + USB-C Charging Cable,1
2019-10-12,273447,Flatscreen TV,Lightning Charging Cable,Flatscreen TV + Lightning Charging Cable,1
2019-10-12,273447,Flatscreen TV,iPhone,Flatscreen TV + iPhone,1
2019-10-12,273447,Lightning Charging Cable,iPhone,Lightning Charging Cable + iPhone,1
2019-10-07,273452,Wired Headphones,iPhone,Wired Headphones + iPhone,1
2019-10-18,273456,Wired Headphones,iPhone,Wired Headphones + iPhone,1
2019-10-10,273469,USB-C Charging Cable,Wired Headphones,USB-C Charging Cable + Wired Headphones,1
2019-10-02,273479,34in Ultrawide Monitor,Bose SoundSport Headphones,34in Ultrawide Monitor + Bose SoundSport Headphones,1
2019-10-27,273491,AAA Batteries (4-pack),Wired Headphones,AAA Batteries (4-pack) + Wired Headphones,1
2019-10-13,273493,Lightning Charging Cable,iPhone,Lightning Charging Cable + iPhone,1
2019-10-06,273516,27in FHD Monitor,USB-C Charging Cable,27in FHD Monitor + USB-C Charging Cable,1
2019-10-13,273519,AA Batteries (4-pack),Lightning Charging Cable,AA Batteries (4-pack) + Lightning Charging Cable,1
2019-10-17,273533,Bose SoundSport Headphones,Flatscreen TV,Bose SoundSport Headphones + Flatscreen TV,1
2019-10-05,273538,AAA Batteries (4-pack),Wired Headphones,AAA Batteries (4-pack) + Wired Headphones,1
2019-10-01,273607,Lightning Charging Cable,iPhone,Lightning Charging Cable + iPhone,1
2019-10-20,273645,Google Phone,USB-C Charging Cable,Google Phone + USB-C Charging Cable,1
2019-10-28,273681,AAA Batteries (4-pack),Wired Headphones,AAA Batteries (4-pack) + Wired Headphones,1
2019-10-17,273693,USB-C Charging Cable,iPhone,USB-C Charging Cable + iPhone,1
2019-11-01,273751,Apple Airpods Headphones,Wired Headphones,Apple Airpods Headphones + Wired Headphones,1
2019-11-01,273751,Apple Airpods Headphones,iPhone,Apple Airpods Headphones + iPhone,1
2019-11-01,273751,Wired Headphones,iPhone,Wired Headphones + iPhone,1
2019-10-09,273801,27in FHD Monitor,Lightning Charging Cable,27in FHD Monitor + Lightning Charging Cable,1
2019-10-24,273813,USB-C Charging Cable,Vareebadd Phone,USB-C Charging Cable + Vareebadd Phone,1
2019-10-13,273832,Google Phone,USB-C Charging Cable,Google Phone + USB-C Charging Cable,1
2019-10-13,273832,Google Phone,Wired Headphones,Google Phone + Wired Headphones,1
2019-10-13,273832,USB-C Charging Cable,Wired Headphones,USB-C Charging Cable + Wired Headphones,1
2019-10-24,273836,Lightning Charging Cable,iPhone,Lightning Charging Cable + iPhone,1
2019-10-21,273862,34in Ultrawide Monitor,Wired Headphones,34in Ultrawide Monitor + Wired Headphones,1
2019-10-18,273869,AA Batteries (4-pack),Wired Headphones,AA Batteries (4-pack) + Wired Headphones,1
2019-10-20,273886,27in FHD Monitor,Macbook Pro Laptop,27in FHD Monitor + Macbook Pro Laptop,1
2019-10-28,273926,Vareebadd Phone,Wired Headphones,Vareebadd Phone + Wired Headphones,1
2019-10-07,273946,Google Phone,Wired Headphones,Google Phone + Wired Headphones,1
2019-10-14,273959,AA Batteries (4-pack),Lightning Charging Cable,AA Batteries (4-pack) + Lightning Charging Cable,1
2019-10-18,273961,Lightning Charging Cable,USB-C Charging Cable,Lightning Charging Cable + USB-C Charging Cable,1
2019-10-16,273970,Apple Airpods Headphones,USB-C Charging Cable,Apple Airpods Headphones + USB-C Charging Cable,1
2019-10-17,273980,Lightning Charging Cable,iPhone,Lightning Charging Cable + iPhone,1
2019-10-21,274008,Lightning Charging Cable,iPhone,Lightning Charging Cable + iPhone,1
2019-10-28,274012,Google Phone,USB-C Charging Cable,Google Phone + USB-C Charging Cable,1
2019-10-05,274032,Lightning Charging Cable,Wired Headphones,Lightning Charging Cable + Wired Headphones,1
2019-10-24,274066,Lightning Charging Cable,iPhone,Lightning Charging Cable + iPhone,1
2019-10-29,274097,27in 4K Gaming Monitor,AA Batteries (4-pack),27in 4K Gaming Monitor + AA Batteries (4-pack),1
2019-10-27,274123,27in FHD Monitor,Lightning Charging Cable,27in FHD Monitor + Lightning Charging Cable,1
2019-10-29,274139,USB-C Charging Cable,Vareebadd Phone,USB-C Charging Cable + Vareebadd Phone,1
2019-10-03,274226,Google Phone,Wired Headphones,Google Phone + Wired Headphones,1
2019-10-02,274246,27in FHD Monitor,Lightning Charging Cable,27in FHD Monitor + Lightning Charging Cable,1
2019-10-15,274257,Lightning Charging Cable,iPhone,Lightning Charging Cable + iPhone,1
2019-10-05,274262,Flatscreen TV,USB-C Charging Cable,Flatscreen TV + USB-C Charging Cable,1
2019-10-29,274343,USB-C Charging Cable,Vareebadd Phone,USB-C Charging Cable + Vareebadd Phone,1
2019-10-17,274352,Lightning Charging Cable,iPhone,Lightning Charging Cable + iPhone,1
2019-10-08,274361,Google Phone,USB-C Charging Cable,Google Phone + USB-C Charging Cable,1
2019-10-01,274372,USB-C Charging Cable,Vareebadd Phone,USB-C Charging Cable + Vareebadd Phone,1
2019-10-22,274382,AA Batteries (4-pack),Google Phone,AA Batteries (4-pack) + Google Phone,1
2019-10-22,274382,AA Batteries (4-pack),USB-C Charging Cable,AA Batteries (4-pack) + USB-C Charging Cable,1
2019-10-22,274382,Google Phone,USB-C Charging Cable,Google Phone + USB-C Charging Cable,1
2019-10-19,274405,Google Phone,Wired Headphones,Google Phone + Wired Headphones,1
2019-10-08,274409,Lightning Charging Cable,iPhone,Lightning Charging Cable + iPhone,1
2019-10-14,274427,Apple Airpods Headphones,Lightning Charging Cable,Apple Airpods Headphones + Lightning Charging Cable,1
2019-10-01,274431,USB-C Charging Cable,Wired Headphones,USB-C Charging Cable + Wired Headphones,1
2019-10-07,274444,Google Phone,USB-C Charging Cable,Google Phone + USB-C Charging Cable,1
2019-10-25,274450,Lightning Charging Cable,Wired Headphones,Lightning Charging Cable + Wired Headphones,1
2019-10-25,274450,Lightning Charging Cable,iPhone,Lightning Charging Cable + iPhone,1
2019-10-25,274450,Wired Headphones,iPhone,Wired Headphones + iPhone,1
2019-10-13,274484,USB-C Charging Cable,Vareebadd Phone,USB-C Charging Cable + Vareebadd Phone,1
2019-10-04,274541,Wired Headphones,iPhone,Wired Headphones + iPhone,1
2019-10-25,274551,Apple Airpods Headphones,iPhone,Apple Airpods Headphones + iPhone,1
2019-10-15,274569,34in Ultrawide Monitor,Bose SoundSport Headphones,34in Ultrawide Monitor + Bose SoundSport Headphones,1
2019-10-26,274588,Google Phone,Wired Headphones,Google Phone + Wired Headphones,1
2019-10-01,274594,AA Batteries (4-pack),USB-C Charging Cable,AA Batteries (4-pack) + USB-C Charging Cable,1
2019-10-28,274631,AAA Batteries (4-pack),Apple Airpods Headphones,AAA Batteries (4-pack) + Apple Airpods Headphones,1
2019-10-30,274644,Lightning Charging Cable,iPhone,Lightning Charging Cable + iPhone,1
2019-10-02,274654,AAA Batteries (4-pack),Wired Headphones,AAA Batteries (4-pack) + Wired Headphones,1
2019-10-20,274675,27in 4K Gaming Monitor,Lightning Charging Cable,27in 4K Gaming Monitor + Lightning Charging Cable,1
2019-10-27,274727,Google Phone,USB-C Charging Cable,Google Phone + USB-C Charging Cable,1
2019-10-29,274748,27in 4K Gaming Monitor,AAA Batteries (4-pack),27in 4K Gaming Monitor + AAA Batteries (4-pack),1
2019-10-02,274762,34in Ultrawide Monitor,Macbook Pro Laptop,34in Ultrawide Monitor + Macbook Pro Laptop,1
2019-10-20,274801,27in 4K Gaming Monitor,AAA Batteries (4-pack),27in 4K Gaming Monitor + AAA Batteries (4-pack),1
2019-10-01,274827,USB-C Charging Cable,Vareebadd Phone,USB-C Charging Cable + Vareebadd Phone,1
2019-10-18,274879,AA Batteries (4-pack),USB-C Charging Cable,AA Batteries (4-pack) + USB-C Charging Cable,1
2019-10-27,274885,Bose SoundSport Headphones,Google Phone,Bose SoundSport Headphones + Google Phone,1
2019-10-18,274925,27in 4K Gaming Monitor,Apple Airpods Headphones,27in 4K Gaming Monitor + Apple Airpods Headphones,1
2019-10-03,274938,Wired Headphones,iPhone,Wired Headphones + iPhone,1
2019-10-07,274971,Bose SoundSport Headphones,Google Phone,Bose SoundSport Headphones + Google Phone,1
2019-10-07,274971,Bose SoundSport Headphones,Wired Headphones,Bose SoundSport Headphones + Wired Headphones,1
2019-10-07,274971,Google Phone,Wired Headphones,Google Phone + Wired Headphones,1
2019-10-15,275021,Lightning Charging Cable,iPhone,Lightning Charging Cable + iPhone,1
2019-10-15,275026,AA Batteries (4-pack),Bose SoundSport Headphones,AA Batteries (4-pack) + Bose SoundSport Headphones,1
2019-10-14,275029,AA Batteries (4-pack),USB-C Charging Cable,AA Batteries (4-pack) + USB-C Charging Cable,1
2019-10-13,275032,Google Phone,Wired Headphones,Google Phone + Wired Headphones,1
2019-10-24,275082,27in FHD Monitor,AA Batteries (4-pack),27in FHD Monitor + AA Batteries (4-pack),1
2019-10-24,275164,Google Phone,USB-C Charging Cable,Google Phone + USB-C Charging Cable,1
2019-10-30,275170,Lightning Charging Cable,iPhone,Lightning Charging Cable + iPhone,1
2019-10-10,275199,Google Phone,USB-C Charging Cable,Google Phone + USB-C Charging Cable,1
2019-10-19,275206,USB-C Charging Cable,Vareebadd Phone,USB-C Charging Cable + Vareebadd Phone,1
2019-10-27,275224,Google Phone,USB-C Charging Cable,Google Phone + USB-C Charging Cable,1
2019-10-06,275296,Bose SoundSport Headphones,Google Phone,Bose SoundSport Headphones + Google Phone,1
2019-10-20,275348,Lightning Charging Cable,USB-C Charging Cable,Lightning Charging Cable + USB-C Charging Cable,1
2019-10-26,275364,AAA Batteries (4-pack),Lightning Charging Cable,AAA Batteries (4-pack) + Lightning Charging Cable,1
2019-10-31,275373,Google Phone,Lightning Charging Cable,Google Phone + Lightning Charging Cable,1
2019-10-05,275418,Apple Airpods Headphones,Wired Headphones,Apple Airpods Headphones + Wired Headphones,1
2019-10-27,275456,AA Batteries (4-pack),iPhone,AA Batteries (4-pack) + iPhone,1
2019-10-18,275463,34in Ultrawide Monitor,USB-C Charging Cable,34in Ultrawide Monitor + USB-C Charging Cable,1
2019-10-01,275474,Wired Headphones,iPhone,Wired Headphones + iPhone,1
2019-10-18,275490,Google Phone,USB-C Charging Cable,Google Phone + USB-C Charging Cable,1
2019-10-20,275545,Google Phone,USB-C Charging Cable,Google Phone + USB-C Charging Cable,1
2019-10-20,275545,Google Phone,Wired Headphones,Google Phone + Wired Headphones,1
2019-10-20,275545,USB-C Charging Cable,Wired Headphones,USB-C Charging Cable + Wired Headphones,1
2019-10-05,275554,Wired Headphones,iPhone,Wired Headphones + iPhone,1
2019-10-09,275565,34in Ultrawide Monitor,Lightning Charging Cable,34in Ultrawide Monitor + Lightning Charging Cable,1
2019-10-26,275606,34in Ultrawide Monitor,Lightning Charging Cable,34in Ultrawide Monitor + Lightning Charging Cable,1
2019-10-28,275621,Apple Airpods Headphones,iPhone,Apple Airpods Headphones + iPhone,1
2019-10-24,275627,27in 4K Gaming Monitor,Apple Airpods Headphones,27in 4K Gaming Monitor + Apple Airpods Headphones,1
2019-10-15,275638,Google Phone,Wired Headphones,Google Phone + Wired Headphones,1
2019-10-24,275642,Wired Headphones,iPhone,Wired Headphones + iPhone,1
2019-10-29,275643,Bose SoundSport Headphones,Google Phone,Bose SoundSport Headphones + Google Phone,1
2019-10-25,275647,AA Batteries (4-pack),Wired Headphones,AA Batteries (4-pack) + Wired Headphones,1
2019-10-25,275686,34in Ultrawide Monitor,Lightning Charging Cable,34in Ultrawide Monitor + Lightning Charging Cable,1
2019-10-11,275705,20in Monitor,Wired Headphones,20in Monitor + Wired Headphones,1
2019-10-13,275717,27in 4K Gaming Monitor,USB-C Charging Cable,27in 4K Gaming Monitor + USB-C Charging Cable,1
2019-10-27,275760,Lightning Charging Cable,iPhone,Lightning Charging Cable + iPhone,1
2019-10-19,275780,USB-C Charging Cable,Vareebadd Phone,USB-C Charging Cable + Vareebadd Phone,1
2019-10-08,275790,Apple Airpods Headphones,iPhone,Apple Airpods Headphones + iPhone,1
2019-10-18,275801,27in FHD Monitor,Lightning Charging Cable,27in FHD Monitor + Lightning Charging Cable,1
2019-10-24,275818,Lightning Charging Cable,ThinkPad Laptop,Lightning Charging Cable + ThinkPad Laptop,1
2019-10-05,275910,27in FHD Monitor,Wired Headphones,27in FHD Monitor + Wired Headphones,1
2019-10-31,275921,AA Batteries (4-pack),Lightning Charging Cable,AA Batteries (4-pack) + Lightning Charging Cable,1
2019-10-19,275952,Flatscreen TV,ThinkPad Laptop,Flatscreen TV + ThinkPad Laptop,1
2019-10-22,275959,27in 4K Gaming Monitor,Wired Headphones,27in 4K Gaming Monitor + Wired Headphones,1
2019-10-27,275975,Bose SoundSport Headphones,Google Phone,Bose SoundSport Headphones + Google Phone,1
2019-10-02,275979,USB-C Charging Cable,Vareebadd Phone,USB-C Charging Cable + Vareebadd Phone,1
2019-10-03,276048,Lightning Charging Cable,iPhone,Lightning Charging Cable + iPhone,1
2019-10-06,276079,Lightning Charging Cable,iPhone,Lightning Charging Cable + iPhone,1
2019-10-19,276083,Apple Airpods Headphones,Wired Headphones,Apple Airpods Headphones + Wired Headphones,1
2019-10-19,276083,Apple Airpods Headphones,iPhone,Apple Airpods Headphones + iPhone,1
2019-10-19,276083,Wired Headphones,iPhone,Wired Headphones + iPhone,1
2019-10-16,276132,ThinkPad Laptop,USB-C Charging Cable,ThinkPad Laptop + USB-C Charging Cable,1
2019-10-02,276146,AA Batteries (4-pack),Apple Airpods Headphones,AA Batteries (4-pack) + Apple Airpods Headphones,1
2019-10-21,276225,AAA Batteries (4-pack),Flatscreen TV,AAA Batteries (4-pack) + Flatscreen TV,1
2019-10-01,276238,AAA Batteries (4-pack),LG Dryer,AAA Batteries (4-pack) + LG Dryer,1
2019-10-05,276240,AAA Batteries (4-pack),Bose SoundSport Headphones,AAA Batteries (4-pack) + Bose SoundSport Headphones,1
2019-10-10,276249,Google Phone,USB-C Charging Cable,Google Phone + USB-C Charging Cable,1
2019-10-10,276292,USB-C Charging Cable,Vareebadd Phone,USB-C Charging Cable + Vareebadd Phone,1
2019-10-09,276332,Bose SoundSport Headphones,Lightning Charging Cable,Bose SoundSport Headphones + Lightning Charging Cable,1
2019-10-27,276357,27in FHD Monitor,AAA Batteries (4-pack),27in FHD Monitor + AAA Batteries (4-pack),1
2019-10-11,276427,Bose SoundSport Headphones,Google Phone,Bose SoundSport Headphones + Google Phone,1
2019-10-16,276476,34in Ultrawide Monitor,Flatscreen TV,34in Ultrawide Monitor + Flatscreen TV,1
2019-10-12,276480,Bose SoundSport Headphones,Google Phone,Bose SoundSport Headphones + Google Phone,1
2019-10-11,276515,AA Batteries (4-pack),AAA Batteries (4-pack),AA Batteries (4-pack) + AAA Batteries (4-pack),1
2019-10-15,276537,Bose SoundSport Headphones,Wired Headphones,Bose SoundSport Headphones + Wired Headphones,1
2019-10-05,276573,Apple Airpods Headphones,iPhone,Apple Airpods Headphones + iPhone,1
2019-10-13,276578,Google Phone,Wired Headphones,Google Phone + Wired Headphones,1
2019-10-09,276622,20in Monitor,Wired Headphones,20in Monitor + Wired Headphones,1
2019-10-22,276708,Bose SoundSport Headphones,Google Phone,Bose SoundSport Headphones + Google Phone,1
2019-10-22,276708,Bose SoundSport Headphones,Wired Headphones,Bose SoundSport Headphones + Wired Headphones,1
2019-10-22,276708,Google Phone,Wired Headphones,Google Phone + Wired Headphones,1
2019-10-12,276788,AAA Batteries (4-pack),Wired Headphones,AAA Batteries (4-pack) + Wired Headphones,1
2019-10-16,276839,Apple Airpods Headphones,Wired Headphones,Apple Airpods Headphones + Wired Headphones,1
2019-10-01,276847,AAA Batteries (4-pack),Wired Headphones,AAA Batteries (4-pack) + Wired Headphones,1
2019-10-13,276848,Lightning Charging Cable,iPhone,Lightning Charging Cable + iPhone,1
2019-10-13,276879,27in FHD Monitor,Apple Airpods Headphones,27in FHD Monitor + Apple Airpods Headphones,1
2019-10-27,276887,Lightning Charging Cable,Wired Headphones,Lightning Charging Cable + Wired Headphones,1
2019-10-27,276887,Lightning Charging Cable,iPhone,Lightning Charging Cable + iPhone,1
2019-10-27,276887,Wired Headphones,iPhone,Wired Headphones + iPhone,1
2019-10-01,276893,27in FHD Monitor,AAA Batteries (4-pack),27in FHD Monitor + AAA Batteries (4-pack),1
2019-10-27,276918,Vareebadd Phone,Wired Headphones,Vareebadd Phone + Wired Headphones,1
2019-10-03,276925,Apple Airpods Headphones,Wired Headphones,Apple Airpods Headphones + Wired Headphones,1
2019-10-03,276925,Apple Airpods Headphones,iPhone,Apple Airpods Headphones + iPhone,1
2019-10-03,276925,Wired Headphones,iPhone,Wired Headphones + iPhone,1
2019-10-05,276941,Bose SoundSport Headphones,Lightning Charging Cable,Bose SoundSport Headphones + Lightning Charging Cable,1
2019-10-07,277034,Google Phone,USB-C Charging Cable,Google Phone + USB-C Charging Cable,1
2019-10-25,277061,Bose SoundSport Headphones,Macbook Pro Laptop,Bose SoundSport Headphones + Macbook Pro Laptop,1
2019-10-14,277065,34in Ultrawide Monitor,Wired Headphones,34in Ultrawide Monitor + Wired Headphones,1
2019-10-24,277102,Apple Airpods Headphones,iPhone,Apple Airpods Headphones + iPhone,1
2019-10-29,277105,Google Phone,USB-C Charging Cable,Google Phone + USB-C Charging Cable,1
2019-10-28,277136,34in Ultrawide Monitor,AA Batteries (4-pack),34in Ultrawide Monitor + AA Batteries (4-pack),1
2019-10-10,277147,USB-C Charging Cable,Wired Headphones,USB-C Charging Cable + Wired Headphones,1
2019-10-19,277197,27in FHD Monitor,Wired Headphones,27in FHD Monitor + Wired Headphones,1
2019-10-16,277211,AA Batteries (4-pack),USB-C Charging Cable,AA Batteries (4-pack) + USB-C Charging Cable,1
2019-10-13,277219,Lightning Charging Cable,Wired Headphones,Lightning Charging Cable + Wired Headphones,1
2019-10-22,277244,34in Ultrawide Monitor,AA Batteries (4-pack),34in Ultrawide Monitor + AA Batteries (4-pack),1
2019-10-16,277251,Google Phone,USB-C Charging Cable,Google Phone + USB-C Charging Cable,1
2019-10-05,277269,Lightning Charging Cable,USB-C Charging Cable,Lightning Charging Cable + USB-C Charging Cable,1
2019-10-06,277281,Google Phone,USB-C Charging Cable,Google Phone + USB-C Charging Cable,1
2019-10-24,277311,Google Phone,USB-C Charging Cable,Google Phone + USB-C Charging Cable,1
2019-10-28,277346,AA Batteries (4-pack),Lightning Charging Cable,AA Batteries (4-pack) + Lightning Charging Cable,1
2019-10-29,277349,Google Phone,USB-C Charging Cable,Google Phone + USB-C Charging Cable,1
2019-10-26,277364,Google Phone,USB-C Charging Cable,Google Phone + USB-C Charging Cable,1
2019-10-07,277432,USB-C Charging Cable,Wired Headphones,USB-C Charging Cable + Wired Headphones,1
2019-10-12,277460,Apple Airpods Headphones,iPhone,Apple Airpods Headphones + iPhone,1
2019-10-18,277507,Wired Headphones,iPhone,Wired Headphones + iPhone,1
2019-10-07,277525,Google Phone,USB-C Charging Cable,Google Phone + USB-C Charging Cable,1
2019-10-06,277548,27in 4K Gaming Monitor,LG Dryer,27in 4K Gaming Monitor + LG Dryer,1
2019-10-09,277578,Lightning Charging Cable,Macbook Pro Laptop,Lightning Charging Cable + Macbook Pro Laptop,1
2019-10-02,277585,Bose SoundSport Headphones,Google Phone,Bose SoundSport Headphones + Google Phone,1
2019-10-02,277585,Bose SoundSport Headphones,USB-C Charging Cable,Bose SoundSport Headphones + USB-C Charging Cable,1
2019-10-02,277585,Google Phone,USB-C Charging Cable,Google Phone + USB-C Charging Cable,1
2019-10-08,277586,Google Phone,Wired Headphones,Google Phone + Wired Headphones,1
2019-10-26,277608,Lightning Charging Cable,USB-C Charging Cable,Lightning Charging Cable + USB-C Charging Cable,1
2019-10-12,277621,Apple Airpods Headphones,iPhone,Apple Airpods Headphones + iPhone,1
2019-10-03,277623,Apple Airpods Headphones,USB-C Charging Cable,Apple Airpods Headphones + USB-C Charging Cable,1
2019-10-30,277627,Bose SoundSport Headphones,USB-C Charging Cable,Bose SoundSport Headphones + USB-C Charging Cable,1
2019-10-22,277668,20in Monitor,iPhone,20in Monitor + iPhone,1
2019-10-29,277679,Lightning Charging Cable,iPhone,Lightning Charging Cable + iPhone,1
2019-10-29,277689,Apple Airpods Headphones,Lightning Charging Cable,Apple Airpods Headphones + Lightning Charging Cable,1
2019-10-29,277689,Apple Airpods Headphones,iPhone,Apple Airpods Headphones + iPhone,1
2019-10-29,277689,Lightning Charging Cable,iPhone,Lightning Charging Cable + iPhone,1
2019-10-14,277692,34in Ultrawide Monitor,Bose SoundSport Headphones,34in Ultrawide Monitor + Bose SoundSport Headphones,1
2019-10-17,277793,AA Batteries (4-pack),Wired Headphones,AA Batteries (4-pack) + Wired Headphones,1
2019-10-26,277859,Wired Headphones,iPhone,Wired Headphones + iPhone,1
2019-10-01,277875,Google Phone,USB-C Charging Cable,Google Phone + USB-C Charging Cable,1
2019-10-01,277875,Google Phone,Wired Headphones,Google Phone + Wired Headphones,1
2019-10-01,277875,Google Phone,iPhone,Google Phone + iPhone,1
2019-10-01,277875,USB-C Charging Cable,Wired Headphones,USB-C Charging Cable + Wired Headphones,1
2019-10-01,277875,USB-C Charging Cable,iPhone,USB-C Charging Cable + iPhone,1
2019-10-01,277875,Wired Headphones,iPhone,Wired Headphones + iPhone,1
2019-10-07,277895,20in Monitor,USB-C Charging Cable,20in Monitor + USB-C Charging Cable,1
2019-10-10,278068,Lightning Charging Cable,Wired Headphones,Lightning Charging Cable + Wired Headphones,1
2019-10-10,278068,Lightning Charging Cable,iPhone,Lightning Charging Cable + iPhone,1
2019-10-10,278068,Wired Headphones,iPhone,Wired Headphones + iPhone,1
2019-10-13,278119,20in Monitor,AA Batteries (4-pack),20in Monitor + AA Batteries (4-pack),1
2019-10-02,278126,Apple Airpods Headphones,Wired Headphones,Apple Airpods Headphones + Wired Headphones,1
2019-10-02,278126,Apple Airpods Headphones,iPhone,Apple Airpods Headphones + iPhone,1
2019-10-02,278126,Wired Headphones,iPhone,Wired Headphones + iPhone,1
2019-10-03,278135,Apple Airpods Headphones,iPhone,Apple Airpods Headphones + iPhone,1
2019-10-27,278137,Google Phone,ThinkPad Laptop,Google Phone + ThinkPad Laptop,1
2019-10-19,278158,Google Phone,USB-C Charging Cable,Google Phone + USB-C Charging Cable,1
2019-10-24,278168,Lightning Charging Cable,Macbook Pro Laptop,Lightning Charging Cable + Macbook Pro Laptop,1
2019-10-07,278169,Google Phone,USB-C Charging Cable,Google Phone + USB-C Charging Cable,1
2019-10-07,278169,Google Phone,Wired Headphones,Google Phone + Wired Headphones,1
2019-10-07,278169,USB-C Charging Cable,Wired Headphones,USB-C Charging Cable + Wired Headphones,1
2019-10-06,278176,27in FHD Monitor,USB-C Charging Cable,27in FHD Monitor + USB-C Charging Cable,1
2019-10-09,278196,Bose SoundSport Headphones,Google Phone,Bose SoundSport Headphones + Google Phone,1
2019-10-09,278235,Google Phone,USB-C Charging Cable,Google Phone + USB-C Charging Cable,1
2019-10-02,278256,Google Phone,USB-C Charging Cable,Google Phone + USB-C Charging Cable,1
2019-10-22,278279,27in 4K Gaming Monitor,Lightning Charging Cable,27in 4K Gaming Monitor + Lightning Charging Cable,1
2019-10-03,278308,Google Phone,USB-C Charging Cable,Google Phone + USB-C Charging Cable,1
2019-10-23,278312,Lightning Charging Cable,iPhone,Lightning Charging Cable + iPhone,1
2019-10-01,278314,Apple Airpods Headphones,Lightning Charging Cable,Apple Airpods Headphones + Lightning Charging Cable,1
2019-10-14,278322,27in 4K Gaming Monitor,Lightning Charging Cable,27in 4K Gaming Monitor + Lightning Charging Cable,1
2019-10-26,278326,Google Phone,USB-C Charging Cable,Google Phone + USB-C Charging Cable,1
2019-10-23,278373,Lightning Charging Cable,Wired Headphones,Lightning Charging Cable + Wired Headphones,1
2019-10-08,278387,Lightning Charging Cable,iPhone,Lightning Charging Cable + iPhone,1
2019-10-14,278415,AAA Batteries (4-pack),iPhone,AAA Batteries (4-pack) + iPhone,1
2019-10-24,278424,AA Batteries (4-pack),Wired Headphones,AA Batteries (4-pack) + Wired Headphones,1
2019-10-24,278445,Bose SoundSport Headphones,Vareebadd Phone,Bose SoundSport Headphones + Vareebadd Phone,1
2019-10-06,278481,Apple Airpods Headphones,Bose SoundSport Headphones,Apple Airpods Headphones + Bose SoundSport Headphones,1
2019-10-08,278563,Google Phone,USB-C Charging Cable,Google Phone + USB-C Charging Cable,1
2019-10-13,278596,20in Monitor,Lightning Charging Cable,20in Monitor + Lightning Charging Cable,1
2019-10-31,278653,Lightning Charging Cable,iPhone,Lightning Charging Cable + iPhone,1
2019-10-21,278697,27in 4K Gaming Monitor,Wired Headphones,27in 4K Gaming Monitor + Wired Headphones,1
2019-10-07,278706,Google Phone,USB-C Charging Cable,Google Phone + USB-C Charging Cable,1
2019-10-13,278710,27in FHD Monitor,USB-C Charging Cable,27in FHD Monitor + USB-C Charging Cable,1
2019-10-13,278718,Bose SoundSport Headphones,USB-C Charging Cable,Bose SoundSport Headphones + USB-C Charging Cable,1
2019-11-19,278806,Bose SoundSport Headphones,ThinkPad Laptop,Bose SoundSport Headphones + ThinkPad Laptop,1
2019-11-06,278811,Apple Airpods Headphones,Wired Headphones,Apple Airpods Headphones + Wired Headphones,1
2019-11-04,278819,Apple Airpods Headphones,iPhone,Apple Airpods Headphones + iPhone,1
2019-11-04,278833,Lightning Charging Cable,iPhone,Lightning Charging Cable + iPhone,1
2019-11-23,278840,27in FHD Monitor,Bose SoundSport Headphones,27in FHD Monitor + Bose SoundSport Headphones,1
2019-11-30,278857,AAA Batteries (4-pack),USB-C Charging Cable,AAA Batteries (4-pack) + USB-C Charging Cable,1
2019-11-23,278940,AAA Batteries (4-pack),Apple Airpods Headphones,AAA Batteries (4-pack) + Apple Airpods Headphones,1
2019-11-14,278944,Bose SoundSport Headphones,Google Phone,Bose SoundSport Headphones + Google Phone,1
2019-11-19,278946,Lightning Charging Cable,Wired Headphones,Lightning Charging Cable + Wired Headphones,1
2019-11-19,278946,Lightning Charging Cable,iPhone,Lightning Charging Cable + iPhone,1
2019-11-19,278946,Wired Headphones,iPhone,Wired Headphones + iPhone,1
2019-11-21,278970,Google Phone,USB-C Charging Cable,Google Phone + USB-C Charging Cable,1
2019-11-16,279005,Lightning Charging Cable,Wired Headphones,Lightning Charging Cable + Wired Headphones,1
2019-11-01,279068,AAA Batteries (4-pack),Flatscreen TV,AAA Batteries (4-pack) + Flatscreen TV,1
2019-11-27,279162,Lightning Charging Cable,iPhone,Lightning Charging Cable + iPhone,1
2019-11-18,279175,AAA Batteries (4-pack),Apple Airpods Headphones,AAA Batteries (4-pack) + Apple Airpods Headphones,1
2019-11-25,279258,Apple Airpods Headphones,Wired Headphones,Apple Airpods Headphones + Wired Headphones,1
2019-11-25,279258,Apple Airpods Headphones,iPhone,Apple Airpods Headphones + iPhone,1
2019-11-25,279258,Wired Headphones,iPhone,Wired Headphones + iPhone,1
2019-11-27,279274,AA Batteries (4-pack),Wired Headphones,AA Batteries (4-pack) + Wired Headphones,1
2019-11-24,279288,34in Ultrawide Monitor,Wired Headphones,34in Ultrawide Monitor + Wired Headphones,1
2019-11-21,279316,Vareebadd Phone,Wired Headphones,Vareebadd Phone + Wired Headphones,1
2019-11-25,279320,USB-C Charging Cable,Vareebadd Phone,USB-C Charging Cable + Vareebadd Phone,1
2019-11-22,279338,Google Phone,USB-C Charging Cable,Google Phone + USB-C Charging Cable,1
2019-11-16,279387,27in FHD Monitor,AA Batteries (4-pack),27in FHD Monitor + AA Batteries (4-pack),1
2019-11-06,279398,AAA Batteries (4-pack),Apple Airpods Headphones,AAA Batteries (4-pack) + Apple Airpods Headphones,1
2019-11-07,279475,Apple Airpods Headphones,iPhone,Apple Airpods Headphones + iPhone,1
2019-11-11,279478,Lightning Charging Cable,USB-C Charging Cable,Lightning Charging Cable + USB-C Charging Cable,1
2019-11-21,279504,USB-C Charging Cable,Vareebadd Phone,USB-C Charging Cable + Vareebadd Phone,1
2019-11-14,279536,Google Phone,Wired Headphones,Google Phone + Wired Headphones,1
2019-11-19,279573,27in FHD Monitor,Lightning Charging Cable,27in FHD Monitor + Lightning Charging Cable,1
2019-11-01,279595,Google Phone,USB-C Charging Cable,Google Phone + USB-C Charging Cable,1
2019-11-20,279605,Apple Airpods Headphones,USB-C Charging Cable,Apple Airpods Headphones + USB-C Charging Cable,1
2019-11-26,279632,Lightning Charging Cable,iPhone,Lightning Charging Cable + iPhone,1
2019-11-19,279686,Wired Headphones,iPhone,Wired Headphones + iPhone,1
2019-11-16,279706,Lightning Charging Cable,Macbook Pro Laptop,Lightning Charging Cable + Macbook Pro Laptop,1
2019-11-04,279711,Apple Airpods Headphones,Lightning Charging Cable,Apple Airpods Headphones + Lightning Charging Cable,1
2019-11-04,279711,Apple Airpods Headphones,iPhone,Apple Airpods Headphones + iPhone,1
2019-11-04,279711,Lightning Charging Cable,iPhone,Lightning Charging Cable + iPhone,1
2019-11-11,279716,27in 4K Gaming Monitor,Wired Headphones,27in 4K Gaming Monitor + Wired Headphones,1
2019-11-14,279719,AA Batteries (4-pack),Lightning Charging Cable,AA Batteries (4-pack) + Lightning Charging Cable,1
2019-11-06,279746,USB-C Charging Cable,Wired Headphones,USB-C Charging Cable + Wired Headphones,1
2019-11-15,279827,AA Batteries (4-pack),Apple Airpods Headphones,AA Batteries (4-pack) + Apple Airpods Headphones,1
2019-11-09,279836,AAA Batteries (4-pack),Bose SoundSport Headphones,AAA Batteries (4-pack) + Bose SoundSport Headphones,1
2019-11-05,279861,Google Phone,USB-C Charging Cable,Google Phone + USB-C Charging Cable,1
2019-11-24,279862,AAA Batteries (4-pack),ThinkPad Laptop,AAA Batteries (4-pack) + ThinkPad Laptop,1
2019-11-01,279874,AA Batteries (4-pack),Wired Headphones,AA Batteries (4-pack) + Wired Headphones,1
2019-11-21,279883,20in Monitor,USB-C Charging Cable,20in Monitor + USB-C Charging Cable,1
2019-11-23,279893,Google Phone,USB-C Charging Cable,Google Phone + USB-C Charging Cable,1
2019-11-13,279952,27in FHD Monitor,Bose SoundSport Headphones,27in FHD Monitor + Bose SoundSport Headphones,1
2019-11-11,279974,Wired Headphones,iPhone,Wired Headphones + iPhone,1
2019-11-30,279988,Bose SoundSport Headphones,Google Phone,Bose SoundSport Headphones + Google Phone,1
2019-11-30,279988,Bose SoundSport Headphones,Wired Headphones,Bose SoundSport Headphones + Wired Headphones,1
2019-11-30,279988,Google Phone,Wired Headphones,Google Phone + Wired Headphones,1
2019-11-27,280053,USB-C Charging Cable,Vareebadd Phone,USB-C Charging Cable + Vareebadd Phone,1
2019-11-18,280055,Lightning Charging Cable,iPhone,Lightning Charging Cable + iPhone,1
2019-11-02,280142,Lightning Charging Cable,iPhone,Lightning Charging Cable + iPhone,1
2019-11-09,280249,Google Phone,USB-C Charging Cable,Google Phone + USB-C Charging Cable,1
2019-11-03,280317,20in Monitor,AA Batteries (4-pack),20in Monitor + AA Batteries (4-pack),1
2019-11-21,280386,Vareebadd Phone,Wired Headphones,Vareebadd Phone + Wired Headphones,1
2019-11-10,280404,Bose SoundSport Headphones,Flatscreen TV,Bose SoundSport Headphones + Flatscreen TV,1
2019-11-16,280479,AA Batteries (4-pack),USB-C Charging Cable,AA Batteries (4-pack) + USB-C Charging Cable,1
2019-11-06,280506,Apple Airpods Headphones,iPhone,Apple Airpods Headphones + iPhone,1
2019-11-11,280511,Wired Headphones,iPhone,Wired Headphones + iPhone,1
2019-11-28,280521,USB-C Charging Cable,Vareebadd Phone,USB-C Charging Cable + Vareebadd Phone,1
2019-11-06,280592,AAA Batteries (4-pack),Wired Headphones,AAA Batteries (4-pack) + Wired Headphones,1
2019-11-26,280640,Vareebadd Phone,Wired Headphones,Vareebadd Phone + Wired Headphones,1
2019-11-27,280647,Apple Airpods Headphones,Lightning Charging Cable,Apple Airpods Headphones + Lightning Charging Cable,1
2019-11-27,280647,Apple Airpods Headphones,iPhone,Apple Airpods Headphones + iPhone,1
2019-11-27,280647,Lightning Charging Cable,iPhone,Lightning Charging Cable + iPhone,1
2019-11-22,280649,AA Batteries (4-pack),Apple Airpods Headphones,AA Batteries (4-pack) + Apple Airpods Headphones,1
2019-11-26,280681,Lightning Charging Cable,Wired Headphones,Lightning Charging Cable + Wired Headphones,1
2019-11-26,280681,Lightning Charging Cable,iPhone,Lightning Charging Cable + iPhone,1
2019-11-26,280681,Wired Headphones,iPhone,Wired Headphones + iPhone,1
2019-11-12,280740,Apple Airpods Headphones,iPhone,Apple Airpods Headphones + iPhone,1
2019-11-21,280764,AAA Batteries (4-pack),Wired Headphones,AAA Batteries (4-pack) + Wired Headphones,1
2019-11-05,280769,20in Monitor,27in FHD Monitor,20in Monitor + 27in FHD Monitor,1
2019-11-18,280783,Lightning Charging Cable,iPhone,Lightning Charging Cable + iPhone,1
2019-11-03,280851,USB-C Charging Cable,Wired Headphones,USB-C Charging Cable + Wired Headphones,1
2019-11-06,280883,AA Batteries (4-pack),Lightning Charging Cable,AA Batteries (4-pack) + Lightning Charging Cable,1
2019-11-24,280903,Google Phone,Wired Headphones,Google Phone + Wired Headphones,1
2019-11-10,280935,AAA Batteries (4-pack),USB-C Charging Cable,AAA Batteries (4-pack) + USB-C Charging Cable,1
2019-11-10,280999,27in FHD Monitor,Google Phone,27in FHD Monitor + Google Phone,1
2019-11-02,281012,Bose SoundSport Headphones,Google Phone,Bose SoundSport Headphones + Google Phone,1
2019-11-22,281037,USB-C Charging Cable,iPhone,USB-C Charging Cable + iPhone,1
2019-11-28,281102,AAA Batteries (4-pack),Apple Airpods Headphones,AAA Batteries (4-pack) + Apple Airpods Headphones,1
2019-11-28,281102,AAA Batteries (4-pack),iPhone,AAA Batteries (4-pack) + iPhone,1
2019-11-28,281102,Apple Airpods Headphones,iPhone,Apple Airpods Headphones + iPhone,1
2019-11-29,281110,Apple Airpods Headphones,iPhone,Apple Airpods Headphones + iPhone,1
2019-11-20,281116,Lightning Charging Cable,iPhone,Lightning Charging Cable + iPhone,1
2019-11-14,281166,USB-C Charging Cable,Vareebadd Phone,USB-C Charging Cable + Vareebadd Phone,1
2019-11-25,281179,Lightning Charging Cable,iPhone,Lightning Charging Cable + iPhone,1
2019-11-15,281384,AA Batteries (4-pack),iPhone,AA Batteries (4-pack) + iPhone,1
2019-11-28,281402,Google Phone,Wired Headphones,Google Phone + Wired Headphones,1
2019-11-08,281414,Google Phone,USB-C Charging Cable,Google Phone + USB-C Charging Cable,1
2019-11-06,281416,Bose SoundSport Headphones,Google Phone,Bose SoundSport Headphones + Google Phone,1
2019-11-08,281436,Wired Headphones,iPhone,Wired Headphones + iPhone,1
2019-11-26,281497,Apple Airpods Headphones,iPhone,Apple Airpods Headphones + iPhone,1
2019-11-11,281515,Apple Airpods Headphones,iPhone,Apple Airpods Headphones + iPhone,1
2019-11-12,281520,Lightning Charging Cable,iPhone,Lightning Charging Cable + iPhone,1
2019-11-28,281536,USB-C Charging Cable,Wired Headphones,USB-C Charging Cable + Wired Headphones,1
2019-11-13,281590,Wired Headphones,iPhone,Wired Headphones + iPhone,1
2019-11-13,281635,Lightning Charging Cable,iPhone,Lightning Charging Cable + iPhone,1
2019-11-18,281649,AAA Batteries (4-pack),Apple Airpods Headphones,AAA Batteries (4-pack) + Apple Airpods Headphones,1
2019-11-12,281672,Lightning Charging Cable,Wired Headphones,Lightning Charging Cable + Wired Headphones,1
2019-11-12,281672,Lightning Charging Cable,iPhone,Lightning Charging Cable + iPhone,1
2019-11-12,281672,Wired Headphones,iPhone,Wired Headphones + iPhone,1
2019-11-16,281676,Google Phone,USB-C Charging Cable,Google Phone + USB-C Charging Cable,1
2019-11-20,281680,Lightning Charging Cable,iPhone,Lightning Charging Cable + iPhone,1
2019-11-04,281690,USB-C Charging Cable,Wired Headphones,USB-C Charging Cable + Wired Headphones,1
2019-11-20,281692,Lightning Charging Cable,iPhone,Lightning Charging Cable + iPhone,1
2019-11-27,281700,USB-C Charging Cable,Vareebadd Phone,USB-C Charging Cable + Vareebadd Phone,1
2019-11-22,281717,Apple Airpods Headphones,iPhone,Apple Airpods Headphones + iPhone,1
2019-11-24,281728,Google Phone,USB-C Charging Cable,Google Phone + USB-C Charging Cable,1
2019-11-24,281728,Google Phone,Wired Headphones,Google Phone + Wired Headphones,1
2019-11-24,281728,USB-C Charging Cable,Wired Headphones,USB-C Charging Cable + Wired Headphones,1
2019-11-23,281743,AA Batteries (4-pack),Wired Headphones,AA Batteries (4-pack) + Wired Headphones,1
2019-11-21,281961,Lightning Charging Cable,iPhone,Lightning Charging Cable + iPhone,1
2019-11-02,282079,Wired Headphones,iPhone,Wired Headphones + iPhone,1
2019-11-24,282100,Google Phone,Wired Headphones,Google Phone + Wired Headphones,1
2019-11-19,282105,Lightning Charging Cable,iPhone,Lightning Charging Cable + iPhone,1
2019-11-25,282114,27in 4K Gaming Monitor,Lightning Charging Cable,27in 4K Gaming Monitor + Lightning Charging Cable,1
2019-11-29,282142,AA Batteries (4-pack),Flatscreen TV,AA Batteries (4-pack) + Flatscreen TV,1
2019-11-01,282170,USB-C Charging Cable,Vareebadd Phone,USB-C Charging Cable + Vareebadd Phone,1
2019-11-27,282194,Bose SoundSport Headphones,Google Phone,Bose SoundSport Headphones + Google Phone,1
2019-11-12,282205,Wired Headphones,iPhone,Wired Headphones + iPhone,1
2019-11-26,282244,Lightning Charging Cable,iPhone,Lightning Charging Cable + iPhone,1
2019-11-03,282247,Lightning Charging Cable,iPhone,Lightning Charging Cable + iPhone,1
2019-11-04,282250,Lightning Charging Cable,USB-C Charging Cable,Lightning Charging Cable + USB-C Charging Cable,1
2019-11-25,282281,AA Batteries (4-pack),Lightning Charging Cable,AA Batteries (4-pack) + Lightning Charging Cable,1
2019-11-15,282283,Google Phone,iPhone,Google Phone + iPhone,1
2019-11-25,282303,27in 4K Gaming Monitor,Lightning Charging Cable,27in 4K Gaming Monitor + Lightning Charging Cable,1
2019-11-03,282307,Bose SoundSport Headphones,USB-C Charging Cable,Bose SoundSport Headphones + USB-C Charging Cable,1
2019-11-03,282307,Bose SoundSport Headphones,Vareebadd Phone,Bose SoundSport Headphones + Vareebadd Phone,1
2019-11-03,282307,USB-C Charging Cable,Vareebadd Phone,USB-C Charging Cable + Vareebadd Phone,1
2019-11-07,282309,Google Phone,USB-C Charging Cable,Google Phone + USB-C Charging Cable,1
2019-11-25,282312,AA Batteries (4-pack),Lightning Charging Cable,AA Batteries (4-pack) + Lightning Charging Cable,1
2019-11-24,282320,Lightning Charging Cable,iPhone,Lightning Charging Cable + iPhone,1
2019-11-02,282406,Google Phone,USB-C Charging Cable,Google Phone + USB-C Charging Cable,1
2019-11-02,282406,Google Phone,Wired Headphones,Google Phone + Wired Headphones,1
2019-11-02,282406,USB-C Charging Cable,Wired Headphones,USB-C Charging Cable + Wired Headphones,1
2019-11-30,282464,Macbook Pro Laptop,USB-C Charging Cable,Macbook Pro Laptop + USB-C Charging Cable,1
2019-11-09,282470,Apple Airpods Headphones,iPhone,Apple Airpods Headphones + iPhone,1
2019-11-01,282476,USB-C Charging Cable,Vareebadd Phone,USB-C Charging Cable + Vareebadd Phone,1
2019-11-24,282529,27in FHD Monitor,AAA Batteries (4-pack),27in FHD Monitor + AAA Batteries (4-pack),1
2019-11-23,282570,27in FHD Monitor,USB-C Charging Cable,27in FHD Monitor + USB-C Charging Cable,1
2019-11-06,282582,Bose SoundSport Headphones,Google Phone,Bose SoundSport Headphones + Google Phone,1
2019-11-25,282596,Google Phone,USB-C Charging Cable,Google Phone + USB-C Charging Cable,1
2019-11-06,282599,Wired Headphones,iPhone,Wired Headphones + iPhone,1
2019-11-16,282632,Bose SoundSport Headphones,Vareebadd Phone,Bose SoundSport Headphones + Vareebadd Phone,1
2019-11-05,282645,27in FHD Monitor,Macbook Pro Laptop,27in FHD Monitor + Macbook Pro Laptop,1
2019-11-29,282648,Wired Headphones,iPhone,Wired Headphones + iPhone,1
2019-11-21,282656,Bose SoundSport Headphones,Google Phone,Bose SoundSport Headphones + Google Phone,1
2019-11-02,282662,34in Ultrawide Monitor,AAA Batteries (4-pack),34in Ultrawide Monitor + AAA Batteries (4-pack),1
2019-11-17,282689,Lightning Charging Cable,iPhone,Lightning Charging Cable + iPhone,1
2019-11-14,282726,Flatscreen TV,Google Phone,Flatscreen TV + Google Phone,1
2019-11-14,282755,Google Phone,USB-C Charging Cable,Google Phone + USB-C Charging Cable,1
2019-11-23,282787,USB-C Charging Cable,Vareebadd Phone,USB-C Charging Cable + Vareebadd Phone,1
2019-11-23,282799,Google Phone,USB-C Charging Cable,Google Phone + USB-C Charging Cable,1
2019-11-01,282819,Lightning Charging Cable,iPhone,Lightning Charging Cable + iPhone,1
2019-11-02,282830,Lightning Charging Cable,iPhone,Lightning Charging Cable + iPhone,1
2019-11-27,282845,Apple Airpods Headphones,iPhone,Apple Airpods Headphones + iPhone,1
2019-11-22,282890,AAA Batteries (4-pack),Lightning Charging Cable,AAA Batteries (4-pack) + Lightning Charging Cable,1
2019-11-02,282926,AAA Batteries (4-pack),ThinkPad Laptop,AAA Batteries (4-pack) + ThinkPad Laptop,1
2019-11-16,282940,Lightning Charging Cable,iPhone,Lightning Charging Cable + iPhone,1
2019-11-29,283005,Google Phone,USB-C Charging Cable,Google Phone + USB-C Charging Cable,1
2019-11-02,283016,AA Batteries (4-pack),Lightning Charging Cable,AA Batteries (4-pack) + Lightning Charging Cable,1
2019-11-02,283016,AA Batteries (4-pack),iPhone,AA Batteries (4-pack) + iPhone,1
2019-11-02,283016,Lightning Charging Cable,iPhone,Lightning Charging Cable + iPhone,1
2019-11-06,283047,27in FHD Monitor,ThinkPad Laptop,27in FHD Monitor + ThinkPad Laptop,1
2019-11-09,283100,Google Phone,USB-C Charging Cable,Google Phone + USB-C Charging Cable,1
2019-11-07,283232,AAA Batteries (4-pack),USB-C Charging Cable,AAA Batteries (4-pack) + USB-C Charging Cable,1
2019-11-05,283248,Lightning Charging Cable,iPhone,Lightning Charging Cable + iPhone,1
2019-11-02,283253,Google Phone,USB-C Charging Cable,Google Phone + USB-C Charging Cable,1
2019-11-11,283275,Google Phone,USB-C Charging Cable,Google Phone + USB-C Charging Cable,1
2019-11-16,283278,Apple Airpods Headphones,Lightning Charging Cable,Apple Airpods Headphones + Lightning Charging Cable,1
2019-11-01,283298,Google Phone,USB-C Charging Cable,Google Phone + USB-C Charging Cable,1
2019-11-05,283315,AAA Batteries (4-pack),Lightning Charging Cable,AAA Batteries (4-pack) + Lightning Charging Cable,1
2019-11-20,283318,Google Phone,USB-C Charging Cable,Google Phone + USB-C Charging Cable,1
2019-11-08,283336,Bose SoundSport Headphones,Google Phone,Bose SoundSport Headphones + Google Phone,1
2019-11-18,283344,Google Phone,USB-C Charging Cable,Google Phone + USB-C Charging Cable,1
2019-11-29,283466,Lightning Charging Cable,iPhone,Lightning Charging Cable + iPhone,1
2019-11-21,283516,AA Batteries (4-pack),Apple Airpods Headphones,AA Batteries (4-pack) + Apple Airpods Headphones,1
2019-11-28,283522,AA Batteries (4-pack),Apple Airpods Headphones,AA Batteries (4-pack) + Apple Airpods Headphones,1
2019-11-28,283544,20in Monitor,AAA Batteries (4-pack),20in Monitor + AAA Batteries (4-pack),1
2019-11-05,283546,AA Batteries (4-pack),iPhone,AA Batteries (4-pack) + iPhone,1
2019-11-24,283561,Google Phone,USB-C Charging Cable,Google Phone + USB-C Charging Cable,1
2019-11-21,283562,Google Phone,Wired Headphones,Google Phone + Wired Headphones,1
2019-11-28,283577,Google Phone,USB-C Charging Cable,Google Phone + USB-C Charging Cable,1
2019-11-28,283577,Google Phone,Wired Headphones,Google Phone + Wired Headphones,1
2019-11-28,283577,USB-C Charging Cable,Wired Headphones,USB-C Charging Cable + Wired Headphones,1
2019-11-16,283582,Wired Headphones,iPhone,Wired Headphones + iPhone,1
2019-11-29,283585,27in FHD Monitor,Wired Headphones,27in FHD Monitor + Wired Headphones,1
2019-11-17,283613,AA Batteries (4-pack),Macbook Pro Laptop,AA Batteries (4-pack) + Macbook Pro Laptop,1
2019-11-26,283622,Flatscreen TV,USB-C Charging Cable,Flatscreen TV + USB-C Charging Cable,1
2019-11-13,283623,AAA Batteries (4-pack),Wired Headphones,AAA Batteries (4-pack) + Wired Headphones,1
2019-11-22,283650,AA Batteries (4-pack),Apple Airpods Headphones,AA Batteries (4-pack) + Apple Airpods Headphones,1
2019-11-30,283681,20in Monitor,Bose SoundSport Headphones,20in Monitor + Bose SoundSport Headphones,1
2019-11-09,283683,Apple Airpods Headphones,Lightning Charging Cable,Apple Airpods Headphones + Lightning Charging Cable,1
2019-11-09,283683,Apple Airpods Headphones,iPhone,Apple Airpods Headphones + iPhone,1
2019-11-09,283683,Lightning Charging Cable,iPhone,Lightning Charging Cable + iPhone,1
2019-11-10,283749,Apple Airpods Headphones,Lightning Charging Cable,Apple Airpods Headphones + Lightning Charging Cable,1
2019-11-21,283752,Apple Airpods Headphones,iPhone,Apple Airpods Headphones + iPhone,1
2019-11-24,283798,Macbook Pro Laptop,Wired Headphones,Macbook Pro Laptop + Wired Headphones,1
2019-11-06,283821,Macbook Pro Laptop,USB-C Charging Cable,Macbook Pro Laptop + USB-C Charging Cable,1
2019-11-23,283853,USB-C Charging Cable,Vareebadd Phone,USB-C Charging Cable + Vareebadd Phone,1
2019-11-20,283868,Google Phone,USB-C Charging Cable,Google Phone + USB-C Charging Cable,1
2019-11-21,283948,Apple Airpods Headphones,USB-C Charging Cable,Apple Airpods Headphones + USB-C Charging Cable,1
2019-11-04,283991,Flatscreen TV,iPhone,Flatscreen TV + iPhone,1
2019-11-17,284012,Google Phone,USB-C Charging Cable,Google Phone + USB-C Charging Cable,1
2019-11-27,284035,AA Batteries (4-pack),Bose SoundSport Headphones,AA Batteries (4-pack) + Bose SoundSport Headphones,1
2019-11-15,284057,Google Phone,USB-C Charging Cable,Google Phone + USB-C Charging Cable,1
2019-11-02,284064,AAA Batteries (4-pack),Bose SoundSport Headphones,AAA Batteries (4-pack) + Bose SoundSport Headphones,1
2019-11-17,284077,AAA Batteries (4-pack),USB-C Charging Cable,AAA Batteries (4-pack) + USB-C Charging Cable,1
2019-11-12,284097,Lightning Charging Cable,Wired Headphones,Lightning Charging Cable + Wired Headphones,1
2019-11-12,284124,Google Phone,Wired Headphones,Google Phone + Wired Headphones,1
2019-11-21,284126,34in Ultrawide Monitor,USB-C Charging Cable,34in Ultrawide Monitor + USB-C Charging Cable,1
2019-11-10,284139,Google Phone,USB-C Charging Cable,Google Phone + USB-C Charging Cable,1
2019-11-24,284191,Google Phone,Wired Headphones,Google Phone + Wired Headphones,1
2019-11-22,284220,27in FHD Monitor,AAA Batteries (4-pack),27in FHD Monitor + AAA Batteries (4-pack),1
2019-11-10,284318,Lightning Charging Cable,USB-C Charging Cable,Lightning Charging Cable + USB-C Charging Cable,1
2019-11-20,284340,AAA Batteries (4-pack),Macbook Pro Laptop,AAA Batteries (4-pack) + Macbook Pro Laptop,1
2019-11-20,284348,Lightning Charging Cable,iPhone,Lightning Charging Cable + iPhone,1
2019-11-05,284352,Lightning Charging Cable,iPhone,Lightning Charging Cable + iPhone,1
2019-11-12,284353,Lightning Charging Cable,iPhone,Lightning Charging Cable + iPhone,1
2019-11-20,284355,AAA Batteries (4-pack),Bose SoundSport Headphones,AAA Batteries (4-pack) + Bose SoundSport Headphones,1
2019-11-20,284362,Google Phone,USB-C Charging Cable,Google Phone + USB-C Charging Cable,1
2019-11-14,284485,Lightning Charging Cable,Wired Headphones,Lightning Charging Cable + Wired Headphones,1
2019-11-14,284485,Lightning Charging Cable,iPhone,Lightning Charging Cable + iPhone,1
2019-11-14,284485,Wired Headphones,iPhone,Wired Headphones + iPhone,1
2019-11-28,284488,AA Batteries (4-pack),Apple Airpods Headphones,AA Batteries (4-pack) + Apple Airpods Headphones,1
2019-11-25,284489,AAA Batteries (4-pack),iPhone,AAA Batteries (4-pack) + iPhone,1
2019-11-15,284501,Macbook Pro Laptop,USB-C Charging Cable,Macbook Pro Laptop + USB-C Charging Cable,1
2019-11-19,284508,AAA Batteries (4-pack),Wired Headphones,AAA Batteries (4-pack) + Wired Headphones,1
2019-11-07,284550,Google Phone,USB-C Charging Cable,Google Phone + USB-C Charging Cable,1
2019-11-14,284568,Apple Airpods Headphones,iPhone,Apple Airpods Headphones + iPhone,1
2019-11-19,284576,Google Phone,USB-C Charging Cable,Google Phone + USB-C Charging Cable,1
2019-11-25,284579,Lightning Charging Cable,iPhone,Lightning Charging Cable + iPhone,1
2019-11-23,284609,AA Batteries (4-pack),AAA Batteries (4-pack),AA Batteries (4-pack) + AAA Batteries (4-pack),1
2019-11-04,284630,Lightning Charging Cable,iPhone,Lightning Charging Cable + iPhone,1
2019-11-07,284648,Lightning Charging Cable,iPhone,Lightning Charging Cable + iPhone,1
2019-11-17,284670,Google Phone,Wired Headphones,Google Phone + Wired Headphones,1
2019-11-11,284728,20in Monitor,Apple Airpods Headphones,20in Monitor + Apple Airpods Headphones,1
2019-11-07,284742,Google Phone,USB-C Charging Cable,Google Phone + USB-C Charging Cable,1
2019-11-14,284761,AA Batteries (4-pack),USB-C Charging Cable,AA Batteries (4-pack) + USB-C Charging Cable,1
2019-11-06,284811,27in 4K Gaming Monitor,AAA Batteries (4-pack),27in 4K Gaming Monitor + AAA Batteries (4-pack),1
2019-11-01,284825,Google Phone,USB-C Charging Cable,Google Phone + USB-C Charging Cable,1
2019-11-16,284885,Flatscreen TV,USB-C Charging Cable,Flatscreen TV + USB-C Charging Cable,1
2019-11-11,284907,Apple Airpods Headphones,ThinkPad Laptop,Apple Airpods Headphones + ThinkPad Laptop,1
2019-11-05,284916,27in FHD Monitor,AAA Batteries (4-pack),27in FHD Monitor + AAA Batteries (4-pack),1
2019-11-30,284928,Lightning Charging Cable,iPhone,Lightning Charging Cable + iPhone,1
2019-11-04,284949,Lightning Charging Cable,iPhone,Lightning Charging Cable + iPhone,1
2019-11-09,284968,Google Phone,USB-C Charging Cable,Google Phone + USB-C Charging Cable,1
2019-11-17,285060,Bose SoundSport Headphones,Lightning Charging Cable,Bose SoundSport Headphones + Lightning Charging Cable,1
2019-11-21,285063,AA Batteries (4-pack),AAA Batteries (4-pack),AA Batteries (4-pack) + AAA Batteries (4-pack),1
2019-11-21,285066,Apple Airpods Headphones,Bose SoundSport Headphones,Apple Airpods Headphones + Bose SoundSport Headphones,1
2019-11-12,285096,Wired Headphones,iPhone,Wired Headphones + iPhone,1
2019-11-24,285122,AA Batteries (4-pack),Wired Headphones,AA Batteries (4-pack) + Wired Headphones,1
2019-11-12,285137,Wired Headphones,iPhone,Wired Headphones + iPhone,1
2019-11-16,285147,Bose SoundSport Headphones,Lightning Charging Cable,Bose SoundSport Headphones + Lightning Charging Cable,1
2019-11-25,285247,Bose SoundSport Headphones,Lightning Charging Cable,Bose SoundSport Headphones + Lightning Charging Cable,1
2019-11-23,285301,Lightning Charging Cable,iPhone,Lightning Charging Cable + iPhone,1
2019-11-29,285431,AA Batteries (4-pack),Lightning Charging Cable,AA Batteries (4-pack) + Lightning Charging Cable,1
2019-11-14,285452,27in 4K Gaming Monitor,Wired Headphones,27in 4K Gaming Monitor + Wired Headphones,1
2019-11-09,285472,Lightning Charging Cable,ThinkPad Laptop,Lightning Charging Cable + ThinkPad Laptop,1
2019-11-07,285492,Lightning Charging Cable,iPhone,Lightning Charging Cable + iPhone,1
2019-11-15,285497,AAA Batteries (4-pack),Bose SoundSport Headphones,AAA Batteries (4-pack) + Bose SoundSport Headphones,1
2019-11-19,285504,Google Phone,USB-C Charging Cable,Google Phone + USB-C Charging Cable,1
2019-11-16,285520,AA Batteries (4-pack),USB-C Charging Cable,AA Batteries (4-pack) + USB-C Charging Cable,1
2019-11-22,285530,Google Phone,USB-C Charging Cable,Google Phone + USB-C Charging Cable,1
2019-11-21,285532,AA Batteries (4-pack),Apple Airpods Headphones,AA Batteries (4-pack) + Apple Airpods Headphones,1
2019-11-24,285534,Bose SoundSport Headphones,Vareebadd Phone,Bose SoundSport Headphones + Vareebadd Phone,1
2019-11-21,285600,27in FHD Monitor,USB-C Charging Cable,27in FHD Monitor + USB-C Charging Cable,1
2019-11-23,285602,Bose SoundSport Headphones,Wired Headphones,Bose SoundSport Headphones + Wired Headphones,1
2019-11-19,285614,AAA Batteries (4-pack),Bose SoundSport Headphones,AAA Batteries (4-pack) + Bose SoundSport Headphones,1
2019-11-02,285642,Google Phone,USB-C Charging Cable,Google Phone + USB-C Charging Cable,1
2019-11-22,285701,AA Batteries (4-pack),iPhone,AA Batteries (4-pack) + iPhone,1
2019-11-07,285734,Google Phone,USB-C Charging Cable,Google Phone + USB-C Charging Cable,1
2019-11-12,285765,AA Batteries (4-pack),Lightning Charging Cable,AA Batteries (4-pack) + Lightning Charging Cable,1
2019-11-21,285783,Macbook Pro Laptop,USB-C Charging Cable,Macbook Pro Laptop + USB-C Charging Cable,1
2019-11-21,285820,Bose SoundSport Headphones,USB-C Charging Cable,Bose SoundSport Headphones + USB-C Charging Cable,1
2019-11-21,285822,Bose SoundSport Headphones,Google Phone,Bose SoundSport Headphones + Google Phone,1
2019-11-29,285840,Lightning Charging Cable,iPhone,Lightning Charging Cable + iPhone,1
2019-11-03,285854,AAA Batteries (4-pack),Apple Airpods Headphones,AAA Batteries (4-pack) + Apple Airpods Headphones,1
2019-11-17,285881,Lightning Charging Cable,iPhone,Lightning Charging Cable + iPhone,1
2019-11-14,285928,AA Batteries (4-pack),Lightning Charging Cable,AA Batteries (4-pack) + Lightning Charging Cable,1
2019-11-02,286076,Google Phone,Wired Headphones,Google Phone + Wired Headphones,1
2019-11-07,286079,Lightning Charging Cable,iPhone,Lightning Charging Cable + iPhone,1
2019-11-14,286112,Google Phone,Wired Headphones,Google Phone + Wired Headphones,1
2019-11-08,286135,USB-C Charging Cable,Wired Headphones,USB-C Charging Cable + Wired Headphones,1
2019-11-30,286143,Lightning Charging Cable,iPhone,Lightning Charging Cable + iPhone,1
2019-11-02,286174,USB-C Charging Cable,Vareebadd Phone,USB-C Charging Cable + Vareebadd Phone,1
2019-11-30,286224,34in Ultrawide Monitor,Wired Headphones,34in Ultrawide Monitor + Wired Headphones,1
2019-11-05,286236,Google Phone,USB-C Charging Cable,Google Phone + USB-C Charging Cable,1
2019-11-27,286273,Bose SoundSport Headphones,Google Phone,Bose SoundSport Headphones + Google Phone,1
2019-11-07,286291,Google Phone,Wired Headphones,Google Phone + Wired Headphones,1
2019-11-11,286347,AA Batteries (4-pack),AAA Batteries (4-pack),AA Batteries (4-pack) + AAA Batteries (4-pack),1
2019-11-02,286359,AA Batteries (4-pack),Wired Headphones,AA Batteries (4-pack) + Wired Headphones,1
2019-11-01,286372,Flatscreen TV,USB-C Charging Cable,Flatscreen TV + USB-C Charging Cable,1
2019-11-18,286417,Google Phone,USB-C Charging Cable,Google Phone + USB-C Charging Cable,1
2019-11-14,286465,Lightning Charging Cable,iPhone,Lightning Charging Cable + iPhone,1
2019-11-14,286483,Lightning Charging Cable,iPhone,Lightning Charging Cable + iPhone,1
2019-11-01,286503,34in Ultrawide Monitor,ThinkPad Laptop,34in Ultrawide Monitor + ThinkPad Laptop,1
2019-11-07,286504,Wired Headphones,iPhone,Wired Headphones + iPhone,1
2019-11-15,286523,Bose SoundSport Headphones,Vareebadd Phone,Bose SoundSport Headphones + Vareebadd Phone,1
2019-11-22,286557,Wired Headphones,iPhone,Wired Headphones + iPhone,1
2019-11-21,286581,Bose SoundSport Headphones,Vareebadd Phone,Bose SoundSport Headphones + Vareebadd Phone,1
2019-11-03,286591,Lightning Charging Cable,iPhone,Lightning Charging Cable + iPhone,1
2019-11-24,286612,Apple Airpods Headphones,USB-C Charging Cable,Apple Airpods Headphones + USB-C Charging Cable,1
2019-11-12,286622,LG Washing Machine,Lightning Charging Cable,LG Washing Machine + Lightning Charging Cable,1
2019-11-06,286624,AA Batteries (4-pack),Wired Headphones,AA Batteries (4-pack) + Wired Headphones,1
2019-11-13,286742,Google Phone,USB-C Charging Cable,Google Phone + USB-C Charging Cable,1
2019-11-27,286760,AAA Batteries (4-pack),Bose SoundSport Headphones,AAA Batteries (4-pack) + Bose SoundSport Headphones,1
2019-11-26,286769,USB-C Charging Cable,Wired Headphones,USB-C Charging Cable + Wired Headphones,1
2019-11-04,286780,Google Phone,USB-C Charging Cable,Google Phone + USB-C Charging Cable,1
2019-11-20,286795,27in FHD Monitor,AAA Batteries (4-pack),27in FHD Monitor + AAA Batteries (4-pack),1
2019-11-30,286808,27in 4K Gaming Monitor,Bose SoundSport Headphones,27in 4K Gaming Monitor + Bose SoundSport Headphones,1
2019-11-23,286833,Lightning Charging Cable,Wired Headphones,Lightning Charging Cable + Wired Headphones,1
2019-11-29,286856,Google Phone,Wired Headphones,Google Phone + Wired Headphones,1
2019-11-28,286876,Lightning Charging Cable,iPhone,Lightning Charging Cable + iPhone,1
2019-11-02,286881,Lightning Charging Cable,iPhone,Lightning Charging Cable + iPhone,1
2019-11-16,286884,Google Phone,USB-C Charging Cable,Google Phone + USB-C Charging Cable,1
2019-11-27,286919,AA Batteries (4-pack),Wired Headphones,AA Batteries (4-pack) + Wired Headphones,1
2019-11-29,286925,Lightning Charging Cable,iPhone,Lightning Charging Cable + iPhone,1
2019-11-15,286942,Google Phone,Macbook Pro Laptop,Google Phone + Macbook Pro Laptop,1
2019-11-17,286945,AAA Batteries (4-pack),Flatscreen TV,AAA Batteries (4-pack) + Flatscreen TV,1
2019-11-12,286949,Lightning Charging Cable,iPhone,Lightning Charging Cable + iPhone,1
2019-11-08,286952,Lightning Charging Cable,iPhone,Lightning Charging Cable + iPhone,1
2019-11-06,286961,Apple Airpods Headphones,iPhone,Apple Airpods Headphones + iPhone,1
2019-11-16,286984,Google Phone,Wired Headphones,Google Phone + Wired Headphones,1
2019-11-09,286993,USB-C Charging Cable,Vareebadd Phone,USB-C Charging Cable + Vareebadd Phone,1
2019-11-28,287017,Lightning Charging Cable,Wired Headphones,Lightning Charging Cable + Wired Headphones,1
2019-11-28,287017,Lightning Charging Cable,iPhone,Lightning Charging Cable + iPhone,1
2019-11-28,287017,Wired Headphones,iPhone,Wired Headphones + iPhone,1
2019-11-23,287020,Apple Airpods Headphones,iPhone,Apple Airpods Headphones + iPhone,1
2019-11-24,287036,Google Phone,USB-C Charging Cable,Google Phone + USB-C Charging Cable,1
2019-11-05,287044,Google Phone,Wired Headphones,Google Phone + Wired Headphones,1
2019-11-02,287118,Lightning Charging Cable,iPhone,Lightning Charging Cable + iPhone,1
2019-11-24,287178,Lightning Charging Cable,Macbook Pro Laptop,Lightning Charging Cable + Macbook Pro Laptop,1
2019-11-16,287183,Wired Headphones,iPhone,Wired Headphones + iPhone,1
2019-11-09,287188,Lightning Charging Cable,USB-C Charging Cable,Lightning Charging Cable + USB-C Charging Cable,1
2019-11-18,287200,27in 4K Gaming Monitor,iPhone,27in 4K Gaming Monitor + iPhone,1
2019-11-27,287210,Bose SoundSport Headphones,Vareebadd Phone,Bose SoundSport Headphones + Vareebadd Phone,1
2019-11-05,287231,Google Phone,USB-C Charging Cable,Google Phone + USB-C Charging Cable,1
2019-11-15,287340,Apple Airpods Headphones,iPhone,Apple Airpods Headphones + iPhone,1
2019-11-11,287384,Google Phone,USB-C Charging Cable,Google Phone + USB-C Charging Cable,1
2019-11-20,287398,Apple Airpods Headphones,iPhone,Apple Airpods Headphones + iPhone,1
2019-11-28,287405,Google Phone,USB-C Charging Cable,Google Phone + USB-C Charging Cable,1
2019-11-20,287441,27in 4K Gaming Monitor,AA Batteries (4-pack),27in 4K Gaming Monitor + AA Batteries (4-pack),1
2019-11-23,287477,Apple Airpods Headphones,Lightning Charging Cable,Apple Airpods Headphones + Lightning Charging Cable,1
2019-11-23,287477,Apple Airpods Headphones,iPhone,Apple Airpods Headphones + iPhone,1
2019-11-23,287477,Lightning Charging Cable,iPhone,Lightning Charging Cable + iPhone,1
2019-11-06,287483,Lightning Charging Cable,iPhone,Lightning Charging Cable + iPhone,1
2019-11-29,287490,Bose SoundSport Headphones,Google Phone,Bose SoundSport Headphones + Google Phone,1
2019-11-29,287490,Bose SoundSport Headphones,Wired Headphones,Bose SoundSport Headphones + Wired Headphones,1
2019-11-29,287490,Google Phone,Wired Headphones,Google Phone + Wired Headphones,1
2019-11-22,287536,AAA Batteries (4-pack),USB-C Charging Cable,AAA Batteries (4-pack) + USB-C Charging Cable,1
2019-11-23,287561,USB-C Charging Cable,Vareebadd Phone,USB-C Charging Cable + Vareebadd Phone,1
2019-11-16,287564,Apple Airpods Headphones,Lightning Charging Cable,Apple Airpods Headphones + Lightning Charging Cable,1
2019-11-21,287570,AA Batteries (4-pack),AAA Batteries (4-pack),AA Batteries (4-pack) + AAA Batteries (4-pack),1
2019-11-29,287614,Google Phone,Wired Headphones,Google Phone + Wired Headphones,1
2019-11-04,287634,AAA Batteries (4-pack),Google Phone,AAA Batteries (4-pack) + Google Phone,1
2019-11-04,287634,AAA Batteries (4-pack),USB-C Charging Cable,AAA Batteries (4-pack) + USB-C Charging Cable,1
2019-11-04,287634,Google Phone,USB-C Charging Cable,Google Phone + USB-C Charging Cable,1
2019-11-07,287676,Flatscreen TV,Wired Headphones,Flatscreen TV + Wired Headphones,1
2019-11-04,287702,27in 4K Gaming Monitor,Bose SoundSport Headphones,27in 4K Gaming Monitor + Bose SoundSport Headphones,1
2019-11-24,287758,Bose SoundSport Headphones,iPhone,Bose SoundSport Headphones + iPhone,1
2019-11-27,287779,27in FHD Monitor,Bose SoundSport Headphones,27in FHD Monitor + Bose SoundSport Headphones,1
2019-11-06,287794,Google Phone,Wired Headphones,Google Phone + Wired Headphones,1
2019-11-08,287870,27in FHD Monitor,AAA Batteries (4-pack),27in FHD Monitor + AAA Batteries (4-pack),1
2019-11-08,287902,AAA Batteries (4-pack),Lightning Charging Cable,AAA Batteries (4-pack) + Lightning Charging Cable,1
2019-11-26,287953,USB-C Charging Cable,Vareebadd Phone,USB-C Charging Cable + Vareebadd Phone,1
2019-11-08,287959,Google Phone,USB-C Charging Cable,Google Phone + USB-C Charging Cable,1
2019-11-28,287975,Apple Airpods Headphones,Wired Headphones,Apple Airpods Headphones + Wired Headphones,1
2019-11-09,288011,Bose SoundSport Headphones,Google Phone,Bose SoundSport Headphones + Google Phone,1
2019-11-14,288013,27in 4K Gaming Monitor,AAA Batteries (4-pack),27in 4K Gaming Monitor + AAA Batteries (4-pack),1
2019-11-16,288049,Vareebadd Phone,Wired Headphones,Vareebadd Phone + Wired Headphones,1
2019-11-26,288078,Google Phone,USB-C Charging Cable,Google Phone + USB-C Charging Cable,1
2019-11-19,288104,USB-C Charging Cable,Wired Headphones,USB-C Charging Cable + Wired Headphones,1
2019-11-12,288105,AAA Batteries (4-pack),Wired Headphones,AAA Batteries (4-pack) + Wired Headphones,1
2019-11-01,288120,Vareebadd Phone,iPhone,Vareebadd Phone + iPhone,1
2019-11-04,288123,34in Ultrawide Monitor,Vareebadd Phone,34in Ultrawide Monitor + Vareebadd Phone,1
2019-11-22,288142,Google Phone,Wired Headphones,Google Phone + Wired Headphones,1
2019-11-12,288148,AAA Batteries (4-pack),USB-C Charging Cable,AAA Batteries (4-pack) + USB-C Charging Cable,1
2019-11-07,288150,34in Ultrawide Monitor,Wired Headphones,34in Ultrawide Monitor + Wired Headphones,1
2019-11-14,288167,Lightning Charging Cable,iPhone,Lightning Charging Cable + iPhone,1
2019-11-08,288235,34in Ultrawide Monitor,AA Batteries (4-pack),34in Ultrawide Monitor + AA Batteries (4-pack),1
2019-11-25,288252,Google Phone,USB-C Charging Cable,Google Phone + USB-C Charging Cable,1
2019-11-01,288267,AAA Batteries (4-pack),USB-C Charging Cable,AAA Batteries (4-pack) + USB-C Charging Cable,1
2019-11-01,288273,Wired Headphones,iPhone,Wired Headphones + iPhone,1
2019-11-27,288332,AA Batteries (4-pack),AAA Batteries (4-pack),AA Batteries (4-pack) + AAA Batteries (4-pack),1
2019-11-04,288448,USB-C Charging Cable,Vareebadd Phone,USB-C Charging Cable + Vareebadd Phone,1
2019-11-04,288456,Wired Headphones,iPhone,Wired Headphones + iPhone,1
2019-11-20,288460,AA Batteries (4-pack),USB-C Charging Cable,AA Batteries (4-pack) + USB-C Charging Cable,1
2019-11-13,288469,AA Batteries (4-pack),Apple Airpods Headphones,AA Batteries (4-pack) + Apple Airpods Headphones,1
2019-11-03,288471,Apple Airpods Headphones,Lightning Charging Cable,Apple Airpods Headphones + Lightning Charging Cable,1
2019-11-03,288471,Apple Airpods Headphones,iPhone,Apple Airpods Headphones + iPhone,1
2019-11-03,288471,Lightning Charging Cable,iPhone,Lightning Charging Cable + iPhone,1
2019-11-24,288484,Google Phone,USB-C Charging Cable,Google Phone + USB-C Charging Cable,1
2019-11-30,288487,Bose SoundSport Headphones,USB-C Charging Cable,Bose SoundSport Headphones + USB-C Charging Cable,1
2019-11-05,288488,AA Batteries (4-pack),USB-C Charging Cable,AA Batteries (4-pack) + USB-C Charging Cable,1
2019-11-26,288509,Google Phone,Wired Headphones,Google Phone + Wired Headphones,1
2019-11-14,288519,27in FHD Monitor,AAA Batteries (4-pack),27in FHD Monitor + AAA Batteries (4-pack),1
2019-11-13,288533,Google Phone,Wired Headphones,Google Phone + Wired Headphones,1
2019-11-05,288541,AA Batteries (4-pack),Vareebadd Phone,AA Batteries (4-pack) + Vareebadd Phone,1
2019-11-10,288551,AAA Batteries (4-pack),USB-C Charging Cable,AAA Batteries (4-pack) + USB-C Charging Cable,1
2019-11-07,288583,AA Batteries (4-pack),AAA Batteries (4-pack),AA Batteries (4-pack) + AAA Batteries (4-pack),1
2019-11-28,288611,20in Monitor,Bose SoundSport Headphones,20in Monitor + Bose SoundSport Headphones,1
2019-11-19,288689,AA Batteries (4-pack),AAA Batteries (4-pack),AA Batteries (4-pack) + AAA Batteries (4-pack),1
2019-11-28,288713,Lightning Charging Cable,iPhone,Lightning Charging Cable + iPhone,1
2019-11-13,288746,AA Batteries (4-pack),Lightning Charging Cable,AA Batteries (4-pack) + Lightning Charging Cable,1
2019-11-08,288809,Apple Airpods Headphones,Macbook Pro Laptop,Apple Airpods Headphones + Macbook Pro Laptop,1
2019-11-22,288818,Bose SoundSport Headphones,Google Phone,Bose SoundSport Headphones + Google Phone,1
2019-11-28,288823,Google Phone,USB-C Charging Cable,Google Phone + USB-C Charging Cable,1
2019-11-06,288842,Apple Airpods Headphones,iPhone,Apple Airpods Headphones + iPhone,1
2019-11-04,288849,Lightning Charging Cable,Vareebadd Phone,Lightning Charging Cable + Vareebadd Phone,1
2019-11-26,288857,Google Phone,Wired Headphones,Google Phone + Wired Headphones,1
2019-11-15,288870,Apple Airpods Headphones,iPhone,Apple Airpods Headphones + iPhone,1
2019-11-10,288884,Bose SoundSport Headphones,iPhone,Bose SoundSport Headphones + iPhone,1
2019-11-13,288893,34in Ultrawide Monitor,Wired Headphones,34in Ultrawide Monitor + Wired Headphones,1
2019-11-22,288948,Flatscreen TV,Wired Headphones,Flatscreen TV + Wired Headphones,1
2019-11-25,288966,27in FHD Monitor,USB-C Charging Cable,27in FHD Monitor + USB-C Charging Cable,1
2019-11-04,288970,USB-C Charging Cable,Vareebadd Phone,USB-C Charging Cable + Vareebadd Phone,1
2019-11-21,288974,Google Phone,USB-C Charging Cable,Google Phone + USB-C Charging Cable,1
2019-11-21,288974,Google Phone,Wired Headphones,Google Phone + Wired Headphones,1
2019-11-21,288974,USB-C Charging Cable,Wired Headphones,USB-C Charging Cable + Wired Headphones,1
2019-11-17,289017,Apple Airpods Headphones,Lightning Charging Cable,Apple Airpods Headphones + Lightning Charging Cable,1
2019-11-11,289030,Bose SoundSport Headphones,Google Phone,Bose SoundSport Headphones + Google Phone,1
2019-11-11,289030,Bose SoundSport Headphones,Wired Headphones,Bose SoundSport Headphones + Wired Headphones,1
2019-11-11,289030,Google Phone,Wired Headphones,Google Phone + Wired Headphones,1
2019-11-24,289049,34in Ultrawide Monitor,AA Batteries (4-pack),34in Ultrawide Monitor + AA Batteries (4-pack),1
2019-11-29,289055,USB-C Charging Cable,Vareebadd Phone,USB-C Charging Cable + Vareebadd Phone,1
2019-11-13,289070,Apple Airpods Headphones,Bose SoundSport Headphones,Apple Airpods Headphones + Bose SoundSport Headphones,1
2019-11-08,289089,AA Batteries (4-pack),AAA Batteries (4-pack),AA Batteries (4-pack) + AAA Batteries (4-pack),1
2019-11-15,289117,Bose SoundSport Headphones,USB-C Charging Cable,Bose SoundSport Headphones + USB-C Charging Cable,1
2019-11-15,289117,Bose SoundSport Headphones,Vareebadd Phone,Bose SoundSport Headphones + Vareebadd Phone,1
2019-11-15,289117,Bose SoundSport Headphones,Wired Headphones,Bose SoundSport Headphones + Wired Headphones,1
2019-11-15,289117,USB-C Charging Cable,Vareebadd Phone,USB-C Charging Cable + Vareebadd Phone,1
2019-11-15,289117,USB-C Charging Cable,Wired Headphones,USB-C Charging Cable + Wired Headphones,1
2019-11-15,289117,Vareebadd Phone,Wired Headphones,Vareebadd Phone + Wired Headphones,1
2019-11-29,289147,AAA Batteries (4-pack),Macbook Pro Laptop,AAA Batteries (4-pack) + Macbook Pro Laptop,1
2019-11-14,289156,Apple Airpods Headphones,iPhone,Apple Airpods Headphones + iPhone,1
2019-11-19,289165,Bose SoundSport Headphones,USB-C Charging Cable,Bose SoundSport Headphones + USB-C Charging Cable,1
2019-11-24,289187,Wired Headphones,iPhone,Wired Headphones + iPhone,1
2019-11-26,289227,Lightning Charging Cable,iPhone,Lightning Charging Cable + iPhone,1
2019-11-23,289331,Apple Airpods Headphones,LG Dryer,Apple Airpods Headphones + LG Dryer,1
2019-11-27,289357,27in 4K Gaming Monitor,AAA Batteries (4-pack),27in 4K Gaming Monitor + AAA Batteries (4-pack),1
2019-11-15,289396,Wired Headphones,iPhone,Wired Headphones + iPhone,1
2019-11-18,289405,Apple Airpods Headphones,Lightning Charging Cable,Apple Airpods Headphones + Lightning Charging Cable,1
2019-11-19,289411,AAA Batteries (4-pack),Lightning Charging Cable,AAA Batteries (4-pack) + Lightning Charging Cable,1
2019-11-04,289420,Bose SoundSport Headphones,Lightning Charging Cable,Bose SoundSport Headphones + Lightning Charging Cable,1
2019-11-18,289457,Bose SoundSport Headphones,Wired Headphones,Bose SoundSport Headphones + Wired Headphones,1
2019-11-15,289461,27in FHD Monitor,34in Ultrawide Monitor,27in FHD Monitor + 34in Ultrawide Monitor,1
2019-11-27,289463,Lightning Charging Cable,iPhone,Lightning Charging Cable + iPhone,1
2019-11-29,289473,Apple Airpods Headphones,Wired Headphones,Apple Airpods Headphones + Wired Headphones,1
2019-11-09,289501,Google Phone,USB-C Charging Cable,Google Phone + USB-C Charging Cable,1
2019-11-03,289514,AA Batteries (4-pack),Lightning Charging Cable,AA Batteries (4-pack) + Lightning Charging Cable,1
2019-11-07,289519,ThinkPad Laptop,iPhone,ThinkPad Laptop + iPhone,1
2019-11-25,289528,Google Phone,Wired Headphones,Google Phone + Wired Headphones,1
2019-11-29,289599,AA Batteries (4-pack),Apple Airpods Headphones,AA Batteries (4-pack) + Apple Airpods Headphones,1
2019-11-14,289631,Google Phone,USB-C Charging Cable,Google Phone + USB-C Charging Cable,1
2019-11-14,289662,AA Batteries (4-pack),AAA Batteries (4-pack),AA Batteries (4-pack) + AAA Batteries (4-pack),1
2019-11-14,289703,AA Batteries (4-pack),Lightning Charging Cable,AA Batteries (4-pack) + Lightning Charging Cable,1
2019-11-26,289715,Lightning Charging Cable,iPhone,Lightning Charging Cable + iPhone,1
2019-11-01,289741,Wired Headphones,iPhone,Wired Headphones + iPhone,1
2019-11-05,289775,Google Phone,USB-C Charging Cable,Google Phone + USB-C Charging Cable,1
2019-11-27,289832,Google Phone,Wired Headphones,Google Phone + Wired Headphones,1
2019-11-30,289847,USB-C Charging Cable,Vareebadd Phone,USB-C Charging Cable + Vareebadd Phone,1
2019-11-22,289871,Apple Airpods Headphones,iPhone,Apple Airpods Headphones + iPhone,1
2019-11-10,289900,USB-C Charging Cable,Vareebadd Phone,USB-C Charging Cable + Vareebadd Phone,1
2019-11-02,289945,Lightning Charging Cable,iPhone,Lightning Charging Cable + iPhone,1
2019-11-09,290001,27in FHD Monitor,USB-C Charging Cable,27in FHD Monitor + USB-C Charging Cable,1
2019-11-30,290133,Google Phone,USB-C Charging Cable,Google Phone + USB-C Charging Cable,1
2019-11-17,290151,Lightning Charging Cable,Wired Headphones,Lightning Charging Cable + Wired Headphones,1
2019-11-17,290151,Lightning Charging Cable,iPhone,Lightning Charging Cable + iPhone,1
2019-11-17,290151,Wired Headphones,iPhone,Wired Headphones + iPhone,1
2019-11-09,290173,Google Phone,USB-C Charging Cable,Google Phone + USB-C Charging Cable,1
2019-11-05,290190,USB-C Charging Cable,Vareebadd Phone,USB-C Charging Cable + Vareebadd Phone,1
2019-11-05,290190,USB-C Charging Cable,Wired Headphones,USB-C Charging Cable + Wired Headphones,1
2019-11-05,290190,Vareebadd Phone,Wired Headphones,Vareebadd Phone + Wired Headphones,1
2019-11-03,290215,Google Phone,Wired Headphones,Google Phone + Wired Headphones,1
2019-11-01,290224,USB-C Charging Cable,Vareebadd Phone,USB-C Charging Cable + Vareebadd Phone,1
2019-11-11,290239,Lightning Charging Cable,iPhone,Lightning Charging Cable + iPhone,1
2019-11-26,290267,Google Phone,USB-C Charging Cable,Google Phone + USB-C Charging Cable,1
2019-11-04,290273,Lightning Charging Cable,Wired Headphones,Lightning Charging Cable + Wired Headphones,1
2019-11-04,290273,Lightning Charging Cable,iPhone,Lightning Charging Cable + iPhone,1
2019-11-04,290273,Wired Headphones,iPhone,Wired Headphones + iPhone,1
2019-11-19,290274,AA Batteries (4-pack),AAA Batteries (4-pack),AA Batteries (4-pack) + AAA Batteries (4-pack),1
2019-11-12,290286,Bose SoundSport Headphones,Macbook Pro Laptop,Bose SoundSport Headphones + Macbook Pro Laptop,1
2019-11-20,290365,Wired Headphones,iPhone,Wired Headphones + iPhone,1
2019-11-05,290371,Lightning Charging Cable,USB-C Charging Cable,Lightning Charging Cable + USB-C Charging Cable,1
2019-11-01,290372,Lightning Charging Cable,iPhone,Lightning Charging Cable + iPhone,1
2019-11-20,290383,Bose SoundSport Headphones,USB-C Charging Cable,Bose SoundSport Headphones + USB-C Charging Cable,1
2019-11-20,290383,Bose SoundSport Headphones,Vareebadd Phone,Bose SoundSport Headphones + Vareebadd Phone,1
2019-11-20,290383,USB-C Charging Cable,Vareebadd Phone,USB-C Charging Cable + Vareebadd Phone,1
2019-11-19,290395,Lightning Charging Cable,Wired Headphones,Lightning Charging Cable + Wired Headphones,1
2019-11-22,290396,USB-C Charging Cable,Wired Headphones,USB-C Charging Cable + Wired Headphones,1
2019-11-19,290403,AAA Batteries (4-pack),Apple Airpods Headphones,AAA Batteries (4-pack) + Apple Airpods Headphones,1
2019-11-12,290470,Lightning Charging Cable,iPhone,Lightning Charging Cable + iPhone,1
2019-11-07,290570,USB-C Charging Cable,Vareebadd Phone,USB-C Charging Cable + Vareebadd Phone,1
2019-11-11,290579,USB-C Charging Cable,Vareebadd Phone,USB-C Charging Cable + Vareebadd Phone,1
2019-11-12,290584,Wired Headphones,iPhone,Wired Headphones + iPhone,1
2019-11-12,290616,AA Batteries (4-pack),Wired Headphones,AA Batteries (4-pack) + Wired Headphones,1
2019-11-03,290692,Flatscreen TV,Lightning Charging Cable,Flatscreen TV + Lightning Charging Cable,1
2019-11-02,290693,27in FHD Monitor,iPhone,27in FHD Monitor + iPhone,1
2019-11-09,290765,Google Phone,USB-C Charging Cable,Google Phone + USB-C Charging Cable,1
2019-11-07,290773,Google Phone,Wired Headphones,Google Phone + Wired Headphones,1
2019-11-20,290793,AAA Batteries (4-pack),Vareebadd Phone,AAA Batteries (4-pack) + Vareebadd Phone,1
2019-11-19,290811,Bose SoundSport Headphones,Google Phone,Bose SoundSport Headphones + Google Phone,1
2019-11-11,290870,Bose SoundSport Headphones,Vareebadd Phone,Bose SoundSport Headphones + Vareebadd Phone,1
2019-11-19,290872,20in Monitor,AAA Batteries (4-pack),20in Monitor + AAA Batteries (4-pack),1
2019-11-10,290875,Bose SoundSport Headphones,Wired Headphones,Bose SoundSport Headphones + Wired Headphones,1
2019-11-17,290890,Lightning Charging Cable,iPhone,Lightning Charging Cable + iPhone,1
2019-11-15,290901,Apple Airpods Headphones,Lightning Charging Cable,Apple Airpods Headphones + Lightning Charging Cable,1
2019-11-17,290950,Google Phone,USB-C Charging Cable,Google Phone + USB-C Charging Cable,1
2019-11-20,291030,Google Phone,Wired Headphones,Google Phone + Wired Headphones,1
2019-11-11,291039,Flatscreen TV,ThinkPad Laptop,Flatscreen TV + ThinkPad Laptop,1
2019-11-15,291047,AAA Batteries (4-pack),USB-C Charging Cable,AAA Batteries (4-pack) + USB-C Charging Cable,1
2019-11-21,291057,Apple Airpods Headphones,USB-C Charging Cable,Apple Airpods Headphones + USB-C Charging Cable,1
2019-11-24,291058,Bose SoundSport Headphones,Vareebadd Phone,Bose SoundSport Headphones + Vareebadd Phone,1
2019-11-24,291058,Bose SoundSport Headphones,Wired Headphones,Bose SoundSport Headphones + Wired Headphones,1
2019-11-24,291058,Vareebadd Phone,Wired Headphones,Vareebadd Phone + Wired Headphones,1
2019-11-15,291098,Google Phone,USB-C Charging Cable,Google Phone + USB-C Charging Cable,1
2019-11-26,291120,AA Batteries (4-pack),USB-C Charging Cable,AA Batteries (4-pack) + USB-C Charging Cable,1
2019-11-23,291143,Lightning Charging Cable,iPhone,Lightning Charging Cable + iPhone,1
2019-11-16,291193,Vareebadd Phone,Wired Headphones,Vareebadd Phone + Wired Headphones,1
2019-11-18,291194,Lightning Charging Cable,iPhone,Lightning Charging Cable + iPhone,1
2019-11-16,291214,Lightning Charging Cable,iPhone,Lightning Charging Cable + iPhone,1
2019-11-03,291272,AAA Batteries (4-pack),Lightning Charging Cable,AAA Batteries (4-pack) + Lightning Charging Cable,1
2019-11-16,291281,Google Phone,USB-C Charging Cable,Google Phone + USB-C Charging Cable,1
2019-11-09,291301,Flatscreen TV,iPhone,Flatscreen TV + iPhone,1
2019-11-17,291380,Wired Headphones,iPhone,Wired Headphones + iPhone,1
2019-11-25,291405,Bose SoundSport Headphones,USB-C Charging Cable,Bose SoundSport Headphones + USB-C Charging Cable,1
2019-11-24,291416,Lightning Charging Cable,USB-C Charging Cable,Lightning Charging Cable + USB-C Charging Cable,1
2019-11-26,291432,Google Phone,Wired Headphones,Google Phone + Wired Headphones,1
2019-11-27,291473,Apple Airpods Headphones,iPhone,Apple Airpods Headphones + iPhone,1
2019-11-21,291488,Google Phone,USB-C Charging Cable,Google Phone + USB-C Charging Cable,1
2019-11-09,291509,Google Phone,USB-C Charging Cable,Google Phone + USB-C Charging Cable,1
2019-11-25,291558,USB-C Charging Cable,iPhone,USB-C Charging Cable + iPhone,1
2019-11-16,291573,Lightning Charging Cable,iPhone,Lightning Charging Cable + iPhone,1
2019-11-12,291580,AAA Batteries (4-pack),ThinkPad Laptop,AAA Batteries (4-pack) + ThinkPad Laptop,1
2019-11-01,291636,AAA Batteries (4-pack),Wired Headphones,AAA Batteries (4-pack) + Wired Headphones,1
2019-11-27,291671,AAA Batteries (4-pack),Apple Airpods Headphones,AAA Batteries (4-pack) + Apple Airpods Headphones,1
2019-11-19,291682,Lightning Charging Cable,iPhone,Lightning Charging Cable + iPhone,1
2019-11-27,291699,Lightning Charging Cable,Wired Headphones,Lightning Charging Cable + Wired Headphones,1
2019-11-19,291732,USB-C Charging Cable,Vareebadd Phone,USB-C Charging Cable + Vareebadd Phone,1
2019-11-20,291778,27in FHD Monitor,ThinkPad Laptop,27in FHD Monitor + ThinkPad Laptop,1
2019-11-10,291800,Google Phone,USB-C Charging Cable,Google Phone + USB-C Charging Cable,1
2019-11-16,291810,Google Phone,Wired Headphones,Google Phone + Wired Headphones,1
2019-11-09,291838,Bose SoundSport Headphones,Google Phone,Bose SoundSport Headphones + Google Phone,1
2019-11-24,291846,Google Phone,USB-C Charging Cable,Google Phone + USB-C Charging Cable,1
2019-11-19,291916,Apple Airpods Headphones,iPhone,Apple Airpods Headphones + iPhone,1
2019-11-27,291940,Apple Airpods Headphones,iPhone,Apple Airpods Headphones + iPhone,1
2019-11-12,291986,Bose SoundSport Headphones,Lightning Charging Cable,Bose SoundSport Headphones + Lightning Charging Cable,1
2019-11-14,291991,USB-C Charging Cable,Vareebadd Phone,USB-C Charging Cable + Vareebadd Phone,1
2019-11-14,291991,USB-C Charging Cable,Wired Headphones,USB-C Charging Cable + Wired Headphones,1
2019-11-14,291991,Vareebadd Phone,Wired Headphones,Vareebadd Phone + Wired Headphones,1
2019-11-01,292098,Google Phone,Lightning Charging Cable,Google Phone + Lightning Charging Cable,1
2019-11-01,292098,Google Phone,USB-C Charging Cable,Google Phone + USB-C Charging Cable,1
2019-11-01,292098,Lightning Charging Cable,USB-C Charging Cable,Lightning Charging Cable + USB-C Charging Cable,1
2019-11-22,292216,Google Phone,USB-C Charging Cable,Google Phone + USB-C Charging Cable,1
2019-11-14,292220,USB-C Charging Cable,Vareebadd Phone,USB-C Charging Cable + Vareebadd Phone,1
2019-11-03,292230,Bose SoundSport Headphones,Google Phone,Bose SoundSport Headphones + Google Phone,1
2019-11-03,292230,Bose SoundSport Headphones,USB-C Charging Cable,Bose SoundSport Headphones + USB-C Charging Cable,1
2019-11-03,292230,Google Phone,USB-C Charging Cable,Google Phone + USB-C Charging Cable,1
2019-11-30,292276,Bose SoundSport Headphones,Vareebadd Phone,Bose SoundSport Headphones + Vareebadd Phone,1
2019-11-11,292280,Lightning Charging Cable,iPhone,Lightning Charging Cable + iPhone,1
2019-11-27,292324,Google Phone,USB-C Charging Cable,Google Phone + USB-C Charging Cable,1
2019-11-14,292364,27in FHD Monitor,AA Batteries (4-pack),27in FHD Monitor + AA Batteries (4-pack),1
2019-11-19,292376,Lightning Charging Cable,iPhone,Lightning Charging Cable + iPhone,1
2019-11-21,292417,USB-C Charging Cable,Wired Headphones,USB-C Charging Cable + Wired Headphones,1
2019-11-27,292446,Apple Airpods Headphones,Bose SoundSport Headphones,Apple Airpods Headphones + Bose SoundSport Headphones,1
2019-11-09,292508,27in FHD Monitor,Lightning Charging Cable,27in FHD Monitor + Lightning Charging Cable,1
2019-11-28,292509,USB-C Charging Cable,Vareebadd Phone,USB-C Charging Cable + Vareebadd Phone,1
2019-11-08,292513,34in Ultrawide Monitor,AA Batteries (4-pack),34in Ultrawide Monitor + AA Batteries (4-pack),1
2019-11-19,292539,Google Phone,USB-C Charging Cable,Google Phone + USB-C Charging Cable,1
2019-11-19,292539,Google Phone,Wired Headphones,Google Phone + Wired Headphones,1
2019-11-19,292539,USB-C Charging Cable,Wired Headphones,USB-C Charging Cable + Wired Headphones,1
2019-11-29,292627,34in Ultrawide Monitor,Flatscreen TV,34in Ultrawide Monitor + Flatscreen TV,1
2019-11-22,292651,Google Phone,Vareebadd Phone,Google Phone + Vareebadd Phone,1
2019-11-22,292660,34in Ultrawide Monitor,AAA Batteries (4-pack),34in Ultrawide Monitor + AAA Batteries (4-pack),1
2019-11-23,292688,USB-C Charging Cable,Wired Headphones,USB-C Charging Cable + Wired Headphones,1
2019-11-02,292709,Lightning Charging Cable,Wired Headphones,Lightning Charging Cable + Wired Headphones,1
2019-11-11,292727,Google Phone,USB-C Charging Cable,Google Phone + USB-C Charging Cable,1
2019-11-08,292757,34in Ultrawide Monitor,AAA Batteries (4-pack),34in Ultrawide Monitor + AAA Batteries (4-pack),1
2019-11-22,292759,27in FHD Monitor,Wired Headphones,27in FHD Monitor + Wired Headphones,1
2019-11-21,292818,Google Phone,USB-C Charging Cable,Google Phone + USB-C Charging Cable,1
2019-11-30,292825,27in FHD Monitor,Bose SoundSport Headphones,27in FHD Monitor + Bose SoundSport Headphones,1
2019-11-04,292876,27in FHD Monitor,USB-C Charging Cable,27in FHD Monitor + USB-C Charging Cable,1
2019-11-21,292906,USB-C Charging Cable,Vareebadd Phone,USB-C Charging Cable + Vareebadd Phone,1
2019-11-30,292908,27in 4K Gaming Monitor,Macbook Pro Laptop,27in 4K Gaming Monitor + Macbook Pro Laptop,1
2019-11-22,292920,Apple Airpods Headphones,iPhone,Apple Airpods Headphones + iPhone,1
2019-11-21,292935,Google Phone,Wired Headphones,Google Phone + Wired Headphones,1
2019-11-15,292969,AA Batteries (4-pack),Apple Airpods Headphones,AA Batteries (4-pack) + Apple Airpods Headphones,1
2019-11-24,292974,Google Phone,Wired Headphones,Google Phone + Wired Headphones,1
2019-11-12,292984,USB-C Charging Cable,Vareebadd Phone,USB-C Charging Cable + Vareebadd Phone,1
2019-11-30,293010,27in 4K Gaming Monitor,Lightning Charging Cable,27in 4K Gaming Monitor + Lightning Charging Cable,1
2019-11-10,293024,Wired Headphones,iPhone,Wired Headphones + iPhone,1
2019-11-01,293061,Wired Headphones,iPhone,Wired Headphones + iPhone,1
2019-11-27,293079,AA Batteries (4-pack),AAA Batteries (4-pack),AA Batteries (4-pack) + AAA Batteries (4-pack),1
2019-11-22,293108,Lightning Charging Cable,iPhone,Lightning Charging Cable + iPhone,1
2019-11-16,293121,Lightning Charging Cable,iPhone,Lightning Charging Cable + iPhone,1
2019-11-25,293131,Apple Airpods Headphones,iPhone,Apple Airpods Headphones + iPhone,1
2019-11-11,293155,Lightning Charging Cable,iPhone,Lightning Charging Cable + iPhone,1
2019-11-01,293160,AAA Batteries (4-pack),iPhone,AAA Batteries (4-pack) + iPhone,1
2019-11-12,293201,27in 4K Gaming Monitor,USB-C Charging Cable,27in 4K Gaming Monitor + USB-C Charging Cable,1
2019-11-15,293250,34in Ultrawide Monitor,AA Batteries (4-pack),34in Ultrawide Monitor + AA Batteries (4-pack),1
2019-11-15,293285,Google Phone,USB-C Charging Cable,Google Phone + USB-C Charging Cable,1
2019-11-29,293318,AA Batteries (4-pack),Wired Headphones,AA Batteries (4-pack) + Wired Headphones,1
2019-11-12,293340,AAA Batteries (4-pack),Google Phone,AAA Batteries (4-pack) + Google Phone,1
2019-11-04,293361,27in 4K Gaming Monitor,Lightning Charging Cable,27in 4K Gaming Monitor + Lightning Charging Cable,1
2019-11-05,293445,Bose SoundSport Headphones,Lightning Charging Cable,Bose SoundSport Headphones + Lightning Charging Cable,1
2019-11-25,293469,Google Phone,Wired Headphones,Google Phone + Wired Headphones,1
2019-11-20,293485,Lightning Charging Cable,Wired Headphones,Lightning Charging Cable + Wired Headphones,1
2019-11-20,293485,Lightning Charging Cable,iPhone,Lightning Charging Cable + iPhone,1
2019-11-20,293485,Wired Headphones,iPhone,Wired Headphones + iPhone,1
2019-11-17,293520,Apple Airpods Headphones,Google Phone,Apple Airpods Headphones + Google Phone,1
2019-11-11,293560,27in 4K Gaming Monitor,Wired Headphones,27in 4K Gaming Monitor + Wired Headphones,1
2019-11-13,293612,Apple Airpods Headphones,ThinkPad Laptop,Apple Airpods Headphones + ThinkPad Laptop,1
2019-11-19,293618,Google Phone,USB-C Charging Cable,Google Phone + USB-C Charging Cable,1
2019-11-07,293622,AAA Batteries (4-pack),ThinkPad Laptop,AAA Batteries (4-pack) + ThinkPad Laptop,1
2019-11-20,293647,AAA Batteries (4-pack),Lightning Charging Cable,AAA Batteries (4-pack) + Lightning Charging Cable,1
2019-11-20,293647,AAA Batteries (4-pack),iPhone,AAA Batteries (4-pack) + iPhone,1
2019-11-20,293647,Lightning Charging Cable,iPhone,Lightning Charging Cable + iPhone,1
2019-11-15,293664,20in Monitor,Bose SoundSport Headphones,20in Monitor + Bose SoundSport Headphones,1
2019-11-16,293684,Wired Headphones,iPhone,Wired Headphones + iPhone,1
2019-11-27,293694,USB-C Charging Cable,Vareebadd Phone,USB-C Charging Cable + Vareebadd Phone,1
2019-11-16,293746,Apple Airpods Headphones,Vareebadd Phone,Apple Airpods Headphones + Vareebadd Phone,1
2019-11-16,293750,Vareebadd Phone,Wired Headphones,Vareebadd Phone + Wired Headphones,1
2019-11-07,293764,Google Phone,Wired Headphones,Google Phone + Wired Headphones,1
2019-11-09,293824,Google Phone,Wired Headphones,Google Phone + Wired Headphones,1
2019-11-28,293838,Lightning Charging Cable,iPhone,Lightning Charging Cable + iPhone,1
2019-11-04,293843,AA Batteries (4-pack),iPhone,AA Batteries (4-pack) + iPhone,1
2019-11-25,293874,Google Phone,USB-C Charging Cable,Google Phone + USB-C Charging Cable,1
2019-11-16,293875,Google Phone,USB-C Charging Cable,Google Phone + USB-C Charging Cable,1
2019-11-28,293890,Lightning Charging Cable,iPhone,Lightning Charging Cable + iPhone,1
2019-11-20,293909,27in FHD Monitor,USB-C Charging Cable,27in FHD Monitor + USB-C Charging Cable,1
2019-11-16,293916,AA Batteries (4-pack),ThinkPad Laptop,AA Batteries (4-pack) + ThinkPad Laptop,1
2019-11-24,293917,AA Batteries (4-pack),Wired Headphones,AA Batteries (4-pack) + Wired Headphones,1
2019-11-29,293934,Google Phone,Macbook Pro Laptop,Google Phone + Macbook Pro Laptop,1
2019-11-30,293947,USB-C Charging Cable,Vareebadd Phone,USB-C Charging Cable + Vareebadd Phone,1
2019-11-09,293952,34in Ultrawide Monitor,Bose SoundSport Headphones,34in Ultrawide Monitor + Bose SoundSport Headphones,1
2019-11-14,293958,Apple Airpods Headphones,Lightning Charging Cable,Apple Airpods Headphones + Lightning Charging Cable,1
2019-11-16,293976,AAA Batteries (4-pack),Google Phone,AAA Batteries (4-pack) + Google Phone,1
2019-11-25,294035,Apple Airpods Headphones,Lightning Charging Cable,Apple Airpods Headphones + Lightning Charging Cable,1
2019-11-04,294056,Bose SoundSport Headphones,Google Phone,Bose SoundSport Headphones + Google Phone,1
2019-11-04,294056,Bose SoundSport Headphones,Wired Headphones,Bose SoundSport Headphones + Wired Headphones,1
2019-11-04,294056,Google Phone,Wired Headphones,Google Phone + Wired Headphones,1
2019-11-08,294092,20in Monitor,USB-C Charging Cable,20in Monitor + USB-C Charging Cable,1
2019-11-09,294115,27in FHD Monitor,Wired Headphones,27in FHD Monitor + Wired Headphones,1
2019-11-18,294138,20in Monitor,Wired Headphones,20in Monitor + Wired Headphones,1
2019-11-30,294147,Lightning Charging Cable,iPhone,Lightning Charging Cable + iPhone,1
2019-11-28,294172,Bose SoundSport Headphones,Lightning Charging Cable,Bose SoundSport Headphones + Lightning Charging Cable,1
2019-11-19,294190,AAA Batteries (4-pack),iPhone,AAA Batteries (4-pack) + iPhone,1
2019-11-26,294191,Apple Airpods Headphones,USB-C Charging Cable,Apple Airpods Headphones + USB-C Charging Cable,1
2019-11-23,294199,Apple Airpods Headphones,Lightning Charging Cable,Apple Airpods Headphones + Lightning Charging Cable,1
2019-11-23,294199,Apple Airpods Headphones,iPhone,Apple Airpods Headphones + iPhone,1
2019-11-23,294199,Lightning Charging Cable,iPhone,Lightning Charging Cable + iPhone,1
2019-11-11,294214,Wired Headphones,iPhone,Wired Headphones + iPhone,1
2019-11-25,294278,Bose SoundSport Headphones,Vareebadd Phone,Bose SoundSport Headphones + Vareebadd Phone,1
2019-11-20,294314,Apple Airpods Headphones,iPhone,Apple Airpods Headphones + iPhone,1
2019-11-02,294360,Bose SoundSport Headphones,Google Phone,Bose SoundSport Headphones + Google Phone,1
2019-11-11,294381,Lightning Charging Cable,iPhone,Lightning Charging Cable + iPhone,1
2019-11-21,294430,Bose SoundSport Headphones,Wired Headphones,Bose SoundSport Headphones + Wired Headphones,1
2019-11-06,294439,Lightning Charging Cable,USB-C Charging Cable,Lightning Charging Cable + USB-C Charging Cable,1
2019-11-09,294474,Lightning Charging Cable,iPhone,Lightning Charging Cable + iPhone,1
2019-11-22,294484,Apple Airpods Headphones,Wired Headphones,Apple Airpods Headphones + Wired Headphones,1
2019-11-14,294501,AA Batteries (4-pack),Lightning Charging Cable,AA Batteries (4-pack) + Lightning Charging Cable,1
2019-11-29,294526,Google Phone,Wired Headphones,Google Phone + Wired Headphones,1
2019-11-12,294583,Lightning Charging Cable,iPhone,Lightning Charging Cable + iPhone,1
2019-11-12,294590,AA Batteries (4-pack),Lightning Charging Cable,AA Batteries (4-pack) + Lightning Charging Cable,1
2019-11-01,294591,Apple Airpods Headphones,iPhone,Apple Airpods Headphones + iPhone,1
2019-11-02,294598,Google Phone,USB-C Charging Cable,Google Phone + USB-C Charging Cable,1
2019-11-22,294615,34in Ultrawide Monitor,AA Batteries (4-pack),34in Ultrawide Monitor + AA Batteries (4-pack),1
2019-11-16,294640,Lightning Charging Cable,iPhone,Lightning Charging Cable + iPhone,1
2019-11-23,294659,Apple Airpods Headphones,Bose SoundSport Headphones,Apple Airpods Headphones + Bose SoundSport Headphones,1
2019-11-26,294668,20in Monitor,USB-C Charging Cable,20in Monitor + USB-C Charging Cable,1
2019-11-16,294669,AAA Batteries (4-pack),Lightning Charging Cable,AAA Batteries (4-pack) + Lightning Charging Cable,1
2019-11-02,294671,Google Phone,USB-C Charging Cable,Google Phone + USB-C Charging Cable,1
2019-11-06,294718,Lightning Charging Cable,iPhone,Lightning Charging Cable + iPhone,1
2019-11-20,294720,ThinkPad Laptop,iPhone,ThinkPad Laptop + iPhone,1
2019-11-18,294732,AAA Batteries (4-pack),Apple Airpods Headphones,AAA Batteries (4-pack) + Apple Airpods Headphones,1
2019-11-06,294737,AA Batteries (4-pack),Lightning Charging Cable,AA Batteries (4-pack) + Lightning Charging Cable,1
2019-11-12,294796,Lightning Charging Cable,iPhone,Lightning Charging Cable + iPhone,1
2019-11-22,294811,Bose SoundSport Headphones,Wired Headphones,Bose SoundSport Headphones + Wired Headphones,1
2019-11-08,294830,Apple Airpods Headphones,Lightning Charging Cable,Apple Airpods Headphones + Lightning Charging Cable,1
2019-11-08,294830,Apple Airpods Headphones,iPhone,Apple Airpods Headphones + iPhone,1
2019-11-08,294830,Lightning Charging Cable,iPhone,Lightning Charging Cable + iPhone,1
2019-11-24,294832,34in Ultrawide Monitor,Macbook Pro Laptop,34in Ultrawide Monitor + Macbook Pro Laptop,1
2019-11-04,294840,Lightning Charging Cable,USB-C Charging Cable,Lightning Charging Cable + USB-C Charging Cable,1
2019-11-19,294862,27in FHD Monitor,AA Batteries (4-pack),27in FHD Monitor + AA Batteries (4-pack),1
2019-11-09,294885,Apple Airpods Headphones,iPhone,Apple Airpods Headphones + iPhone,1
2019-11-24,294906,Lightning Charging Cable,iPhone,Lightning Charging Cable + iPhone,1
2019-11-18,294999,Lightning Charging Cable,iPhone,Lightning Charging Cable + iPhone,1
2019-11-14,295002,Apple Airpods Headphones,Bose SoundSport Headphones,Apple Airpods Headphones + Bose SoundSport Headphones,1
2019-11-05,295015,20in Monitor,AAA Batteries (4-pack),20in Monitor + AAA Batteries (4-pack),1
2019-11-03,295024,Google Phone,USB-C Charging Cable,Google Phone + USB-C Charging Cable,1
2019-11-03,295024,Google Phone,Wired Headphones,Google Phone + Wired Headphones,1
2019-11-03,295024,USB-C Charging Cable,Wired Headphones,USB-C Charging Cable + Wired Headphones,1
2019-11-30,295039,20in Monitor,Apple Airpods Headphones,20in Monitor + Apple Airpods Headphones,1
2019-11-23,295076,Google Phone,USB-C Charging Cable,Google Phone + USB-C Charging Cable,1
2019-11-23,295103,AAA Batteries (4-pack),Bose SoundSport Headphones,AAA Batteries (4-pack) + Bose SoundSport Headphones,1
2019-11-14,295121,Bose SoundSport Headphones,Lightning Charging Cable,Bose SoundSport Headphones + Lightning Charging Cable,1
2019-11-11,295206,Bose SoundSport Headphones,Google Phone,Bose SoundSport Headphones + Google Phone,1
2019-11-18,295212,Wired Headphones,iPhone,Wired Headphones + iPhone,1
2019-11-10,295214,Lightning Charging Cable,iPhone,Lightning Charging Cable + iPhone,1
2019-11-12,295247,Lightning Charging Cable,Wired Headphones,Lightning Charging Cable + Wired Headphones,1
2019-11-05,295312,Google Phone,USB-C Charging Cable,Google Phone + USB-C Charging Cable,1
2019-11-29,295335,Lightning Charging Cable,iPhone,Lightning Charging Cable + iPhone,1
2019-11-19,295339,AA Batteries (4-pack),AAA Batteries (4-pack),AA Batteries (4-pack) + AAA Batteries (4-pack),1
2019-11-10,295399,Apple Airpods Headphones,iPhone,Apple Airpods Headphones + iPhone,1
2019-11-25,295408,USB-C Charging Cable,Vareebadd Phone,USB-C Charging Cable + Vareebadd Phone,1
2019-11-01,295447,Vareebadd Phone,Wired Headphones,Vareebadd Phone + Wired Headphones,1
2019-11-23,295487,Apple Airpods Headphones,Macbook Pro Laptop,Apple Airpods Headphones + Macbook Pro Laptop,1
2019-11-02,295513,Lightning Charging Cable,iPhone,Lightning Charging Cable + iPhone,1
2019-11-21,295526,27in FHD Monitor,Apple Airpods Headphones,27in FHD Monitor + Apple Airpods Headphones,1
2019-11-06,295534,Google Phone,USB-C Charging Cable,Google Phone + USB-C Charging Cable,1
2019-11-25,295599,Apple Airpods Headphones,iPhone,Apple Airpods Headphones + iPhone,1
2019-12-25,295681,Bose SoundSport Headphones,Google Phone,Bose SoundSport Headphones + Google Phone,1
2019-12-25,295681,Bose SoundSport Headphones,USB-C Charging Cable,Bose SoundSport Headphones + USB-C Charging Cable,1
2019-12-25,295681,Bose SoundSport Headphones,Wired Headphones,Bose SoundSport Headphones + Wired Headphones,1
2019-12-25,295681,Google Phone,USB-C Charging Cable,Google Phone + USB-C Charging Cable,1
2019-12-25,295681,Google Phone,Wired Headphones,Google Phone + Wired Headphones,1
2019-12-25,295681,USB-C Charging Cable,Wired Headphones,USB-C Charging Cable + Wired Headphones,1
2019-12-13,295698,USB-C Charging Cable,Vareebadd Phone,USB-C Charging Cable + Vareebadd Phone,1
2019-12-17,295703,AA Batteries (4-pack),Bose SoundSport Headphones,AA Batteries (4-pack) + Bose SoundSport Headphones,1
2019-12-25,295726,Lightning Charging Cable,iPhone,Lightning Charging Cable + iPhone,1
2019-12-22,295735,Apple Airpods Headphones,Wired Headphones,Apple Airpods Headphones + Wired Headphones,1
2019-12-22,295735,Apple Airpods Headphones,iPhone,Apple Airpods Headphones + iPhone,1
2019-12-22,295735,Wired Headphones,iPhone,Wired Headphones + iPhone,1
2019-12-19,295737,Lightning Charging Cable,iPhone,Lightning Charging Cable + iPhone,1
2019-12-25,295753,34in Ultrawide Monitor,Lightning Charging Cable,34in Ultrawide Monitor + Lightning Charging Cable,1
2019-12-25,295759,Bose SoundSport Headphones,Wired Headphones,Bose SoundSport Headphones + Wired Headphones,1
2019-12-06,295783,USB-C Charging Cable,Vareebadd Phone,USB-C Charging Cable + Vareebadd Phone,1
2019-12-24,295786,Apple Airpods Headphones,USB-C Charging Cable,Apple Airpods Headphones + USB-C Charging Cable,1
2019-12-15,295793,Google Phone,USB-C Charging Cable,Google Phone + USB-C Charging Cable,1
2019-12-19,295817,20in Monitor,USB-C Charging Cable,20in Monitor + USB-C Charging Cable,1
2019-12-04,295822,Google Phone,Wired Headphones,Google Phone + Wired Headphones,1
2019-12-27,295829,Google Phone,USB-C Charging Cable,Google Phone + USB-C Charging Cable,1
2019-12-10,295918,AA Batteries (4-pack),AAA Batteries (4-pack),AA Batteries (4-pack) + AAA Batteries (4-pack),1
2019-12-19,295932,Apple Airpods Headphones,Bose SoundSport Headphones,Apple Airpods Headphones + Bose SoundSport Headphones,1
2019-12-23,295952,Flatscreen TV,USB-C Charging Cable,Flatscreen TV + USB-C Charging Cable,1
2019-12-15,295991,Lightning Charging Cable,iPhone,Lightning Charging Cable + iPhone,1
2019-12-06,296135,AA Batteries (4-pack),Lightning Charging Cable,AA Batteries (4-pack) + Lightning Charging Cable,1
2019-12-09,296141,Bose SoundSport Headphones,Lightning Charging Cable,Bose SoundSport Headphones + Lightning Charging Cable,1
2019-12-16,296144,Apple Airpods Headphones,iPhone,Apple Airpods Headphones + iPhone,1
2019-12-20,296152,Lightning Charging Cable,USB-C Charging Cable,Lightning Charging Cable + USB-C Charging Cable,1
2019-12-21,296187,Google Phone,USB-C Charging Cable,Google Phone + USB-C Charging Cable,1
2019-12-11,296263,Google Phone,Wired Headphones,Google Phone + Wired Headphones,1
2019-12-21,296267,Flatscreen TV,Lightning Charging Cable,Flatscreen TV + Lightning Charging Cable,1
2019-12-30,296276,USB-C Charging Cable,Vareebadd Phone,USB-C Charging Cable + Vareebadd Phone,1
2019-12-01,296353,AA Batteries (4-pack),Lightning Charging Cable,AA Batteries (4-pack) + Lightning Charging Cable,1
2019-12-01,296353,AA Batteries (4-pack),Wired Headphones,AA Batteries (4-pack) + Wired Headphones,1
2019-12-01,296353,AA Batteries (4-pack),iPhone,AA Batteries (4-pack) + iPhone,1
2019-12-01,296353,Lightning Charging Cable,Wired Headphones,Lightning Charging Cable + Wired Headphones,1
2019-12-01,296353,Lightning Charging Cable,iPhone,Lightning Charging Cable + iPhone,1
2019-12-01,296353,Wired Headphones,iPhone,Wired Headphones + iPhone,1
2019-12-11,296354,USB-C Charging Cable,Vareebadd Phone,USB-C Charging Cable + Vareebadd Phone,1
2019-12-06,296390,Wired Headphones,iPhone,Wired Headphones + iPhone,1
2019-12-23,296442,Google Phone,USB-C Charging Cable,Google Phone + USB-C Charging Cable,1
2019-12-20,296443,Bose SoundSport Headphones,Vareebadd Phone,Bose SoundSport Headphones + Vareebadd Phone,1
2019-12-17,296444,AAA Batteries (4-pack),USB-C Charging Cable,AAA Batteries (4-pack) + USB-C Charging Cable,1
2019-12-25,296520,Google Phone,USB-C Charging Cable,Google Phone + USB-C Charging Cable,1
2019-12-09,296531,27in FHD Monitor,Bose SoundSport Headphones,27in FHD Monitor + Bose SoundSport Headphones,1
2019-12-17,296574,Wired Headphones,iPhone,Wired Headphones + iPhone,1
2019-12-28,296609,Google Phone,USB-C Charging Cable,Google Phone + USB-C Charging Cable,1
2019-12-29,296641,Wired Headphones,iPhone,Wired Headphones + iPhone,1
2019-12-14,296653,Google Phone,Wired Headphones,Google Phone + Wired Headphones,1
2019-12-09,296670,USB-C Charging Cable,Vareebadd Phone,USB-C Charging Cable + Vareebadd Phone,1
2019-12-07,296687,27in 4K Gaming Monitor,Lightning Charging Cable,27in 4K Gaming Monitor + Lightning Charging Cable,1
2019-12-14,296707,Apple Airpods Headphones,Wired Headphones,Apple Airpods Headphones + Wired Headphones,1
2019-12-16,296730,27in 4K Gaming Monitor,Wired Headphones,27in 4K Gaming Monitor + Wired Headphones,1
2019-12-14,296797,Flatscreen TV,Macbook Pro Laptop,Flatscreen TV + Macbook Pro Laptop,1
2019-12-31,296804,AA Batteries (4-pack),Lightning Charging Cable,AA Batteries (4-pack) + Lightning Charging Cable,1
2019-12-31,296841,Wired Headphones,iPhone,Wired Headphones + iPhone,1
2019-12-29,296850,AAA Batteries (4-pack),Bose SoundSport Headphones,AAA Batteries (4-pack) + Bose SoundSport Headphones,1
2019-12-07,296856,27in FHD Monitor,Lightning Charging Cable,27in FHD Monitor + Lightning Charging Cable,1
2019-12-02,296900,Vareebadd Phone,Wired Headphones,Vareebadd Phone + Wired Headphones,1
2019-12-16,296914,Macbook Pro Laptop,iPhone,Macbook Pro Laptop + iPhone,1
2019-12-03,296922,Google Phone,USB-C Charging Cable,Google Phone + USB-C Charging Cable,1
2019-12-29,296944,Google Phone,USB-C Charging Cable,Google Phone + USB-C Charging Cable,1
2019-12-21,296978,Google Phone,USB-C Charging Cable,Google Phone + USB-C Charging Cable,1
2019-12-27,296987,Lightning Charging Cable,USB-C Charging Cable,Lightning Charging Cable + USB-C Charging Cable,1
2019-12-09,296992,Apple Airpods Headphones,iPhone,Apple Airpods Headphones + iPhone,1
2019-12-01,296998,Google Phone,USB-C Charging Cable,Google Phone + USB-C Charging Cable,1
2019-12-01,296998,Google Phone,Wired Headphones,Google Phone + Wired Headphones,1
2019-12-01,296998,USB-C Charging Cable,Wired Headphones,USB-C Charging Cable + Wired Headphones,1
2019-12-12,297023,AAA Batteries (4-pack),iPhone,AAA Batteries (4-pack) + iPhone,1
2019-12-17,297056,Apple Airpods Headphones,Wired Headphones,Apple Airpods Headphones + Wired Headphones,1
2019-12-17,297056,Apple Airpods Headphones,iPhone,Apple Airpods Headphones + iPhone,1
2019-12-17,297056,Wired Headphones,iPhone,Wired Headphones + iPhone,1
2019-12-06,297058,Google Phone,USB-C Charging Cable,Google Phone + USB-C Charging Cable,1
2019-12-06,297058,Google Phone,Wired Headphones,Google Phone + Wired Headphones,1
2019-12-06,297058,USB-C Charging Cable,Wired Headphones,USB-C Charging Cable + Wired Headphones,1
2019-12-07,297075,27in FHD Monitor,Lightning Charging Cable,27in FHD Monitor + Lightning Charging Cable,1
2019-12-27,297078,Lightning Charging Cable,iPhone,Lightning Charging Cable + iPhone,1
2019-12-23,297164,AA Batteries (4-pack),Lightning Charging Cable,AA Batteries (4-pack) + Lightning Charging Cable,1
2019-12-20,297165,AAA Batteries (4-pack),Lightning Charging Cable,AAA Batteries (4-pack) + Lightning Charging Cable,1
2019-12-04,297167,AAA Batteries (4-pack),Flatscreen TV,AAA Batteries (4-pack) + Flatscreen TV,1
2019-12-29,297192,AA Batteries (4-pack),Apple Airpods Headphones,AA Batteries (4-pack) + Apple Airpods Headphones,1
2019-12-19,297197,AA Batteries (4-pack),Wired Headphones,AA Batteries (4-pack) + Wired Headphones,1
2019-12-01,297227,Lightning Charging Cable,iPhone,Lightning Charging Cable + iPhone,1
2019-12-11,297256,Apple Airpods Headphones,Lightning Charging Cable,Apple Airpods Headphones + Lightning Charging Cable,1
2019-12-11,297256,Apple Airpods Headphones,iPhone,Apple Airpods Headphones + iPhone,1
2019-12-11,297256,Lightning Charging Cable,iPhone,Lightning Charging Cable + iPhone,1
2019-12-09,297278,Wired Headphones,iPhone,Wired Headphones + iPhone,1
2019-12-15,297286,Google Phone,USB-C Charging Cable,Google Phone + USB-C Charging Cable,1
2019-12-28,297343,Wired Headphones,iPhone,Wired Headphones + iPhone,1
2019-12-02,297345,Google Phone,Wired Headphones,Google Phone + Wired Headphones,1
2019-12-13,297374,Apple Airpods Headphones,iPhone,Apple Airpods Headphones + iPhone,1
2019-12-19,297378,Apple Airpods Headphones,iPhone,Apple Airpods Headphones + iPhone,1
2019-12-09,297388,Google Phone,Wired Headphones,Google Phone + Wired Headphones,1
2019-12-15,297412,Lightning Charging Cable,USB-C Charging Cable,Lightning Charging Cable + USB-C Charging Cable,1
2019-12-17,297438,Lightning Charging Cable,iPhone,Lightning Charging Cable + iPhone,1
2019-12-29,297452,Google Phone,USB-C Charging Cable,Google Phone + USB-C Charging Cable,1
2019-12-29,297457,Google Phone,USB-C Charging Cable,Google Phone + USB-C Charging Cable,1
2019-12-16,297538,Lightning Charging Cable,iPhone,Lightning Charging Cable + iPhone,1
2019-12-03,297554,USB-C Charging Cable,Vareebadd Phone,USB-C Charging Cable + Vareebadd Phone,1
2019-12-03,297554,USB-C Charging Cable,iPhone,USB-C Charging Cable + iPhone,1
2019-12-03,297554,Vareebadd Phone,iPhone,Vareebadd Phone + iPhone,1
2019-12-04,297565,Bose SoundSport Headphones,Google Phone,Bose SoundSport Headphones + Google Phone,1
2019-12-12,297569,Lightning Charging Cable,iPhone,Lightning Charging Cable + iPhone,1
2019-12-04,297573,Lightning Charging Cable,USB-C Charging Cable,Lightning Charging Cable + USB-C Charging Cable,1
2019-12-24,297576,Lightning Charging Cable,iPhone,Lightning Charging Cable + iPhone,1
2019-12-01,297592,Lightning Charging Cable,iPhone,Lightning Charging Cable + iPhone,1
2019-12-01,297630,Google Phone,Wired Headphones,Google Phone + Wired Headphones,1
2019-12-03,297640,27in FHD Monitor,Bose SoundSport Headphones,27in FHD Monitor + Bose SoundSport Headphones,1
2019-12-31,297706,Lightning Charging Cable,iPhone,Lightning Charging Cable + iPhone,1
2019-12-18,297730,USB-C Charging Cable,Vareebadd Phone,USB-C Charging Cable + Vareebadd Phone,1
2019-12-30,297760,Lightning Charging Cable,iPhone,Lightning Charging Cable + iPhone,1
2020-01-01,297817,Lightning Charging Cable,iPhone,Lightning Charging Cable + iPhone,1
2019-12-20,297840,AAA Batteries (4-pack),Apple Airpods Headphones,AAA Batteries (4-pack) + Apple Airpods Headphones,1
2019-12-01,297847,Lightning Charging Cable,iPhone,Lightning Charging Cable + iPhone,1
2019-12-13,297894,AA Batteries (4-pack),USB-C Charging Cable,AA Batteries (4-pack) + USB-C Charging Cable,1
2019-12-17,297895,27in FHD Monitor,USB-C Charging Cable,27in FHD Monitor + USB-C Charging Cable,1
2019-12-29,297945,Bose SoundSport Headphones,USB-C Charging Cable,Bose SoundSport Headphones + USB-C Charging Cable,1
2019-12-29,297945,Bose SoundSport Headphones,Vareebadd Phone,Bose SoundSport Headphones + Vareebadd Phone,1
2019-12-29,297945,USB-C Charging Cable,Vareebadd Phone,USB-C Charging Cable + Vareebadd Phone,1
2019-12-11,297951,Lightning Charging Cable,USB-C Charging Cable,Lightning Charging Cable + USB-C Charging Cable,1
2019-12-26,298007,AA Batteries (4-pack),iPhone,AA Batteries (4-pack) + iPhone,1
2019-12-25,298008,Google Phone,USB-C Charging Cable,Google Phone + USB-C Charging Cable,1
2019-12-28,298053,Google Phone,USB-C Charging Cable,Google Phone + USB-C Charging Cable,1
2019-12-17,298118,Google Phone,USB-C Charging Cable,Google Phone + USB-C Charging Cable,1
2019-12-30,298216,AAA Batteries (4-pack),Lightning Charging Cable,AAA Batteries (4-pack) + Lightning Charging Cable,1
2019-12-04,298289,Google Phone,USB-C Charging Cable,Google Phone + USB-C Charging Cable,1
2019-12-20,298352,AA Batteries (4-pack),Lightning Charging Cable,AA Batteries (4-pack) + Lightning Charging Cable,1
2019-12-04,298458,Wired Headphones,iPhone,Wired Headphones + iPhone,1
2019-12-24,298464,Bose SoundSport Headphones,Lightning Charging Cable,Bose SoundSport Headphones + Lightning Charging Cable,1
2019-12-07,298466,27in 4K Gaming Monitor,Wired Headphones,27in 4K Gaming Monitor + Wired Headphones,1
2019-12-15,298475,Lightning Charging Cable,Macbook Pro Laptop,Lightning Charging Cable + Macbook Pro Laptop,1
2019-12-03,298483,Lightning Charging Cable,iPhone,Lightning Charging Cable + iPhone,1
2019-12-30,298508,USB-C Charging Cable,Vareebadd Phone,USB-C Charging Cable + Vareebadd Phone,1
2019-12-23,298652,USB-C Charging Cable,Wired Headphones,USB-C Charging Cable + Wired Headphones,1
2019-12-11,298658,Apple Airpods Headphones,iPhone,Apple Airpods Headphones + iPhone,1
2019-12-09,298662,Google Phone,USB-C Charging Cable,Google Phone + USB-C Charging Cable,1
2019-12-25,298682,AAA Batteries (4-pack),Apple Airpods Headphones,AAA Batteries (4-pack) + Apple Airpods Headphones,1
2019-12-06,298692,AAA Batteries (4-pack),ThinkPad Laptop,AAA Batteries (4-pack) + ThinkPad Laptop,1
2019-12-23,298698,AA Batteries (4-pack),Lightning Charging Cable,AA Batteries (4-pack) + Lightning Charging Cable,1
2019-12-16,298732,Bose SoundSport Headphones,Vareebadd Phone,Bose SoundSport Headphones + Vareebadd Phone,1
2019-12-16,298734,Google Phone,USB-C Charging Cable,Google Phone + USB-C Charging Cable,1
2019-12-26,298744,Google Phone,Macbook Pro Laptop,Google Phone + Macbook Pro Laptop,1
2019-12-03,298801,Bose SoundSport Headphones,Lightning Charging Cable,Bose SoundSport Headphones + Lightning Charging Cable,1
2019-12-03,298806,Lightning Charging Cable,iPhone,Lightning Charging Cable + iPhone,1
2019-12-30,298821,27in 4K Gaming Monitor,AAA Batteries (4-pack),27in 4K Gaming Monitor + AAA Batteries (4-pack),1
2019-12-22,298829,Google Phone,USB-C Charging Cable,Google Phone + USB-C Charging Cable,1
2019-12-14,298835,Lightning Charging Cable,iPhone,Lightning Charging Cable + iPhone,1
2019-12-23,298844,USB-C Charging Cable,Vareebadd Phone,USB-C Charging Cable + Vareebadd Phone,1
2019-12-01,298867,27in 4K Gaming Monitor,USB-C Charging Cable,27in 4K Gaming Monitor + USB-C Charging Cable,1
2019-12-15,298871,Bose SoundSport Headphones,Google Phone,Bose SoundSport Headphones + Google Phone,1
2019-12-15,298871,Bose SoundSport Headphones,Wired Headphones,Bose SoundSport Headphones + Wired Headphones,1
2019-12-15,298871,Google Phone,Wired Headphones,Google Phone + Wired Headphones,1
2019-12-10,298922,Lightning Charging Cable,iPhone,Lightning Charging Cable + iPhone,1
2019-12-10,298931,Google Phone,USB-C Charging Cable,Google Phone + USB-C Charging Cable,1
2019-12-29,298991,Lightning Charging Cable,iPhone,Lightning Charging Cable + iPhone,1
2019-12-06,298994,Apple Airpods Headphones,iPhone,Apple Airpods Headphones + iPhone,1
2019-12-25,299010,AAA Batteries (4-pack),Lightning Charging Cable,AAA Batteries (4-pack) + Lightning Charging Cable,1
2019-12-30,299024,Google Phone,Wired Headphones,Google Phone + Wired Headphones,1
2019-12-30,299046,Google Phone,USB-C Charging Cable,Google Phone + USB-C Charging Cable,1
2019-12-03,299067,Apple Airpods Headphones,iPhone,Apple Airpods Headphones + iPhone,1
2019-12-09,299104,Lightning Charging Cable,iPhone,Lightning Charging Cable + iPhone,1
2019-12-01,299120,AAA Batteries (4-pack),Lightning Charging Cable,AAA Batteries (4-pack) + Lightning Charging Cable,1
2019-12-20,299123,Lightning Charging Cable,ThinkPad Laptop,Lightning Charging Cable + ThinkPad Laptop,1
2019-12-21,299126,Lightning Charging Cable,Wired Headphones,Lightning Charging Cable + Wired Headphones,1
2019-12-21,299126,Lightning Charging Cable,iPhone,Lightning Charging Cable + iPhone,1
2019-12-21,299126,Wired Headphones,iPhone,Wired Headphones + iPhone,1
2019-12-29,299127,AA Batteries (4-pack),AAA Batteries (4-pack),AA Batteries (4-pack) + AAA Batteries (4-pack),1
2019-12-29,299137,Apple Airpods Headphones,Wired Headphones,Apple Airpods Headphones + Wired Headphones,1
2019-12-14,299164,Google Phone,USB-C Charging Cable,Google Phone + USB-C Charging Cable,1
2019-12-04,299178,27in FHD Monitor,Apple Airpods Headphones,27in FHD Monitor + Apple Airpods Headphones,1
2019-12-29,299186,Google Phone,Wired Headphones,Google Phone + Wired Headphones,1
2019-12-10,299206,USB-C Charging Cable,Vareebadd Phone,USB-C Charging Cable + Vareebadd Phone,1
2019-12-10,299206,USB-C Charging Cable,Wired Headphones,USB-C Charging Cable + Wired Headphones,1
2019-12-10,299206,Vareebadd Phone,Wired Headphones,Vareebadd Phone + Wired Headphones,1
2019-12-10,299236,Lightning Charging Cable,Wired Headphones,Lightning Charging Cable + Wired Headphones,1
2019-12-10,299236,Lightning Charging Cable,iPhone,Lightning Charging Cable + iPhone,1
2019-12-10,299236,Wired Headphones,iPhone,Wired Headphones + iPhone,1
2019-12-02,299251,Wired Headphones,iPhone,Wired Headphones + iPhone,1
2019-12-23,299268,AAA Batteries (4-pack),Wired Headphones,AAA Batteries (4-pack) + Wired Headphones,1
2019-12-01,299278,Wired Headphones,iPhone,Wired Headphones + iPhone,1
2019-12-09,299398,Apple Airpods Headphones,iPhone,Apple Airpods Headphones + iPhone,1
2019-12-20,299434,27in FHD Monitor,AAA Batteries (4-pack),27in FHD Monitor + AAA Batteries (4-pack),1
2019-12-26,299442,Wired Headphones,iPhone,Wired Headphones + iPhone,1
2019-12-07,299518,34in Ultrawide Monitor,Flatscreen TV,34in Ultrawide Monitor + Flatscreen TV,1
2019-12-17,299536,AAA Batteries (4-pack),Flatscreen TV,AAA Batteries (4-pack) + Flatscreen TV,1
2019-12-20,299540,Google Phone,USB-C Charging Cable,Google Phone + USB-C Charging Cable,1
2019-12-27,299550,AA Batteries (4-pack),Lightning Charging Cable,AA Batteries (4-pack) + Lightning Charging Cable,1
2019-12-30,299572,Apple Airpods Headphones,Wired Headphones,Apple Airpods Headphones + Wired Headphones,1
2019-12-12,299573,Bose SoundSport Headphones,Lightning Charging Cable,Bose SoundSport Headphones + Lightning Charging Cable,1
2019-12-09,299586,Wired Headphones,iPhone,Wired Headphones + iPhone,1
2019-12-05,299598,Wired Headphones,iPhone,Wired Headphones + iPhone,1
2019-12-18,299620,AA Batteries (4-pack),Wired Headphones,AA Batteries (4-pack) + Wired Headphones,1
2019-12-05,299631,Google Phone,USB-C Charging Cable,Google Phone + USB-C Charging Cable,1
2019-12-14,299670,AA Batteries (4-pack),Lightning Charging Cable,AA Batteries (4-pack) + Lightning Charging Cable,1
2019-12-25,299703,Google Phone,USB-C Charging Cable,Google Phone + USB-C Charging Cable,1
2019-12-02,299719,Apple Airpods Headphones,Macbook Pro Laptop,Apple Airpods Headphones + Macbook Pro Laptop,1
2019-12-27,299745,Bose SoundSport Headphones,Vareebadd Phone,Bose SoundSport Headphones + Vareebadd Phone,1
2019-12-13,299792,Bose SoundSport Headphones,Vareebadd Phone,Bose SoundSport Headphones + Vareebadd Phone,1
2019-12-13,299792,Bose SoundSport Headphones,Wired Headphones,Bose SoundSport Headphones + Wired Headphones,1
2019-12-13,299792,Vareebadd Phone,Wired Headphones,Vareebadd Phone + Wired Headphones,1
2019-12-07,299804,27in FHD Monitor,AAA Batteries (4-pack),27in FHD Monitor + AAA Batteries (4-pack),1
2019-12-26,299819,AAA Batteries (4-pack),Google Phone,AAA Batteries (4-pack) + Google Phone,1
2019-12-25,299830,Apple Airpods Headphones,Lightning Charging Cable,Apple Airpods Headphones + Lightning Charging Cable,1
2019-12-25,299830,Apple Airpods Headphones,iPhone,Apple Airpods Headphones + iPhone,1
2019-12-25,299830,Lightning Charging Cable,iPhone,Lightning Charging Cable + iPhone,1
2019-12-04,299882,Google Phone,Wired Headphones,Google Phone + Wired Headphones,1
2019-12-12,299886,20in Monitor,USB-C Charging Cable,20in Monitor + USB-C Charging Cable,1
2019-12-22,299898,USB-C Charging Cable,Vareebadd Phone,USB-C Charging Cable + Vareebadd Phone,1
2019-12-25,299953,Google Phone,USB-C Charging Cable,Google Phone + USB-C Charging Cable,1
2019-12-08,299975,Google Phone,USB-C Charging Cable,Google Phone + USB-C Charging Cable,1
2019-12-09,299981,Apple Airpods Headphones,iPhone,Apple Airpods Headphones + iPhone,1
2019-12-04,299988,Google Phone,Wired Headphones,Google Phone + Wired Headphones,1
2019-12-31,300002,AAA Batteries (4-pack),Lightning Charging Cable,AAA Batteries (4-pack) + Lightning Charging Cable,1
2019-12-14,300034,Google Phone,USB-C Charging Cable,Google Phone + USB-C Charging Cable,1
2019-12-26,300072,USB-C Charging Cable,Vareebadd Phone,USB-C Charging Cable + Vareebadd Phone,1
2019-12-26,300072,USB-C Charging Cable,Wired Headphones,USB-C Charging Cable + Wired Headphones,1
2019-12-26,300072,Vareebadd Phone,Wired Headphones,Vareebadd Phone + Wired Headphones,1
2019-12-12,300117,AAA Batteries (4-pack),Apple Airpods Headphones,AAA Batteries (4-pack) + Apple Airpods Headphones,1
2019-12-14,300148,Bose SoundSport Headphones,Google Phone,Bose SoundSport Headphones + Google Phone,1
2019-12-16,300222,Apple Airpods Headphones,iPhone,Apple Airpods Headphones + iPhone,1
2019-12-20,300230,Apple Airpods Headphones,iPhone,Apple Airpods Headphones + iPhone,1
2019-12-15,300258,Bose SoundSport Headphones,Google Phone,Bose SoundSport Headphones + Google Phone,1
2019-12-21,300276,Google Phone,USB-C Charging Cable,Google Phone + USB-C Charging Cable,1
2019-12-12,300310,Google Phone,Wired Headphones,Google Phone + Wired Headphones,1
2019-12-14,300343,USB-C Charging Cable,Vareebadd Phone,USB-C Charging Cable + Vareebadd Phone,1
2019-12-20,300383,Google Phone,Wired Headphones,Google Phone + Wired Headphones,1
2019-12-16,300395,Google Phone,USB-C Charging Cable,Google Phone + USB-C Charging Cable,1
2019-12-27,300412,20in Monitor,USB-C Charging Cable,20in Monitor + USB-C Charging Cable,1
2019-12-27,300456,AAA Batteries (4-pack),USB-C Charging Cable,AAA Batteries (4-pack) + USB-C Charging Cable,1
2019-12-08,300495,AA Batteries (4-pack),iPhone,AA Batteries (4-pack) + iPhone,1
2020-01-01,300519,Bose SoundSport Headphones,Lightning Charging Cable,Bose SoundSport Headphones + Lightning Charging Cable,1
2019-12-06,300528,Google Phone,USB-C Charging Cable,Google Phone + USB-C Charging Cable,1
2019-12-22,300576,AA Batteries (4-pack),Bose SoundSport Headphones,AA Batteries (4-pack) + Bose SoundSport Headphones,1
2019-12-16,300601,20in Monitor,Apple Airpods Headphones,20in Monitor + Apple Airpods Headphones,1
2019-12-24,300615,Apple Airpods Headphones,iPhone,Apple Airpods Headphones + iPhone,1
2019-12-11,300659,Lightning Charging Cable,iPhone,Lightning Charging Cable + iPhone,1
2019-12-18,300673,Apple Airpods Headphones,iPhone,Apple Airpods Headphones + iPhone,1
2019-12-27,300683,USB-C Charging Cable,Vareebadd Phone,USB-C Charging Cable + Vareebadd Phone,1
2019-12-27,300683,USB-C Charging Cable,Wired Headphones,USB-C Charging Cable + Wired Headphones,1
2019-12-27,300683,Vareebadd Phone,Wired Headphones,Vareebadd Phone + Wired Headphones,1
2019-12-14,300719,ThinkPad Laptop,Vareebadd Phone,ThinkPad Laptop + Vareebadd Phone,1
2019-12-29,300766,Google Phone,USB-C Charging Cable,Google Phone + USB-C Charging Cable,1
2019-12-10,300835,Bose SoundSport Headphones,Google Phone,Bose SoundSport Headphones + Google Phone,1
2019-12-10,300835,Bose SoundSport Headphones,Wired Headphones,Bose SoundSport Headphones + Wired Headphones,1
2019-12-10,300835,Google Phone,Wired Headphones,Google Phone + Wired Headphones,1
2019-12-01,300857,Lightning Charging Cable,iPhone,Lightning Charging Cable + iPhone,1
2019-12-27,300875,Bose SoundSport Headphones,ThinkPad Laptop,Bose SoundSport Headphones + ThinkPad Laptop,1
2019-12-13,300877,Lightning Charging Cable,iPhone,Lightning Charging Cable + iPhone,1
2019-12-18,300956,AAA Batteries (4-pack),Wired Headphones,AAA Batteries (4-pack) + Wired Headphones,1
2019-12-09,300987,Google Phone,Lightning Charging Cable,Google Phone + Lightning Charging Cable,1
2019-12-19,301004,Google Phone,USB-C Charging Cable,Google Phone + USB-C Charging Cable,1
2019-12-14,301034,Wired Headphones,iPhone,Wired Headphones + iPhone,1
2019-12-27,301072,34in Ultrawide Monitor,Wired Headphones,34in Ultrawide Monitor + Wired Headphones,1
2019-12-20,301101,AAA Batteries (4-pack),Apple Airpods Headphones,AAA Batteries (4-pack) + Apple Airpods Headphones,1
2019-12-16,301127,27in 4K Gaming Monitor,AAA Batteries (4-pack),27in 4K Gaming Monitor + AAA Batteries (4-pack),1
2019-12-24,301165,Lightning Charging Cable,iPhone,Lightning Charging Cable + iPhone,1
2019-12-21,301178,USB-C Charging Cable,Vareebadd Phone,USB-C Charging Cable + Vareebadd Phone,1
2019-12-13,301186,Apple Airpods Headphones,Google Phone,Apple Airpods Headphones + Google Phone,1
2019-12-09,301246,AA Batteries (4-pack),Apple Airpods Headphones,AA Batteries (4-pack) + Apple Airpods Headphones,1
2019-12-06,301293,Lightning Charging Cable,Macbook Pro Laptop,Lightning Charging Cable + Macbook Pro Laptop,1
2019-12-03,301334,AA Batteries (4-pack),USB-C Charging Cable,AA Batteries (4-pack) + USB-C Charging Cable,1
2019-12-18,301336,USB-C Charging Cable,Vareebadd Phone,USB-C Charging Cable + Vareebadd Phone,1
2019-12-21,301347,Apple Airpods Headphones,Lightning Charging Cable,Apple Airpods Headphones + Lightning Charging Cable,1
2019-12-18,301382,Bose SoundSport Headphones,Google Phone,Bose SoundSport Headphones + Google Phone,1
2019-12-18,301382,Bose SoundSport Headphones,USB-C Charging Cable,Bose SoundSport Headphones + USB-C Charging Cable,1
2019-12-18,301382,Google Phone,USB-C Charging Cable,Google Phone + USB-C Charging Cable,1
2019-12-17,301425,Lightning Charging Cable,iPhone,Lightning Charging Cable + iPhone,1
2019-12-15,301503,Google Phone,USB-C Charging Cable,Google Phone + USB-C Charging Cable,1
2019-12-27,301507,USB-C Charging Cable,Vareebadd Phone,USB-C Charging Cable + Vareebadd Phone,1
2019-12-12,301611,AAA Batteries (4-pack),Wired Headphones,AAA Batteries (4-pack) + Wired Headphones,1
2019-12-15,301701,Lightning Charging Cable,iPhone,Lightning Charging Cable + iPhone,1
2019-12-16,301727,Bose SoundSport Headphones,Google Phone,Bose SoundSport Headphones + Google Phone,1
2019-12-19,301729,Lightning Charging Cable,iPhone,Lightning Charging Cable + iPhone,1
2019-12-05,301797,Apple Airpods Headphones,iPhone,Apple Airpods Headphones + iPhone,1
2019-12-31,301832,20in Monitor,AAA Batteries (4-pack),20in Monitor + AAA Batteries (4-pack),1
2019-12-23,301845,Wired Headphones,iPhone,Wired Headphones + iPhone,1
2019-12-06,301881,20in Monitor,27in FHD Monitor,20in Monitor + 27in FHD Monitor,1
2019-12-28,301884,Flatscreen TV,Vareebadd Phone,Flatscreen TV + Vareebadd Phone,1
2019-12-13,301892,Wired Headphones,iPhone,Wired Headphones + iPhone,1
2019-12-08,301896,27in 4K Gaming Monitor,Wired Headphones,27in 4K Gaming Monitor + Wired Headphones,1
2019-12-03,301917,Apple Airpods Headphones,Vareebadd Phone,Apple Airpods Headphones + Vareebadd Phone,1
2019-12-16,301938,USB-C Charging Cable,Wired Headphones,USB-C Charging Cable + Wired Headphones,1
2019-12-23,301985,Google Phone,USB-C Charging Cable,Google Phone + USB-C Charging Cable,1
2019-12-15,301997,AAA Batteries (4-pack),USB-C Charging Cable,AAA Batteries (4-pack) + USB-C Charging Cable,1
2019-12-21,302055,Wired Headphones,iPhone,Wired Headphones + iPhone,1
2019-12-21,302127,Google Phone,Wired Headphones,Google Phone + Wired Headphones,1
2019-12-14,302146,34in Ultrawide Monitor,Lightning Charging Cable,34in Ultrawide Monitor + Lightning Charging Cable,1
2019-12-30,302154,Apple Airpods Headphones,Bose SoundSport Headphones,Apple Airpods Headphones + Bose SoundSport Headphones,1
2019-12-30,302171,USB-C Charging Cable,Wired Headphones,USB-C Charging Cable + Wired Headphones,1
2019-12-09,302269,Apple Airpods Headphones,Google Phone,Apple Airpods Headphones + Google Phone,1
2019-12-14,302322,20in Monitor,Wired Headphones,20in Monitor + Wired Headphones,1
2019-12-11,302332,Apple Airpods Headphones,iPhone,Apple Airpods Headphones + iPhone,1
2019-12-06,302388,AAA Batteries (4-pack),Apple Airpods Headphones,AAA Batteries (4-pack) + Apple Airpods Headphones,1
2019-12-18,302401,Lightning Charging Cable,iPhone,Lightning Charging Cable + iPhone,1
2019-12-18,302428,Google Phone,USB-C Charging Cable,Google Phone + USB-C Charging Cable,1
2019-12-26,302444,Google Phone,USB-C Charging Cable,Google Phone + USB-C Charging Cable,1
2019-12-02,302451,Apple Airpods Headphones,Macbook Pro Laptop,Apple Airpods Headphones + Macbook Pro Laptop,1
2019-12-23,302464,AAA Batteries (4-pack),Google Phone,AAA Batteries (4-pack) + Google Phone,1
2019-12-25,302478,Bose SoundSport Headphones,Lightning Charging Cable,Bose SoundSport Headphones + Lightning Charging Cable,1
2019-12-06,302491,AAA Batteries (4-pack),USB-C Charging Cable,AAA Batteries (4-pack) + USB-C Charging Cable,1
2019-12-27,302512,Lightning Charging Cable,iPhone,Lightning Charging Cable + iPhone,1
2019-12-23,302534,Wired Headphones,iPhone,Wired Headphones + iPhone,1
2019-12-14,302546,Bose SoundSport Headphones,Google Phone,Bose SoundSport Headphones + Google Phone,1
2019-12-17,302566,Google Phone,USB-C Charging Cable,Google Phone + USB-C Charging Cable,1
2019-12-30,302577,34in Ultrawide Monitor,USB-C Charging Cable,34in Ultrawide Monitor + USB-C Charging Cable,1
2019-12-18,302578,Lightning Charging Cable,USB-C Charging Cable,Lightning Charging Cable + USB-C Charging Cable,1
2019-12-30,302625,Google Phone,Wired Headphones,Google Phone + Wired Headphones,1
2019-12-03,302639,Google Phone,USB-C Charging Cable,Google Phone + USB-C Charging Cable,1
2019-12-29,302691,AA Batteries (4-pack),iPhone,AA Batteries (4-pack) + iPhone,1
2019-12-12,302708,Vareebadd Phone,Wired Headphones,Vareebadd Phone + Wired Headphones,1
2019-12-12,302713,Apple Airpods Headphones,Bose SoundSport Headphones,Apple Airpods Headphones + Bose SoundSport Headphones,1
2019-12-15,302717,AAA Batteries (4-pack),USB-C Charging Cable,AAA Batteries (4-pack) + USB-C Charging Cable,1
2019-12-24,302721,Lightning Charging Cable,Wired Headphones,Lightning Charging Cable + Wired Headphones,1
2019-12-24,302721,Lightning Charging Cable,iPhone,Lightning Charging Cable + iPhone,1
2019-12-24,302721,Wired Headphones,iPhone,Wired Headphones + iPhone,1
2019-12-12,302746,Lightning Charging Cable,iPhone,Lightning Charging Cable + iPhone,1
2019-12-04,302750,Lightning Charging Cable,iPhone,Lightning Charging Cable + iPhone,1
2019-12-30,302778,AAA Batteries (4-pack),Bose SoundSport Headphones,AAA Batteries (4-pack) + Bose SoundSport Headphones,1
2019-12-06,302793,Google Phone,USB-C Charging Cable,Google Phone + USB-C Charging Cable,1
2019-12-30,302864,27in 4K Gaming Monitor,Lightning Charging Cable,27in 4K Gaming Monitor + Lightning Charging Cable,1
2019-12-09,302881,27in 4K Gaming Monitor,Google Phone,27in 4K Gaming Monitor + Google Phone,1
2019-12-03,302888,27in FHD Monitor,AAA Batteries (4-pack),27in FHD Monitor + AAA Batteries (4-pack),1
2019-12-23,302985,Apple Airpods Headphones,USB-C Charging Cable,Apple Airpods Headphones + USB-C Charging Cable,1
2019-12-23,302989,USB-C Charging Cable,Vareebadd Phone,USB-C Charging Cable + Vareebadd Phone,1
2019-12-23,302989,USB-C Charging Cable,Wired Headphones,USB-C Charging Cable + Wired Headphones,1
2019-12-23,302989,Vareebadd Phone,Wired Headphones,Vareebadd Phone + Wired Headphones,1
2019-12-26,302991,Google Phone,USB-C Charging Cable,Google Phone + USB-C Charging Cable,1
2019-12-26,302991,Google Phone,Wired Headphones,Google Phone + Wired Headphones,1
2019-12-26,302991,USB-C Charging Cable,Wired Headphones,USB-C Charging Cable + Wired Headphones,1
2019-12-29,303043,AA Batteries (4-pack),USB-C Charging Cable,AA Batteries (4-pack) + USB-C Charging Cable,1
2019-12-25,303051,Lightning Charging Cable,iPhone,Lightning Charging Cable + iPhone,1
2019-12-25,303069,Google Phone,USB-C Charging Cable,Google Phone + USB-C Charging Cable,1
2019-12-03,303080,27in FHD Monitor,Apple Airpods Headphones,27in FHD Monitor + Apple Airpods Headphones,1
2019-12-31,303147,Lightning Charging Cable,iPhone,Lightning Charging Cable + iPhone,1
2019-12-25,303154,Wired Headphones,iPhone,Wired Headphones + iPhone,1
2019-12-24,303295,AA Batteries (4-pack),Apple Airpods Headphones,AA Batteries (4-pack) + Apple Airpods Headphones,1
2019-12-13,303317,Google Phone,USB-C Charging Cable,Google Phone + USB-C Charging Cable,1
2019-12-22,303322,Lightning Charging Cable,Wired Headphones,Lightning Charging Cable + Wired Headphones,1
2019-12-10,303338,Lightning Charging Cable,USB-C Charging Cable,Lightning Charging Cable + USB-C Charging Cable,1
2019-12-30,303356,Wired Headphones,iPhone,Wired Headphones + iPhone,1
2019-12-25,303357,Apple Airpods Headphones,Google Phone,Apple Airpods Headphones + Google Phone,1
2019-12-08,303368,Lightning Charging Cable,iPhone,Lightning Charging Cable + iPhone,1
2019-12-28,303370,Bose SoundSport Headphones,Google Phone,Bose SoundSport Headphones + Google Phone,1
2019-12-21,303402,Google Phone,Wired Headphones,Google Phone + Wired Headphones,1
2019-12-10,303421,20in Monitor,Bose SoundSport Headphones,20in Monitor + Bose SoundSport Headphones,1
2019-12-06,303458,ThinkPad Laptop,USB-C Charging Cable,ThinkPad Laptop + USB-C Charging Cable,1
2019-12-18,303467,Lightning Charging Cable,iPhone,Lightning Charging Cable + iPhone,1
2019-12-19,303477,Lightning Charging Cable,iPhone,Lightning Charging Cable + iPhone,1
2019-12-26,303485,Google Phone,USB-C Charging Cable,Google Phone + USB-C Charging Cable,1
2019-12-21,303508,USB-C Charging Cable,Wired Headphones,USB-C Charging Cable + Wired Headphones,1
2019-12-21,303520,Lightning Charging Cable,iPhone,Lightning Charging Cable + iPhone,1
2019-12-20,303525,Google Phone,USB-C Charging Cable,Google Phone + USB-C Charging Cable,1
2019-12-07,303527,Lightning Charging Cable,iPhone,Lightning Charging Cable + iPhone,1
2019-12-05,303535,Google Phone,USB-C Charging Cable,Google Phone + USB-C Charging Cable,1
2019-12-17,303592,Google Phone,USB-C Charging Cable,Google Phone + USB-C Charging Cable,1
2019-12-14,303593,Google Phone,USB-C Charging Cable,Google Phone + USB-C Charging Cable,1
2019-12-23,303648,Vareebadd Phone,Wired Headphones,Vareebadd Phone + Wired Headphones,1
2019-12-16,303662,27in FHD Monitor,AAA Batteries (4-pack),27in FHD Monitor + AAA Batteries (4-pack),1
2019-12-09,303709,AA Batteries (4-pack),AAA Batteries (4-pack),AA Batteries (4-pack) + AAA Batteries (4-pack),1
2019-12-02,303719,Wired Headphones,iPhone,Wired Headphones + iPhone,1
2019-12-22,303721,AA Batteries (4-pack),Flatscreen TV,AA Batteries (4-pack) + Flatscreen TV,1
2019-12-01,303736,LG Washing Machine,Wired Headphones,LG Washing Machine + Wired Headphones,1
2019-12-11,303751,27in FHD Monitor,Apple Airpods Headphones,27in FHD Monitor + Apple Airpods Headphones,1
2019-12-03,303907,Google Phone,USB-C Charging Cable,Google Phone + USB-C Charging Cable,1
2019-12-03,303907,Google Phone,Wired Headphones,Google Phone + Wired Headphones,1
2019-12-03,303907,USB-C Charging Cable,Wired Headphones,USB-C Charging Cable + Wired Headphones,1
2019-12-06,303909,Lightning Charging Cable,USB-C Charging Cable,Lightning Charging Cable + USB-C Charging Cable,1
2019-12-10,303920,Wired Headphones,iPhone,Wired Headphones + iPhone,1
2019-12-04,303968,Lightning Charging Cable,iPhone,Lightning Charging Cable + iPhone,1
2019-12-03,303972,USB-C Charging Cable,Vareebadd Phone,USB-C Charging Cable + Vareebadd Phone,1
2019-12-12,303984,AAA Batteries (4-pack),USB-C Charging Cable,AAA Batteries (4-pack) + USB-C Charging Cable,1
2019-12-05,303986,Google Phone,Wired Headphones,Google Phone + Wired Headphones,1
2019-12-24,304055,AAA Batteries (4-pack),Flatscreen TV,AAA Batteries (4-pack) + Flatscreen TV,1
2019-12-25,304056,AA Batteries (4-pack),ThinkPad Laptop,AA Batteries (4-pack) + ThinkPad Laptop,1
2019-12-29,304065,27in 4K Gaming Monitor,Wired Headphones,27in 4K Gaming Monitor + Wired Headphones,1
2019-12-20,304101,AA Batteries (4-pack),AAA Batteries (4-pack),AA Batteries (4-pack) + AAA Batteries (4-pack),1
2019-12-28,304133,AAA Batteries (4-pack),Lightning Charging Cable,AAA Batteries (4-pack) + Lightning Charging Cable,1
2019-12-23,304136,34in Ultrawide Monitor,iPhone,34in Ultrawide Monitor + iPhone,1
2019-12-19,304219,AA Batteries (4-pack),Lightning Charging Cable,AA Batteries (4-pack) + Lightning Charging Cable,1
2019-12-16,304221,Lightning Charging Cable,Wired Headphones,Lightning Charging Cable + Wired Headphones,1
2019-12-26,304252,Lightning Charging Cable,iPhone,Lightning Charging Cable + iPhone,1
2019-12-11,304257,34in Ultrawide Monitor,iPhone,34in Ultrawide Monitor + iPhone,1
2019-12-15,304276,ThinkPad Laptop,iPhone,ThinkPad Laptop + iPhone,1
2019-12-25,304290,Google Phone,USB-C Charging Cable,Google Phone + USB-C Charging Cable,1
2019-12-17,304291,Apple Airpods Headphones,Bose SoundSport Headphones,Apple Airpods Headphones + Bose SoundSport Headphones,1
2019-12-13,304295,Google Phone,Wired Headphones,Google Phone + Wired Headphones,1
2019-12-13,304324,Lightning Charging Cable,iPhone,Lightning Charging Cable + iPhone,1
2019-12-07,304419,AA Batteries (4-pack),Apple Airpods Headphones,AA Batteries (4-pack) + Apple Airpods Headphones,1
2019-12-07,304447,Bose SoundSport Headphones,Lightning Charging Cable,Bose SoundSport Headphones + Lightning Charging Cable,1
2019-12-24,304455,USB-C Charging Cable,Vareebadd Phone,USB-C Charging Cable + Vareebadd Phone,1
2019-12-10,304465,Lightning Charging Cable,iPhone,Lightning Charging Cable + iPhone,1
2019-12-27,304501,Lightning Charging Cable,ThinkPad Laptop,Lightning Charging Cable + ThinkPad Laptop,1
2019-12-10,304568,Lightning Charging Cable,iPhone,Lightning Charging Cable + iPhone,1
2019-12-05,304574,27in 4K Gaming Monitor,AA Batteries (4-pack),27in 4K Gaming Monitor + AA Batteries (4-pack),1
2019-12-07,304619,USB-C Charging Cable,Vareebadd Phone,USB-C Charging Cable + Vareebadd Phone,1
2019-12-24,304628,AAA Batteries (4-pack),Macbook Pro Laptop,AAA Batteries (4-pack) + Macbook Pro Laptop,1
2019-12-09,304644,AAA Batteries (4-pack),ThinkPad Laptop,AAA Batteries (4-pack) + ThinkPad Laptop,1
2019-12-03,304674,Lightning Charging Cable,iPhone,Lightning Charging Cable + iPhone,1
2019-12-20,304684,Google Phone,USB-C Charging Cable,Google Phone + USB-C Charging Cable,1
2019-12-20,304684,Google Phone,Wired Headphones,Google Phone + Wired Headphones,1
2019-12-20,304684,USB-C Charging Cable,Wired Headphones,USB-C Charging Cable + Wired Headphones,1
2019-12-28,304724,27in FHD Monitor,USB-C Charging Cable,27in FHD Monitor + USB-C Charging Cable,1
2019-12-25,304742,Lightning Charging Cable,Wired Headphones,Lightning Charging Cable + Wired Headphones,1
2019-12-25,304742,Lightning Charging Cable,iPhone,Lightning Charging Cable + iPhone,1
2019-12-25,304742,Wired Headphones,iPhone,Wired Headphones + iPhone,1
2019-12-11,304754,Lightning Charging Cable,iPhone,Lightning Charging Cable + iPhone,1
2019-12-05,304774,AAA Batteries (4-pack),USB-C Charging Cable,AAA Batteries (4-pack) + USB-C Charging Cable,1
2019-12-28,304784,AAA Batteries (4-pack),Lightning Charging Cable,AAA Batteries (4-pack) + Lightning Charging Cable,1
2019-12-27,304802,34in Ultrawide Monitor,Bose SoundSport Headphones,34in Ultrawide Monitor + Bose SoundSport Headphones,1
2019-12-27,304802,34in Ultrawide Monitor,Google Phone,34in Ultrawide Monitor + Google Phone,1
2019-12-27,304802,34in Ultrawide Monitor,USB-C Charging Cable,34in Ultrawide Monitor + USB-C Charging Cable,1
2019-12-27,304802,Bose SoundSport Headphones,Google Phone,Bose SoundSport Headphones + Google Phone,1
2019-12-27,304802,Bose SoundSport Headphones,USB-C Charging Cable,Bose SoundSport Headphones + USB-C Charging Cable,1
2019-12-27,304802,Google Phone,USB-C Charging Cable,Google Phone + USB-C Charging Cable,1
2019-12-20,304805,Bose SoundSport Headphones,Lightning Charging Cable,Bose SoundSport Headphones + Lightning Charging Cable,1
2019-12-16,304813,34in Ultrawide Monitor,AA Batteries (4-pack),34in Ultrawide Monitor + AA Batteries (4-pack),1
2019-12-26,304829,AA Batteries (4-pack),Flatscreen TV,AA Batteries (4-pack) + Flatscreen TV,1
2019-12-09,304867,AAA Batteries (4-pack),Lightning Charging Cable,AAA Batteries (4-pack) + Lightning Charging Cable,1
2019-12-30,304888,34in Ultrawide Monitor,Google Phone,34in Ultrawide Monitor + Google Phone,1
2019-12-03,304894,Google Phone,USB-C Charging Cable,Google Phone + USB-C Charging Cable,1
2019-12-01,304962,Lightning Charging Cable,USB-C Charging Cable,Lightning Charging Cable + USB-C Charging Cable,1
2019-12-19,305010,Apple Airpods Headphones,Wired Headphones,Apple Airpods Headphones + Wired Headphones,1
2019-12-01,305030,USB-C Charging Cable,Vareebadd Phone,USB-C Charging Cable + Vareebadd Phone,1
2019-12-19,305062,Wired Headphones,iPhone,Wired Headphones + iPhone,1
2019-12-29,305064,Lightning Charging Cable,USB-C Charging Cable,Lightning Charging Cable + USB-C Charging Cable,1
2019-12-13,305079,Google Phone,USB-C Charging Cable,Google Phone + USB-C Charging Cable,1
2019-12-16,305229,Lightning Charging Cable,iPhone,Lightning Charging Cable + iPhone,1
2019-12-14,305258,AA Batteries (4-pack),AAA Batteries (4-pack),AA Batteries (4-pack) + AAA Batteries (4-pack),1
2019-12-22,305259,Wired Headphones,iPhone,Wired Headphones + iPhone,1
2019-12-10,305316,USB-C Charging Cable,Wired Headphones,USB-C Charging Cable + Wired Headphones,1
2019-12-15,305325,Google Phone,USB-C Charging Cable,Google Phone + USB-C Charging Cable,1
2019-12-23,305333,AAA Batteries (4-pack),Apple Airpods Headphones,AAA Batteries (4-pack) + Apple Airpods Headphones,1
2019-12-07,305339,Google Phone,Wired Headphones,Google Phone + Wired Headphones,1
2019-12-19,305341,AA Batteries (4-pack),Lightning Charging Cable,AA Batteries (4-pack) + Lightning Charging Cable,1
2019-12-22,305351,Apple Airpods Headphones,Google Phone,Apple Airpods Headphones + Google Phone,1
2019-12-05,305382,27in FHD Monitor,Apple Airpods Headphones,27in FHD Monitor + Apple Airpods Headphones,1
2019-12-10,305438,27in FHD Monitor,Macbook Pro Laptop,27in FHD Monitor + Macbook Pro Laptop,1
2019-12-08,305498,AAA Batteries (4-pack),iPhone,AAA Batteries (4-pack) + iPhone,1
2019-12-26,305527,Apple Airpods Headphones,iPhone,Apple Airpods Headphones + iPhone,1
2019-12-17,305556,Vareebadd Phone,Wired Headphones,Vareebadd Phone + Wired Headphones,1
2019-12-15,305558,AA Batteries (4-pack),Wired Headphones,AA Batteries (4-pack) + Wired Headphones,1
2019-12-20,305581,Google Phone,Wired Headphones,Google Phone + Wired Headphones,1
2019-12-02,305655,AA Batteries (4-pack),Lightning Charging Cable,AA Batteries (4-pack) + Lightning Charging Cable,1
2019-12-18,305668,Wired Headphones,iPhone,Wired Headphones + iPhone,1
2019-12-24,305696,27in FHD Monitor,Wired Headphones,27in FHD Monitor + Wired Headphones,1
2019-12-25,305703,Google Phone,USB-C Charging Cable,Google Phone + USB-C Charging Cable,1
2019-12-31,305706,Google Phone,USB-C Charging Cable,Google Phone + USB-C Charging Cable,1
2019-12-30,305783,Google Phone,USB-C Charging Cable,Google Phone + USB-C Charging Cable,1
2019-12-04,305827,Wired Headphones,iPhone,Wired Headphones + iPhone,1
2019-12-22,305862,Lightning Charging Cable,iPhone,Lightning Charging Cable + iPhone,1
2019-12-24,305885,Wired Headphones,iPhone,Wired Headphones + iPhone,1
2019-12-16,305948,Lightning Charging Cable,iPhone,Lightning Charging Cable + iPhone,1
2019-12-21,305952,Flatscreen TV,Google Phone,Flatscreen TV + Google Phone,1
2019-12-09,305976,AA Batteries (4-pack),AAA Batteries (4-pack),AA Batteries (4-pack) + AAA Batteries (4-pack),1
2019-12-08,305998,Google Phone,USB-C Charging Cable,Google Phone + USB-C Charging Cable,1
2019-12-19,306025,Bose SoundSport Headphones,Flatscreen TV,Bose SoundSport Headphones + Flatscreen TV,1
2019-12-05,306069,Google Phone,Wired Headphones,Google Phone + Wired Headphones,1
2019-12-08,306115,AAA Batteries (4-pack),Apple Airpods Headphones,AAA Batteries (4-pack) + Apple Airpods Headphones,1
2019-12-08,306115,AAA Batteries (4-pack),iPhone,AAA Batteries (4-pack) + iPhone,1
2019-12-08,306115,Apple Airpods Headphones,iPhone,Apple Airpods Headphones + iPhone,1
2019-12-06,306135,Google Phone,USB-C Charging Cable,Google Phone + USB-C Charging Cable,1
2019-12-14,306169,Lightning Charging Cable,iPhone,Lightning Charging Cable + iPhone,1
2019-12-04,306194,Wired Headphones,iPhone,Wired Headphones + iPhone,1
2019-12-26,306219,Google Phone,USB-C Charging Cable,Google Phone + USB-C Charging Cable,1
2019-12-06,306246,Wired Headphones,iPhone,Wired Headphones + iPhone,1
2019-12-15,306258,Lightning Charging Cable,USB-C Charging Cable,Lightning Charging Cable + USB-C Charging Cable,1
2019-12-19,306261,27in 4K Gaming Monitor,Apple Airpods Headphones,27in 4K Gaming Monitor + Apple Airpods Headphones,1
2019-12-12,306277,Bose SoundSport Headphones,Google Phone,Bose SoundSport Headphones + Google Phone,1
2019-12-11,306311,AAA Batteries (4-pack),iPhone,AAA Batteries (4-pack) + iPhone,1
2019-12-17,306332,Lightning Charging Cable,iPhone,Lightning Charging Cable + iPhone,1
2019-12-08,306428,Flatscreen TV,Lightning Charging Cable,Flatscreen TV + Lightning Charging Cable,1
2019-12-26,306441,Wired Headphones,iPhone,Wired Headphones + iPhone,1
2019-12-12,306470,Google Phone,USB-C Charging Cable,Google Phone + USB-C Charging Cable,1
2019-12-30,306498,AAA Batteries (4-pack),Lightning Charging Cable,AAA Batteries (4-pack) + Lightning Charging Cable,1
2019-12-22,306517,Google Phone,Wired Headphones,Google Phone + Wired Headphones,1
2019-12-11,306527,20in Monitor,Wired Headphones,20in Monitor + Wired Headphones,1
2019-12-26,306574,Lightning Charging Cable,iPhone,Lightning Charging Cable + iPhone,1
2019-12-27,306603,Google Phone,USB-C Charging Cable,Google Phone + USB-C Charging Cable,1
2019-12-24,306611,Vareebadd Phone,Wired Headphones,Vareebadd Phone + Wired Headphones,1
2019-12-28,306681,USB-C Charging Cable,Wired Headphones,USB-C Charging Cable + Wired Headphones,1
2019-12-18,306739,Lightning Charging Cable,USB-C Charging Cable,Lightning Charging Cable + USB-C Charging Cable,1
2019-12-16,306744,Macbook Pro Laptop,USB-C Charging Cable,Macbook Pro Laptop + USB-C Charging Cable,1
2019-12-16,306750,Lightning Charging Cable,USB-C Charging Cable,Lightning Charging Cable + USB-C Charging Cable,1
2019-12-10,306752,AAA Batteries (4-pack),Apple Airpods Headphones,AAA Batteries (4-pack) + Apple Airpods Headphones,1
2019-12-07,306774,Lightning Charging Cable,iPhone,Lightning Charging Cable + iPhone,1
2019-12-03,306782,Google Phone,USB-C Charging Cable,Google Phone + USB-C Charging Cable,1
2019-12-21,306787,Wired Headphones,iPhone,Wired Headphones + iPhone,1
2019-12-03,306846,Lightning Charging Cable,iPhone,Lightning Charging Cable + iPhone,1
2019-12-03,306857,Apple Airpods Headphones,iPhone,Apple Airpods Headphones + iPhone,1
2019-12-12,306867,27in FHD Monitor,Apple Airpods Headphones,27in FHD Monitor + Apple Airpods Headphones,1
2019-12-19,306874,Vareebadd Phone,Wired Headphones,Vareebadd Phone + Wired Headphones,1
2019-12-10,306899,27in 4K Gaming Monitor,AA Batteries (4-pack),27in 4K Gaming Monitor + AA Batteries (4-pack),1
2019-12-24,306909,Google Phone,USB-C Charging Cable,Google Phone + USB-C Charging Cable,1
2019-12-24,306942,Apple Airpods Headphones,Wired Headphones,Apple Airpods Headphones + Wired Headphones,1
2019-12-20,306955,Lightning Charging Cable,iPhone,Lightning Charging Cable + iPhone,1
2019-12-20,306959,Wired Headphones,iPhone,Wired Headphones + iPhone,1
2019-12-27,306967,Lightning Charging Cable,iPhone,Lightning Charging Cable + iPhone,1
2019-12-02,306990,USB-C Charging Cable,Vareebadd Phone,USB-C Charging Cable + Vareebadd Phone,1
2019-12-16,307071,AA Batteries (4-pack),Lightning Charging Cable,AA Batteries (4-pack) + Lightning Charging Cable,1
2019-12-17,307103,Google Phone,USB-C Charging Cable,Google Phone + USB-C Charging Cable,1
2019-12-17,307103,Google Phone,Wired Headphones,Google Phone + Wired Headphones,1
2019-12-17,307103,USB-C Charging Cable,Wired Headphones,USB-C Charging Cable + Wired Headphones,1
2019-12-01,307153,Macbook Pro Laptop,ThinkPad Laptop,Macbook Pro Laptop + ThinkPad Laptop,1
2019-12-31,307229,Vareebadd Phone,Wired Headphones,Vareebadd Phone + Wired Headphones,1
2019-12-31,307328,27in FHD Monitor,Bose SoundSport Headphones,27in FHD Monitor + Bose SoundSport Headphones,1
2019-12-29,307353,AA Batteries (4-pack),Apple Airpods Headphones,AA Batteries (4-pack) + Apple Airpods Headphones,1
2019-12-10,307462,Vareebadd Phone,Wired Headphones,Vareebadd Phone + Wired Headphones,1
2019-12-13,307598,27in FHD Monitor,AA Batteries (4-pack),27in FHD Monitor + AA Batteries (4-pack),1
2019-12-12,307740,27in 4K Gaming Monitor,Lightning Charging Cable,27in 4K Gaming Monitor + Lightning Charging Cable,1
2019-12-15,307744,AA Batteries (4-pack),iPhone,AA Batteries (4-pack) + iPhone,1
2019-12-30,307749,Bose SoundSport Headphones,Lightning Charging Cable,Bose SoundSport Headphones + Lightning Charging Cable,1
2019-12-13,307766,AA Batteries (4-pack),AAA Batteries (4-pack),AA Batteries (4-pack) + AAA Batteries (4-pack),1
2019-12-28,307802,Google Phone,USB-C Charging Cable,Google Phone + USB-C Charging Cable,1
2019-12-28,307802,Google Phone,Wired Headphones,Google Phone + Wired Headphones,1
2019-12-28,307802,USB-C Charging Cable,Wired Headphones,USB-C Charging Cable + Wired Headphones,1
2019-12-07,307813,34in Ultrawide Monitor,Lightning Charging Cable,34in Ultrawide Monitor + Lightning Charging Cable,1
2019-12-28,307849,Bose SoundSport Headphones,Wired Headphones,Bose SoundSport Headphones + Wired Headphones,1
2019-12-03,307859,AAA Batteries (4-pack),USB-C Charging Cable,AAA Batteries (4-pack) + USB-C Charging Cable,1
2019-12-15,307898,Google Phone,USB-C Charging Cable,Google Phone + USB-C Charging Cable,1
2019-12-02,307906,27in FHD Monitor,34in Ultrawide Monitor,27in FHD Monitor + 34in Ultrawide Monitor,1
2019-12-23,307954,AAA Batteries (4-pack),Bose SoundSport Headphones,AAA Batteries (4-pack) + Bose SoundSport Headphones,1
2019-12-27,308014,AAA Batteries (4-pack),Apple Airpods Headphones,AAA Batteries (4-pack) + Apple Airpods Headphones,1
2019-12-04,308019,Lightning Charging Cable,iPhone,Lightning Charging Cable + iPhone,1
2019-12-27,308061,Apple Airpods Headphones,iPhone,Apple Airpods Headphones + iPhone,1
2019-12-07,308065,AA Batteries (4-pack),Macbook Pro Laptop,AA Batteries (4-pack) + Macbook Pro Laptop,1
2019-12-29,308067,Vareebadd Phone,Wired Headphones,Vareebadd Phone + Wired Headphones,1
2019-12-14,308079,Apple Airpods Headphones,iPhone,Apple Airpods Headphones + iPhone,1
2019-12-21,308137,Apple Airpods Headphones,USB-C Charging Cable,Apple Airpods Headphones + USB-C Charging Cable,1
2019-12-11,308183,Lightning Charging Cable,iPhone,Lightning Charging Cable + iPhone,1
2019-12-21,308210,Lightning Charging Cable,iPhone,Lightning Charging Cable + iPhone,1
2019-12-19,308229,AA Batteries (4-pack),Bose SoundSport Headphones,AA Batteries (4-pack) + Bose SoundSport Headphones,1
2019-12-21,308234,34in Ultrawide Monitor,Apple Airpods Headphones,34in Ultrawide Monitor + Apple Airpods Headphones,1
2019-12-15,308235,Google Phone,USB-C Charging Cable,Google Phone + USB-C Charging Cable,1
2019-12-29,308338,34in Ultrawide Monitor,AAA Batteries (4-pack),34in Ultrawide Monitor + AAA Batteries (4-pack),1
2019-12-25,308352,34in Ultrawide Monitor,Macbook Pro Laptop,34in Ultrawide Monitor + Macbook Pro Laptop,1
2019-12-24,308356,AA Batteries (4-pack),Apple Airpods Headphones,AA Batteries (4-pack) + Apple Airpods Headphones,1
2019-12-08,308367,Apple Airpods Headphones,Lightning Charging Cable,Apple Airpods Headphones + Lightning Charging Cable,1
2019-12-13,308369,Bose SoundSport Headphones,Vareebadd Phone,Bose SoundSport Headphones + Vareebadd Phone,1
2019-12-05,308414,Bose SoundSport Headphones,Vareebadd Phone,Bose SoundSport Headphones + Vareebadd Phone,1
2019-12-25,308427,Lightning Charging Cable,iPhone,Lightning Charging Cable + iPhone,1
2019-12-04,308438,USB-C Charging Cable,Wired Headphones,USB-C Charging Cable + Wired Headphones,1
2019-12-03,308450,USB-C Charging Cable,Wired Headphones,USB-C Charging Cable + Wired Headphones,1
2019-12-29,308453,27in FHD Monitor,AAA Batteries (4-pack),27in FHD Monitor + AAA Batteries (4-pack),1
2019-12-14,308507,AA Batteries (4-pack),Apple Airpods Headphones,AA Batteries (4-pack) + Apple Airpods Headphones,1
2019-12-13,308546,USB-C Charging Cable,Vareebadd Phone,USB-C Charging Cable + Vareebadd Phone,1
2019-12-09,308576,Wired Headphones,iPhone,Wired Headphones + iPhone,1
2019-12-12,308591,Lightning Charging Cable,iPhone,Lightning Charging Cable + iPhone,1
2019-12-18,308594,USB-C Charging Cable,Vareebadd Phone,USB-C Charging Cable + Vareebadd Phone,1
2019-12-13,308608,Google Phone,Wired Headphones,Google Phone + Wired Headphones,1
2019-12-28,308613,20in Monitor,Wired Headphones,20in Monitor + Wired Headphones,1
2019-12-13,308660,Lightning Charging Cable,iPhone,Lightning Charging Cable + iPhone,1
2019-12-23,308670,Google Phone,USB-C Charging Cable,Google Phone + USB-C Charging Cable,1
2019-12-16,308726,Lightning Charging Cable,iPhone,Lightning Charging Cable + iPhone,1
2019-12-13,308741,AA Batteries (4-pack),Google Phone,AA Batteries (4-pack) + Google Phone,1
2019-12-25,308787,Apple Airpods Headphones,iPhone,Apple Airpods Headphones + iPhone,1
2019-12-01,308795,Apple Airpods Headphones,Wired Headphones,Apple Airpods Headphones + Wired Headphones,1
2019-12-01,308795,Apple Airpods Headphones,iPhone,Apple Airpods Headphones + iPhone,1
2019-12-01,308795,Wired Headphones,iPhone,Wired Headphones + iPhone,1
2019-12-02,308797,ThinkPad Laptop,USB-C Charging Cable,ThinkPad Laptop + USB-C Charging Cable,1
2019-12-01,308838,Google Phone,Lightning Charging Cable,Google Phone + Lightning Charging Cable,1
2019-12-03,308891,Lightning Charging Cable,iPhone,Lightning Charging Cable + iPhone,1
2019-12-10,308924,Wired Headphones,iPhone,Wired Headphones + iPhone,1
2019-12-25,308956,Wired Headphones,iPhone,Wired Headphones + iPhone,1
2019-12-26,308992,AAA Batteries (4-pack),Apple Airpods Headphones,AAA Batteries (4-pack) + Apple Airpods Headphones,1
2019-12-20,309012,34in Ultrawide Monitor,Wired Headphones,34in Ultrawide Monitor + Wired Headphones,1
2019-12-03,309022,Google Phone,USB-C Charging Cable,Google Phone + USB-C Charging Cable,1
2019-12-23,309023,Google Phone,USB-C Charging Cable,Google Phone + USB-C Charging Cable,1
2019-12-28,309046,Lightning Charging Cable,Wired Headphones,Lightning Charging Cable + Wired Headphones,1
2019-12-01,309070,Lightning Charging Cable,iPhone,Lightning Charging Cable + iPhone,1
2019-12-13,309098,Google Phone,USB-C Charging Cable,Google Phone + USB-C Charging Cable,1
2019-12-13,309098,Google Phone,Wired Headphones,Google Phone + Wired Headphones,1
2019-12-13,309098,USB-C Charging Cable,Wired Headphones,USB-C Charging Cable + Wired Headphones,1
2019-12-31,309141,Bose SoundSport Headphones,ThinkPad Laptop,Bose SoundSport Headphones + ThinkPad Laptop,1
2019-12-02,309154,Lightning Charging Cable,iPhone,Lightning Charging Cable + iPhone,1
2019-12-08,309183,Apple Airpods Headphones,iPhone,Apple Airpods Headphones + iPhone,1
2019-12-26,309204,Lightning Charging Cable,USB-C Charging Cable,Lightning Charging Cable + USB-C Charging Cable,1
2019-12-10,309228,Apple Airpods Headphones,iPhone,Apple Airpods Headphones + iPhone,1
2019-12-25,309284,Lightning Charging Cable,Wired Headphones,Lightning Charging Cable + Wired Headphones,1
2019-12-01,309343,Lightning Charging Cable,USB-C Charging Cable,Lightning Charging Cable + USB-C Charging Cable,1
2019-12-28,309419,Google Phone,USB-C Charging Cable,Google Phone + USB-C Charging Cable,1
2019-12-27,309429,AA Batteries (4-pack),Apple Airpods Headphones,AA Batteries (4-pack) + Apple Airpods Headphones,1
2019-12-24,309499,AAA Batteries (4-pack),Lightning Charging Cable,AAA Batteries (4-pack) + Lightning Charging Cable,1
2019-12-12,309527,27in 4K Gaming Monitor,Wired Headphones,27in 4K Gaming Monitor + Wired Headphones,1
2019-12-11,309531,Apple Airpods Headphones,iPhone,Apple Airpods Headphones + iPhone,1
2019-12-09,309548,Lightning Charging Cable,iPhone,Lightning Charging Cable + iPhone,1
2019-12-04,309661,Lightning Charging Cable,iPhone,Lightning Charging Cable + iPhone,1
2019-12-17,309690,USB-C Charging Cable,Wired Headphones,USB-C Charging Cable + Wired Headphones,1
2019-12-27,309703,Apple Airpods Headphones,Wired Headphones,Apple Airpods Headphones + Wired Headphones,1
2019-12-03,309712,USB-C Charging Cable,Vareebadd Phone,USB-C Charging Cable + Vareebadd Phone,1
2019-12-29,309754,AA Batteries (4-pack),Lightning Charging Cable,AA Batteries (4-pack) + Lightning Charging Cable,1
2019-12-30,309759,Bose SoundSport Headphones,Google Phone,Bose SoundSport Headphones + Google Phone,1
2019-12-30,309759,Bose SoundSport Headphones,USB-C Charging Cable,Bose SoundSport Headphones + USB-C Charging Cable,1
2019-12-30,309759,Google Phone,USB-C Charging Cable,Google Phone + USB-C Charging Cable,1
2019-12-15,309819,Bose SoundSport Headphones,Google Phone,Bose SoundSport Headphones + Google Phone,1
2019-12-18,309968,Apple Airpods Headphones,Wired Headphones,Apple Airpods Headphones + Wired Headphones,1
2019-12-07,309982,27in 4K Gaming Monitor,27in FHD Monitor,27in 4K Gaming Monitor + 27in FHD Monitor,1
2019-12-07,310029,Vareebadd Phone,Wired Headphones,Vareebadd Phone + Wired Headphones,1
2019-12-03,310044,AA Batteries (4-pack),Macbook Pro Laptop,AA Batteries (4-pack) + Macbook Pro Laptop,1
2019-12-24,310053,Macbook Pro Laptop,Wired Headphones,Macbook Pro Laptop + Wired Headphones,1
2019-12-17,310134,AAA Batteries (4-pack),ThinkPad Laptop,AAA Batteries (4-pack) + ThinkPad Laptop,1
2019-12-13,310142,34in Ultrawide Monitor,Vareebadd Phone,34in Ultrawide Monitor + Vareebadd Phone,1
2019-12-26,310148,AAA Batteries (4-pack),USB-C Charging Cable,AAA Batteries (4-pack) + USB-C Charging Cable,1
2019-12-26,310167,27in 4K Gaming Monitor,Wired Headphones,27in 4K Gaming Monitor + Wired Headphones,1
2019-12-24,310188,Apple Airpods Headphones,Wired Headphones,Apple Airpods Headphones + Wired Headphones,1
2019-12-25,310241,Google Phone,USB-C Charging Cable,Google Phone + USB-C Charging Cable,1
2019-12-29,310250,Google Phone,Lightning Charging Cable,Google Phone + Lightning Charging Cable,1
2019-12-16,310313,Apple Airpods Headphones,iPhone,Apple Airpods Headphones + iPhone,1
2019-12-04,310325,Bose SoundSport Headphones,Google Phone,Bose SoundSport Headphones + Google Phone,1
2019-12-06,310336,Google Phone,USB-C Charging Cable,Google Phone + USB-C Charging Cable,1
2019-12-03,310390,Google Phone,USB-C Charging Cable,Google Phone + USB-C Charging Cable,1
2019-12-12,310411,Google Phone,USB-C Charging Cable,Google Phone + USB-C Charging Cable,1
2019-12-01,310415,Wired Headphones,iPhone,Wired Headphones + iPhone,1
2019-12-01,310498,Lightning Charging Cable,iPhone,Lightning Charging Cable + iPhone,1
2019-12-23,310537,Lightning Charging Cable,iPhone,Lightning Charging Cable + iPhone,1
2019-12-27,310612,AA Batteries (4-pack),Apple Airpods Headphones,AA Batteries (4-pack) + Apple Airpods Headphones,1
2019-12-28,310621,USB-C Charging Cable,Wired Headphones,USB-C Charging Cable + Wired Headphones,1
2019-12-13,310664,27in 4K Gaming Monitor,AA Batteries (4-pack),27in 4K Gaming Monitor + AA Batteries (4-pack),1
2019-12-06,310694,USB-C Charging Cable,Vareebadd Phone,USB-C Charging Cable + Vareebadd Phone,1
2019-12-18,310705,Wired Headphones,iPhone,Wired Headphones + iPhone,1
2019-12-13,310737,Lightning Charging Cable,Macbook Pro Laptop,Lightning Charging Cable + Macbook Pro Laptop,1
2019-12-02,310769,Google Phone,USB-C Charging Cable,Google Phone + USB-C Charging Cable,1
2019-12-05,310773,Wired Headphones,iPhone,Wired Headphones + iPhone,1
2019-12-14,310789,Apple Airpods Headphones,Flatscreen TV,Apple Airpods Headphones + Flatscreen TV,1
2019-12-06,310795,27in 4K Gaming Monitor,AA Batteries (4-pack),27in 4K Gaming Monitor + AA Batteries (4-pack),1
2019-12-28,310857,USB-C Charging Cable,Vareebadd Phone,USB-C Charging Cable + Vareebadd Phone,1
2019-12-24,310864,Google Phone,USB-C Charging Cable,Google Phone + USB-C Charging Cable,1
2019-12-29,310898,Wired Headphones,iPhone,Wired Headphones + iPhone,1
2019-12-18,310958,Apple Airpods Headphones,Macbook Pro Laptop,Apple Airpods Headphones + Macbook Pro Laptop,1
2019-12-19,310976,Wired Headphones,iPhone,Wired Headphones + iPhone,1
2019-12-22,310998,AAA Batteries (4-pack),Wired Headphones,AAA Batteries (4-pack) + Wired Headphones,1
2019-12-04,311009,AA Batteries (4-pack),Wired Headphones,AA Batteries (4-pack) + Wired Headphones,1
2019-12-31,311036,AAA Batteries (4-pack),Macbook Pro Laptop,AAA Batteries (4-pack) + Macbook Pro Laptop,1
2019-12-27,311188,Google Phone,USB-C Charging Cable,Google Phone + USB-C Charging Cable,1
2019-12-09,311194,ThinkPad Laptop,Vareebadd Phone,ThinkPad Laptop + Vareebadd Phone,1
2019-12-18,311204,Lightning Charging Cable,iPhone,Lightning Charging Cable + iPhone,1
2019-12-09,311250,27in FHD Monitor,USB-C Charging Cable,27in FHD Monitor + USB-C Charging Cable,1
2019-12-02,311298,Lightning Charging Cable,USB-C Charging Cable,Lightning Charging Cable + USB-C Charging Cable,1
2019-12-10,311325,USB-C Charging Cable,Vareebadd Phone,USB-C Charging Cable + Vareebadd Phone,1
2019-12-23,311352,Google Phone,Wired Headphones,Google Phone + Wired Headphones,1
2019-12-12,311364,Vareebadd Phone,Wired Headphones,Vareebadd Phone + Wired Headphones,1
2020-01-01,311386,Apple Airpods Headphones,iPhone,Apple Airpods Headphones + iPhone,1
2019-12-01,311396,AA Batteries (4-pack),Wired Headphones,AA Batteries (4-pack) + Wired Headphones,1
2019-12-20,311397,Google Phone,Wired Headphones,Google Phone + Wired Headphones,1
2019-12-04,311398,Apple Airpods Headphones,Flatscreen TV,Apple Airpods Headphones + Flatscreen TV,1
2019-12-15,311412,USB-C Charging Cable,Vareebadd Phone,USB-C Charging Cable + Vareebadd Phone,1
2019-12-10,311500,Lightning Charging Cable,iPhone,Lightning Charging Cable + iPhone,1
2019-12-04,311541,Google Phone,USB-C Charging Cable,Google Phone + USB-C Charging Cable,1
2019-12-20,311558,Lightning Charging Cable,ThinkPad Laptop,Lightning Charging Cable + ThinkPad Laptop,1
2019-12-17,311589,Lightning Charging Cable,iPhone,Lightning Charging Cable + iPhone,1
2019-12-03,311630,34in Ultrawide Monitor,AA Batteries (4-pack),34in Ultrawide Monitor + AA Batteries (4-pack),1
2019-12-18,311650,Google Phone,Wired Headphones,Google Phone + Wired Headphones,1
2019-12-22,311658,AAA Batteries (4-pack),Wired Headphones,AAA Batteries (4-pack) + Wired Headphones,1
2019-12-27,311661,27in 4K Gaming Monitor,Apple Airpods Headphones,27in 4K Gaming Monitor + Apple Airpods Headphones,1
2019-12-03,311665,Google Phone,USB-C Charging Cable,Google Phone + USB-C Charging Cable,1
2019-12-12,311697,USB-C Charging Cable,Vareebadd Phone,USB-C Charging Cable + Vareebadd Phone,1
2019-12-16,311704,USB-C Charging Cable,Vareebadd Phone,USB-C Charging Cable + Vareebadd Phone,1
2019-12-13,311715,AAA Batteries (4-pack),Flatscreen TV,AAA Batteries (4-pack) + Flatscreen TV,1
2019-12-14,311717,AA Batteries (4-pack),iPhone,AA Batteries (4-pack) + iPhone,1
2019-12-16,311727,Google Phone,USB-C Charging Cable,Google Phone + USB-C Charging Cable,1
2019-12-16,311727,Google Phone,Wired Headphones,Google Phone + Wired Headphones,1
2019-12-16,311727,USB-C Charging Cable,Wired Headphones,USB-C Charging Cable + Wired Headphones,1
2019-12-07,311778,ThinkPad Laptop,USB-C Charging Cable,ThinkPad Laptop + USB-C Charging Cable,1
2019-12-12,311878,20in Monitor,Lightning Charging Cable,20in Monitor + Lightning Charging Cable,1
2019-12-02,311898,34in Ultrawide Monitor,Bose SoundSport Headphones,34in Ultrawide Monitor + Bose SoundSport Headphones,1
2019-12-24,311917,Wired Headphones,iPhone,Wired Headphones + iPhone,1
2019-12-13,311960,Apple Airpods Headphones,iPhone,Apple Airpods Headphones + iPhone,1
2019-12-08,311969,USB-C Charging Cable,Vareebadd Phone,USB-C Charging Cable + Vareebadd Phone,1
2019-12-05,312001,Google Phone,USB-C Charging Cable,Google Phone + USB-C Charging Cable,1
2019-12-25,312013,AA Batteries (4-pack),Wired Headphones,AA Batteries (4-pack) + Wired Headphones,1
2019-12-22,312023,Apple Airpods Headphones,iPhone,Apple Airpods Headphones + iPhone,1
2019-12-17,312033,Macbook Pro Laptop,Wired Headphones,Macbook Pro Laptop + Wired Headphones,1
2019-12-20,312035,Bose SoundSport Headphones,Wired Headphones,Bose SoundSport Headphones + Wired Headphones,1
2019-12-31,312044,Lightning Charging Cable,iPhone,Lightning Charging Cable + iPhone,1
2019-12-10,312051,Google Phone,Wired Headphones,Google Phone + Wired Headphones,1
2019-12-19,312053,Google Phone,Wired Headphones,Google Phone + Wired Headphones,1
2019-12-25,312164,USB-C Charging Cable,Wired Headphones,USB-C Charging Cable + Wired Headphones,1
2019-12-16,312201,20in Monitor,AA Batteries (4-pack),20in Monitor + AA Batteries (4-pack),1
2019-12-18,312228,20in Monitor,ThinkPad Laptop,20in Monitor + ThinkPad Laptop,1
2019-12-09,312259,20in Monitor,USB-C Charging Cable,20in Monitor + USB-C Charging Cable,1
2019-12-12,312270,USB-C Charging Cable,Vareebadd Phone,USB-C Charging Cable + Vareebadd Phone,1
2019-12-17,312339,Google Phone,USB-C Charging Cable,Google Phone + USB-C Charging Cable,1
2019-12-21,312346,Bose SoundSport Headphones,USB-C Charging Cable,Bose SoundSport Headphones + USB-C Charging Cable,1
2019-12-27,312395,AA Batteries (4-pack),ThinkPad Laptop,AA Batteries (4-pack) + ThinkPad Laptop,1
2019-12-30,312396,USB-C Charging Cable,Vareebadd Phone,USB-C Charging Cable + Vareebadd Phone,1
2019-12-09,312407,Apple Airpods Headphones,Google Phone,Apple Airpods Headphones + Google Phone,1
2019-12-09,312407,Apple Airpods Headphones,USB-C Charging Cable,Apple Airpods Headphones + USB-C Charging Cable,1
2019-12-09,312407,Apple Airpods Headphones,Wired Headphones,Apple Airpods Headphones + Wired Headphones,1
2019-12-09,312407,Google Phone,USB-C Charging Cable,Google Phone + USB-C Charging Cable,1
2019-12-09,312407,Google Phone,Wired Headphones,Google Phone + Wired Headphones,1
2019-12-09,312407,USB-C Charging Cable,Wired Headphones,USB-C Charging Cable + Wired Headphones,1
2019-12-15,312416,Lightning Charging Cable,Wired Headphones,Lightning Charging Cable + Wired Headphones,1
2019-12-17,312427,Apple Airpods Headphones,Lightning Charging Cable,Apple Airpods Headphones + Lightning Charging Cable,1
2019-12-13,312431,34in Ultrawide Monitor,Wired Headphones,34in Ultrawide Monitor + Wired Headphones,1
2019-12-09,312438,Google Phone,Wired Headphones,Google Phone + Wired Headphones,1
2019-12-08,312462,Apple Airpods Headphones,Lightning Charging Cable,Apple Airpods Headphones + Lightning Charging Cable,1
2019-12-08,312462,Apple Airpods Headphones,Wired Headphones,Apple Airpods Headphones + Wired Headphones,1
2019-12-08,312462,Apple Airpods Headphones,iPhone,Apple Airpods Headphones + iPhone,1
2019-12-08,312462,Lightning Charging Cable,Wired Headphones,Lightning Charging Cable + Wired Headphones,1
2019-12-08,312462,Lightning Charging Cable,iPhone,Lightning Charging Cable + iPhone,1
2019-12-08,312462,Wired Headphones,iPhone,Wired Headphones + iPhone,1
2019-12-05,312512,AAA Batteries (4-pack),Bose SoundSport Headphones,AAA Batteries (4-pack) + Bose SoundSport Headphones,1
2019-12-26,312532,AAA Batteries (4-pack),Bose SoundSport Headphones,AAA Batteries (4-pack) + Bose SoundSport Headphones,1
2019-12-17,312544,AAA Batteries (4-pack),Apple Airpods Headphones,AAA Batteries (4-pack) + Apple Airpods Headphones,1
2019-12-03,312607,AA Batteries (4-pack),Lightning Charging Cable,AA Batteries (4-pack) + Lightning Charging Cable,1
2019-12-12,312626,Lightning Charging Cable,iPhone,Lightning Charging Cable + iPhone,1
2019-12-31,312635,Bose SoundSport Headphones,Vareebadd Phone,Bose SoundSport Headphones + Vareebadd Phone,1
2019-12-29,312657,Wired Headphones,iPhone,Wired Headphones + iPhone,1
2019-12-28,312720,Wired Headphones,iPhone,Wired Headphones + iPhone,1
2019-12-08,312777,Lightning Charging Cable,iPhone,Lightning Charging Cable + iPhone,1
2019-12-20,312779,Google Phone,Wired Headphones,Google Phone + Wired Headphones,1
2019-12-25,312787,AAA Batteries (4-pack),Lightning Charging Cable,AAA Batteries (4-pack) + Lightning Charging Cable,1
2019-12-14,312831,Bose SoundSport Headphones,Wired Headphones,Bose SoundSport Headphones + Wired Headphones,1
2019-12-27,312851,AAA Batteries (4-pack),Lightning Charging Cable,AAA Batteries (4-pack) + Lightning Charging Cable,1
2019-12-18,312861,AAA Batteries (4-pack),Lightning Charging Cable,AAA Batteries (4-pack) + Lightning Charging Cable,1
2019-12-29,312867,Bose SoundSport Headphones,Google Phone,Bose SoundSport Headphones + Google Phone,1
2019-12-29,312867,Bose SoundSport Headphones,USB-C Charging Cable,Bose SoundSport Headphones + USB-C Charging Cable,1
2019-12-29,312867,Google Phone,USB-C Charging Cable,Google Phone + USB-C Charging Cable,1
2019-12-27,312926,Lightning Charging Cable,iPhone,Lightning Charging Cable + iPhone,1
2019-12-31,312927,AA Batteries (4-pack),iPhone,AA Batteries (4-pack) + iPhone,1
2019-12-04,312938,Lightning Charging Cable,iPhone,Lightning Charging Cable + iPhone,1
2019-12-08,312946,AAA Batteries (4-pack),Wired Headphones,AAA Batteries (4-pack) + Wired Headphones,1
2019-12-11,312948,Bose SoundSport Headphones,Google Phone,Bose SoundSport Headphones + Google Phone,1
2019-12-13,312950,Lightning Charging Cable,iPhone,Lightning Charging Cable + iPhone,1
2019-12-12,312966,AAA Batteries (4-pack),Macbook Pro Laptop,AAA Batteries (4-pack) + Macbook Pro Laptop,1
2019-12-11,312986,Lightning Charging Cable,USB-C Charging Cable,Lightning Charging Cable + USB-C Charging Cable,1
2019-12-05,313012,20in Monitor,Lightning Charging Cable,20in Monitor + Lightning Charging Cable,1
2019-12-17,313030,27in 4K Gaming Monitor,AA Batteries (4-pack),27in 4K Gaming Monitor + AA Batteries (4-pack),1
2019-12-31,313056,Lightning Charging Cable,iPhone,Lightning Charging Cable + iPhone,1
2019-12-23,313062,Vareebadd Phone,Wired Headphones,Vareebadd Phone + Wired Headphones,1
2019-12-18,313093,USB-C Charging Cable,Vareebadd Phone,USB-C Charging Cable + Vareebadd Phone,1
2019-12-17,313115,Google Phone,USB-C Charging Cable,Google Phone + USB-C Charging Cable,1
2019-12-17,313115,Google Phone,Wired Headphones,Google Phone + Wired Headphones,1
2019-12-17,313115,USB-C Charging Cable,Wired Headphones,USB-C Charging Cable + Wired Headphones,1
2019-12-26,313132,27in FHD Monitor,Lightning Charging Cable,27in FHD Monitor + Lightning Charging Cable,1
2019-12-04,313138,Lightning Charging Cable,iPhone,Lightning Charging Cable + iPhone,1
2019-12-06,313142,AA Batteries (4-pack),Apple Airpods Headphones,AA Batteries (4-pack) + Apple Airpods Headphones,1
2019-12-04,313168,Apple Airpods Headphones,iPhone,Apple Airpods Headphones + iPhone,1
2019-12-27,313189,USB-C Charging Cable,Vareebadd Phone,USB-C Charging Cable + Vareebadd Phone,1
2019-12-23,313222,Lightning Charging Cable,iPhone,Lightning Charging Cable + iPhone,1
2019-12-20,313247,Apple Airpods Headphones,USB-C Charging Cable,Apple Airpods Headphones + USB-C Charging Cable,1
2019-12-28,313270,Lightning Charging Cable,iPhone,Lightning Charging Cable + iPhone,1
2019-12-11,313281,Wired Headphones,iPhone,Wired Headphones + iPhone,1
2019-12-19,313323,AA Batteries (4-pack),USB-C Charging Cable,AA Batteries (4-pack) + USB-C Charging Cable,1
2019-12-15,313360,Lightning Charging Cable,iPhone,Lightning Charging Cable + iPhone,1
2019-12-23,313385,Apple Airpods Headphones,iPhone,Apple Airpods Headphones + iPhone,1
2019-12-20,313425,AA Batteries (4-pack),Google Phone,AA Batteries (4-pack) + Google Phone,1
2019-12-16,313490,AAA Batteries (4-pack),Macbook Pro Laptop,AAA Batteries (4-pack) + Macbook Pro Laptop,1
2019-12-04,313523,27in FHD Monitor,Lightning Charging Cable,27in FHD Monitor + Lightning Charging Cable,1
2019-12-31,313541,Lightning Charging Cable,USB-C Charging Cable,Lightning Charging Cable + USB-C Charging Cable,1
2019-12-22,313612,Bose SoundSport Headphones,Google Phone,Bose SoundSport Headphones + Google Phone,1
2019-12-13,313618,27in 4K Gaming Monitor,AA Batteries (4-pack),27in 4K Gaming Monitor + AA Batteries (4-pack),1
2019-12-31,313631,LG Washing Machine,Lightning Charging Cable,LG Washing Machine + Lightning Charging Cable,1
2019-12-30,313636,Apple Airpods Headphones,Wired Headphones,Apple Airpods Headphones + Wired Headphones,1
2019-12-30,313636,Apple Airpods Headphones,iPhone,Apple Airpods Headphones + iPhone,1
2019-12-30,313636,Wired Headphones,iPhone,Wired Headphones + iPhone,1
2019-12-29,313750,Lightning Charging Cable,iPhone,Lightning Charging Cable + iPhone,1
2019-12-25,313767,Google Phone,USB-C Charging Cable,Google Phone + USB-C Charging Cable,1
2019-12-25,313767,Google Phone,Wired Headphones,Google Phone + Wired Headphones,1
2019-12-25,313767,USB-C Charging Cable,Wired Headphones,USB-C Charging Cable + Wired Headphones,1
2019-12-17,313809,AAA Batteries (4-pack),Macbook Pro Laptop,AAA Batteries (4-pack) + Macbook Pro Laptop,1
2019-12-14,313842,Lightning Charging Cable,iPhone,Lightning Charging Cable + iPhone,1
2019-12-07,313901,Google Phone,USB-C Charging Cable,Google Phone + USB-C Charging Cable,1
2019-12-30,313938,Lightning Charging Cable,Wired Headphones,Lightning Charging Cable + Wired Headphones,1
2019-12-11,313956,Bose SoundSport Headphones,Google Phone,Bose SoundSport Headphones + Google Phone,1
2019-12-11,313956,Bose SoundSport Headphones,Wired Headphones,Bose SoundSport Headphones + Wired Headphones,1
2019-12-11,313956,Google Phone,Wired Headphones,Google Phone + Wired Headphones,1
2019-12-18,313980,Google Phone,USB-C Charging Cable,Google Phone + USB-C Charging Cable,1
2019-12-08,314005,USB-C Charging Cable,Vareebadd Phone,USB-C Charging Cable + Vareebadd Phone,1
2019-12-15,314014,AA Batteries (4-pack),Lightning Charging Cable,AA Batteries (4-pack) + Lightning Charging Cable,1
2019-12-08,314081,27in 4K Gaming Monitor,AAA Batteries (4-pack),27in 4K Gaming Monitor + AAA Batteries (4-pack),1
2019-12-14,314086,AA Batteries (4-pack),ThinkPad Laptop,AA Batteries (4-pack) + ThinkPad Laptop,1
2019-12-14,314197,AA Batteries (4-pack),Bose SoundSport Headphones,AA Batteries (4-pack) + Bose SoundSport Headphones,1
2019-12-15,314326,Lightning Charging Cable,USB-C Charging Cable,Lightning Charging Cable + USB-C Charging Cable,1
2019-12-15,314345,Bose SoundSport Headphones,Vareebadd Phone,Bose SoundSport Headphones + Vareebadd Phone,1
2019-12-09,314347,Apple Airpods Headphones,iPhone,Apple Airpods Headphones + iPhone,1
2019-12-12,314361,USB-C Charging Cable,Vareebadd Phone,USB-C Charging Cable + Vareebadd Phone,1
2019-12-03,314366,Lightning Charging Cable,iPhone,Lightning Charging Cable + iPhone,1
2019-12-11,314392,AAA Batteries (4-pack),Wired Headphones,AAA Batteries (4-pack) + Wired Headphones,1
2019-12-17,314407,27in FHD Monitor,ThinkPad Laptop,27in FHD Monitor + ThinkPad Laptop,1
2019-12-10,314414,Google Phone,USB-C Charging Cable,Google Phone + USB-C Charging Cable,1
2019-12-04,314436,Lightning Charging Cable,iPhone,Lightning Charging Cable + iPhone,1
2019-12-23,314462,Lightning Charging Cable,Wired Headphones,Lightning Charging Cable + Wired Headphones,1
2019-12-23,314502,USB-C Charging Cable,Vareebadd Phone,USB-C Charging Cable + Vareebadd Phone,1
2019-12-12,314575,Apple Airpods Headphones,Wired Headphones,Apple Airpods Headphones + Wired Headphones,1
2019-12-04,314600,Bose SoundSport Headphones,Lightning Charging Cable,Bose SoundSport Headphones + Lightning Charging Cable,1
2019-12-05,314608,Google Phone,Wired Headphones,Google Phone + Wired Headphones,1
2019-12-01,314611,Google Phone,USB-C Charging Cable,Google Phone + USB-C Charging Cable,1
2019-12-14,314637,AA Batteries (4-pack),Flatscreen TV,AA Batteries (4-pack) + Flatscreen TV,1
2019-12-17,314682,Google Phone,Wired Headphones,Google Phone + Wired Headphones,1
2019-12-10,314710,AA Batteries (4-pack),Bose SoundSport Headphones,AA Batteries (4-pack) + Bose SoundSport Headphones,1
2019-12-11,314715,Google Phone,Wired Headphones,Google Phone + Wired Headphones,1
2019-12-27,314747,AA Batteries (4-pack),Lightning Charging Cable,AA Batteries (4-pack) + Lightning Charging Cable,1
2019-12-13,314757,Apple Airpods Headphones,USB-C Charging Cable,Apple Airpods Headphones + USB-C Charging Cable,1
2019-12-18,314778,Apple Airpods Headphones,iPhone,Apple Airpods Headphones + iPhone,1
2019-12-03,314809,AA Batteries (4-pack),Lightning Charging Cable,AA Batteries (4-pack) + Lightning Charging Cable,1
2019-12-19,314885,Google Phone,USB-C Charging Cable,Google Phone + USB-C Charging Cable,1
2019-12-05,314907,34in Ultrawide Monitor,Bose SoundSport Headphones,34in Ultrawide Monitor + Bose SoundSport Headphones,1
2019-12-23,314940,Apple Airpods Headphones,iPhone,Apple Airpods Headphones + iPhone,1
2019-12-17,315036,AAA Batteries (4-pack),Lightning Charging Cable,AAA Batteries (4-pack) + Lightning Charging Cable,1
2019-12-04,315041,Google Phone,Wired Headphones,Google Phone + Wired Headphones,1
2019-12-14,315047,Lightning Charging Cable,iPhone,Lightning Charging Cable + iPhone,1
2019-12-30,315058,AAA Batteries (4-pack),Apple Airpods Headphones,AAA Batteries (4-pack) + Apple Airpods Headphones,1
2019-12-11,315059,Lightning Charging Cable,Vareebadd Phone,Lightning Charging Cable + Vareebadd Phone,1
2019-12-04,315100,Flatscreen TV,Lightning Charging Cable,Flatscreen TV + Lightning Charging Cable,1
2019-12-17,315119,Bose SoundSport Headphones,Google Phone,Bose SoundSport Headphones + Google Phone,1
2019-12-15,315167,Google Phone,Wired Headphones,Google Phone + Wired Headphones,1
2019-12-12,315176,Lightning Charging Cable,iPhone,Lightning Charging Cable + iPhone,1
2019-12-13,315190,Apple Airpods Headphones,iPhone,Apple Airpods Headphones + iPhone,1
2019-12-12,315192,27in 4K Gaming Monitor,AA Batteries (4-pack),27in 4K Gaming Monitor + AA Batteries (4-pack),1
2019-12-28,315268,Google Phone,Lightning Charging Cable,Google Phone + Lightning Charging Cable,1
2019-12-23,315322,Google Phone,USB-C Charging Cable,Google Phone + USB-C Charging Cable,1
2019-12-29,315332,Google Phone,Wired Headphones,Google Phone + Wired Headphones,1
2019-12-11,315354,AA Batteries (4-pack),Lightning Charging Cable,AA Batteries (4-pack) + Lightning Charging Cable,1
2019-12-12,315358,Bose SoundSport Headphones,Wired Headphones,Bose SoundSport Headphones + Wired Headphones,1
2019-12-30,315386,Apple Airpods Headphones,Macbook Pro Laptop,Apple Airpods Headphones + Macbook Pro Laptop,1
2019-12-08,315390,Bose SoundSport Headphones,Google Phone,Bose SoundSport Headphones + Google Phone,1
2019-12-08,315390,Bose SoundSport Headphones,Wired Headphones,Bose SoundSport Headphones + Wired Headphones,1
2019-12-08,315390,Google Phone,Wired Headphones,Google Phone + Wired Headphones,1
2019-12-30,315405,USB-C Charging Cable,Vareebadd Phone,USB-C Charging Cable + Vareebadd Phone,1
2019-12-30,315419,Google Phone,USB-C Charging Cable,Google Phone + USB-C Charging Cable,1
2019-12-25,315458,Google Phone,USB-C Charging Cable,Google Phone + USB-C Charging Cable,1
2019-12-16,315460,USB-C Charging Cable,Vareebadd Phone,USB-C Charging Cable + Vareebadd Phone,1
2019-12-26,315477,Bose SoundSport Headphones,Google Phone,Bose SoundSport Headphones + Google Phone,1
2019-12-24,315484,Bose SoundSport Headphones,Lightning Charging Cable,Bose SoundSport Headphones + Lightning Charging Cable,1
2019-12-18,315485,AA Batteries (4-pack),Lightning Charging Cable,AA Batteries (4-pack) + Lightning Charging Cable,1
2019-12-04,315529,Google Phone,USB-C Charging Cable,Google Phone + USB-C Charging Cable,1
2019-12-21,315639,27in 4K Gaming Monitor,Lightning Charging Cable,27in 4K Gaming Monitor + Lightning Charging Cable,1
2019-12-21,315766,USB-C Charging Cable,Vareebadd Phone,USB-C Charging Cable + Vareebadd Phone,1
2019-12-29,315801,USB-C Charging Cable,Vareebadd Phone,USB-C Charging Cable + Vareebadd Phone,1
2019-12-29,315801,USB-C Charging Cable,Wired Headphones,USB-C Charging Cable + Wired Headphones,1
2019-12-29,315801,Vareebadd Phone,Wired Headphones,Vareebadd Phone + Wired Headphones,1
2019-12-11,315812,Flatscreen TV,USB-C Charging Cable,Flatscreen TV + USB-C Charging Cable,1
2019-12-18,315829,Lightning Charging Cable,iPhone,Lightning Charging Cable + iPhone,1
2019-12-31,315841,Apple Airpods Headphones,Wired Headphones,Apple Airpods Headphones + Wired Headphones,1
2019-12-31,315841,Apple Airpods Headphones,iPhone,Apple Airpods Headphones + iPhone,1
2019-12-31,315841,Wired Headphones,iPhone,Wired Headphones + iPhone,1
2019-12-23,315868,Lightning Charging Cable,USB-C Charging Cable,Lightning Charging Cable + USB-C Charging Cable,1
2019-12-05,315887,Lightning Charging Cable,USB-C Charging Cable,Lightning Charging Cable + USB-C Charging Cable,1
2019-12-08,315903,AA Batteries (4-pack),Bose SoundSport Headphones,AA Batteries (4-pack) + Bose SoundSport Headphones,1
2019-12-27,315930,AAA Batteries (4-pack),Bose SoundSport Headphones,AAA Batteries (4-pack) + Bose SoundSport Headphones,1
2019-12-24,315950,Wired Headphones,iPhone,Wired Headphones + iPhone,1
2019-12-08,315962,27in FHD Monitor,Wired Headphones,27in FHD Monitor + Wired Headphones,1
2019-12-21,315975,Google Phone,USB-C Charging Cable,Google Phone + USB-C Charging Cable,1
2019-12-16,316012,34in Ultrawide Monitor,Wired Headphones,34in Ultrawide Monitor + Wired Headphones,1
2019-12-23,316017,27in FHD Monitor,AAA Batteries (4-pack),27in FHD Monitor + AAA Batteries (4-pack),1
2019-12-08,316073,AA Batteries (4-pack),USB-C Charging Cable,AA Batteries (4-pack) + USB-C Charging Cable,1
2019-12-08,316077,Google Phone,USB-C Charging Cable,Google Phone + USB-C Charging Cable,1
2019-12-19,316106,Apple Airpods Headphones,Wired Headphones,Apple Airpods Headphones + Wired Headphones,1
2019-12-25,316133,27in 4K Gaming Monitor,ThinkPad Laptop,27in 4K Gaming Monitor + ThinkPad Laptop,1
2019-12-23,316200,Apple Airpods Headphones,iPhone,Apple Airpods Headphones + iPhone,1
2019-12-18,316205,Wired Headphones,iPhone,Wired Headphones + iPhone,1
2019-12-19,316221,Apple Airpods Headphones,Wired Headphones,Apple Airpods Headphones + Wired Headphones,1
2019-12-19,316221,Apple Airpods Headphones,iPhone,Apple Airpods Headphones + iPhone,1
2019-12-19,316221,Wired Headphones,iPhone,Wired Headphones + iPhone,1
2019-12-28,316298,AA Batteries (4-pack),Wired Headphones,AA Batteries (4-pack) + Wired Headphones,1
2019-12-30,316301,USB-C Charging Cable,Vareebadd Phone,USB-C Charging Cable + Vareebadd Phone,1
2019-12-04,316334,Apple Airpods Headphones,Wired Headphones,Apple Airpods Headphones + Wired Headphones,1
2019-12-15,316411,27in FHD Monitor,Lightning Charging Cable,27in FHD Monitor + Lightning Charging Cable,1
2019-12-06,316412,Apple Airpods Headphones,Lightning Charging Cable,Apple Airpods Headphones + Lightning Charging Cable,1
2019-12-06,316412,Apple Airpods Headphones,iPhone,Apple Airpods Headphones + iPhone,1
2019-12-06,316412,Lightning Charging Cable,iPhone,Lightning Charging Cable + iPhone,1
2019-12-07,316416,AA Batteries (4-pack),Lightning Charging Cable,AA Batteries (4-pack) + Lightning Charging Cable,1
2019-12-04,316419,AA Batteries (4-pack),USB-C Charging Cable,AA Batteries (4-pack) + USB-C Charging Cable,1
2019-12-30,316423,AAA Batteries (4-pack),iPhone,AAA Batteries (4-pack) + iPhone,1
2019-12-18,316431,USB-C Charging Cable,Vareebadd Phone,USB-C Charging Cable + Vareebadd Phone,1
2019-12-29,316445,Lightning Charging Cable,iPhone,Lightning Charging Cable + iPhone,1
2019-12-21,316476,Lightning Charging Cable,iPhone,Lightning Charging Cable + iPhone,1
2019-12-20,316477,Lightning Charging Cable,iPhone,Lightning Charging Cable + iPhone,1
2019-12-29,316536,27in FHD Monitor,AAA Batteries (4-pack),27in FHD Monitor + AAA Batteries (4-pack),1
2019-12-04,316550,Google Phone,USB-C Charging Cable,Google Phone + USB-C Charging Cable,1
2019-12-17,316584,Google Phone,Wired Headphones,Google Phone + Wired Headphones,1
2019-12-06,316610,USB-C Charging Cable,Vareebadd Phone,USB-C Charging Cable + Vareebadd Phone,1
2019-12-06,316610,USB-C Charging Cable,Wired Headphones,USB-C Charging Cable + Wired Headphones,1
2019-12-06,316610,Vareebadd Phone,Wired Headphones,Vareebadd Phone + Wired Headphones,1
2019-12-04,316615,Google Phone,USB-C Charging Cable,Google Phone + USB-C Charging Cable,1
2019-12-21,316616,Apple Airpods Headphones,iPhone,Apple Airpods Headphones + iPhone,1
2019-12-25,316682,Google Phone,USB-C Charging Cable,Google Phone + USB-C Charging Cable,1
2019-12-05,316706,AA Batteries (4-pack),Flatscreen TV,AA Batteries (4-pack) + Flatscreen TV,1
2019-12-25,316755,27in 4K Gaming Monitor,Wired Headphones,27in 4K Gaming Monitor + Wired Headphones,1
2019-12-26,316774,Lightning Charging Cable,iPhone,Lightning Charging Cable + iPhone,1
2019-12-05,316783,AAA Batteries (4-pack),USB-C Charging Cable,AAA Batteries (4-pack) + USB-C Charging Cable,1
2019-12-19,316785,Bose SoundSport Headphones,iPhone,Bose SoundSport Headphones + iPhone,1
2019-12-11,316821,Lightning Charging Cable,ThinkPad Laptop,Lightning Charging Cable + ThinkPad Laptop,1
2019-12-04,316861,Apple Airpods Headphones,iPhone,Apple Airpods Headphones + iPhone,1
2019-12-29,316874,Vareebadd Phone,Wired Headphones,Vareebadd Phone + Wired Headphones,1
2019-12-03,316878,Google Phone,USB-C Charging Cable,Google Phone + USB-C Charging Cable,1
2019-12-22,316886,Google Phone,USB-C Charging Cable,Google Phone + USB-C Charging Cable,1
2019-12-08,316899,27in 4K Gaming Monitor,Bose SoundSport Headphones,27in 4K Gaming Monitor + Bose SoundSport Headphones,1
2019-12-27,316935,Google Phone,USB-C Charging Cable,Google Phone + USB-C Charging Cable,1
2019-12-16,316992,AA Batteries (4-pack),Google Phone,AA Batteries (4-pack) + Google Phone,1
2019-12-16,317004,Lightning Charging Cable,iPhone,Lightning Charging Cable + iPhone,1
2019-12-14,317025,Apple Airpods Headphones,Wired Headphones,Apple Airpods Headphones + Wired Headphones,1
2019-12-30,317059,AAA Batteries (4-pack),Wired Headphones,AAA Batteries (4-pack) + Wired Headphones,1
2019-12-09,317076,AA Batteries (4-pack),Apple Airpods Headphones,AA Batteries (4-pack) + Apple Airpods Headphones,1
2019-12-12,317077,34in Ultrawide Monitor,USB-C Charging Cable,34in Ultrawide Monitor + USB-C Charging Cable,1
2019-12-01,317170,Google Phone,USB-C Charging Cable,Google Phone + USB-C Charging Cable,1
2019-12-29,317179,Macbook Pro Laptop,Wired Headphones,Macbook Pro Laptop + Wired Headphones,1
2019-12-01,317191,Lightning Charging Cable,Macbook Pro Laptop,Lightning Charging Cable + Macbook Pro Laptop,1
2019-12-22,317234,Bose SoundSport Headphones,Google Phone,Bose SoundSport Headphones + Google Phone,1
2019-12-18,317248,Bose SoundSport Headphones,Google Phone,Bose SoundSport Headphones + Google Phone,1
2019-12-11,317258,Apple Airpods Headphones,iPhone,Apple Airpods Headphones + iPhone,1
2019-12-17,317280,AAA Batteries (4-pack),USB-C Charging Cable,AAA Batteries (4-pack) + USB-C Charging Cable,1
2019-12-23,317302,Google Phone,USB-C Charging Cable,Google Phone + USB-C Charging Cable,1
2019-12-06,317320,Wired Headphones,iPhone,Wired Headphones + iPhone,1
2019-12-03,317328,USB-C Charging Cable,Vareebadd Phone,USB-C Charging Cable + Vareebadd Phone,1
2019-12-22,317350,Google Phone,USB-C Charging Cable,Google Phone + USB-C Charging Cable,1
2019-12-20,317390,Wired Headphones,iPhone,Wired Headphones + iPhone,1
2019-12-12,317427,Apple Airpods Headphones,iPhone,Apple Airpods Headphones + iPhone,1
2019-12-03,317441,USB-C Charging Cable,Vareebadd Phone,USB-C Charging Cable + Vareebadd Phone,1
2019-12-03,317441,USB-C Charging Cable,Wired Headphones,USB-C Charging Cable + Wired Headphones,1
2019-12-03,317441,Vareebadd Phone,Wired Headphones,Vareebadd Phone + Wired Headphones,1
2019-12-28,317454,Lightning Charging Cable,iPhone,Lightning Charging Cable + iPhone,1
2019-12-28,317505,USB-C Charging Cable,Vareebadd Phone,USB-C Charging Cable + Vareebadd Phone,1
2019-12-05,317515,Wired Headphones,iPhone,Wired Headphones + iPhone,1
2019-12-13,317530,Wired Headphones,iPhone,Wired Headphones + iPhone,1
2019-12-16,317554,Bose SoundSport Headphones,Google Phone,Bose SoundSport Headphones + Google Phone,1
2019-12-13,317667,Vareebadd Phone,Wired Headphones,Vareebadd Phone + Wired Headphones,1
2019-12-01,317678,Google Phone,USB-C Charging Cable,Google Phone + USB-C Charging Cable,1
2019-12-23,317679,Wired Headphones,iPhone,Wired Headphones + iPhone,1
2019-12-29,317694,AAA Batteries (4-pack),USB-C Charging Cable,AAA Batteries (4-pack) + USB-C Charging Cable,1
2019-12-10,317705,27in FHD Monitor,Apple Airpods Headphones,27in FHD Monitor + Apple Airpods Headphones,1
2019-12-02,317716,Bose SoundSport Headphones,Google Phone,Bose SoundSport Headphones + Google Phone,1
2019-12-28,317746,Apple Airpods Headphones,iPhone,Apple Airpods Headphones + iPhone,1
2019-12-28,317757,Wired Headphones,iPhone,Wired Headphones + iPhone,1
2019-12-22,317789,Lightning Charging Cable,iPhone,Lightning Charging Cable + iPhone,1
2019-12-26,317814,27in 4K Gaming Monitor,USB-C Charging Cable,27in 4K Gaming Monitor + USB-C Charging Cable,1
2019-12-24,317918,Lightning Charging Cable,iPhone,Lightning Charging Cable + iPhone,1
2019-12-24,317934,AA Batteries (4-pack),ThinkPad Laptop,AA Batteries (4-pack) + ThinkPad Laptop,1
2019-12-27,318075,AAA Batteries (4-pack),ThinkPad Laptop,AAA Batteries (4-pack) + ThinkPad Laptop,1
2019-12-19,318099,Lightning Charging Cable,iPhone,Lightning Charging Cable + iPhone,1
2019-12-11,318144,Google Phone,USB-C Charging Cable,Google Phone + USB-C Charging Cable,1
2019-12-30,318153,Apple Airpods Headphones,iPhone,Apple Airpods Headphones + iPhone,1
2019-12-04,318206,Google Phone,Wired Headphones,Google Phone + Wired Headphones,1
2019-12-18,318219,Bose SoundSport Headphones,Flatscreen TV,Bose SoundSport Headphones + Flatscreen TV,1
2019-12-13,318229,Lightning Charging Cable,iPhone,Lightning Charging Cable + iPhone,1
2019-12-26,318238,34in Ultrawide Monitor,iPhone,34in Ultrawide Monitor + iPhone,1
2019-12-14,318242,Google Phone,USB-C Charging Cable,Google Phone + USB-C Charging Cable,1
2019-12-22,318259,Vareebadd Phone,Wired Headphones,Vareebadd Phone + Wired Headphones,1
2019-12-22,318296,AAA Batteries (4-pack),Wired Headphones,AAA Batteries (4-pack) + Wired Headphones,1
2019-12-24,318408,USB-C Charging Cable,Vareebadd Phone,USB-C Charging Cable + Vareebadd Phone,1
2019-12-23,318421,Macbook Pro Laptop,USB-C Charging Cable,Macbook Pro Laptop + USB-C Charging Cable,1
2019-12-07,318438,USB-C Charging Cable,Wired Headphones,USB-C Charging Cable + Wired Headphones,1
2019-12-11,318443,Google Phone,USB-C Charging Cable,Google Phone + USB-C Charging Cable,1
2019-12-22,318445,AA Batteries (4-pack),Google Phone,AA Batteries (4-pack) + Google Phone,1
2019-12-18,318453,Lightning Charging Cable,iPhone,Lightning Charging Cable + iPhone,1
2019-12-31,318458,Apple Airpods Headphones,iPhone,Apple Airpods Headphones + iPhone,1
2019-12-14,318512,AA Batteries (4-pack),AAA Batteries (4-pack),AA Batteries (4-pack) + AAA Batteries (4-pack),1
2019-12-10,318542,Wired Headphones,iPhone,Wired Headphones + iPhone,1
2019-12-04,318564,Bose SoundSport Headphones,Vareebadd Phone,Bose SoundSport Headphones + Vareebadd Phone,1
2019-12-05,318584,AA Batteries (4-pack),iPhone,AA Batteries (4-pack) + iPhone,1
2019-12-24,318636,AAA Batteries (4-pack),Google Phone,AAA Batteries (4-pack) + Google Phone,1
2019-12-28,318655,ThinkPad Laptop,Wired Headphones,ThinkPad Laptop + Wired Headphones,1
2019-12-21,318674,AA Batteries (4-pack),AAA Batteries (4-pack),AA Batteries (4-pack) + AAA Batteries (4-pack),1
2019-12-18,318682,Bose SoundSport Headphones,Vareebadd Phone,Bose SoundSport Headphones + Vareebadd Phone,1
2019-12-23,318685,AAA Batteries (4-pack),Wired Headphones,AAA Batteries (4-pack) + Wired Headphones,1
2019-12-16,318704,Lightning Charging Cable,iPhone,Lightning Charging Cable + iPhone,1
2019-12-09,318751,AAA Batteries (4-pack),ThinkPad Laptop,AAA Batteries (4-pack) + ThinkPad Laptop,1
2019-12-19,318790,Apple Airpods Headphones,Bose SoundSport Headphones,Apple Airpods Headphones + Bose SoundSport Headphones,1
2019-12-13,318794,AA Batteries (4-pack),Bose SoundSport Headphones,AA Batteries (4-pack) + Bose SoundSport Headphones,1
2019-12-08,318854,AA Batteries (4-pack),Lightning Charging Cable,AA Batteries (4-pack) + Lightning Charging Cable,1
2019-12-28,318872,AA Batteries (4-pack),iPhone,AA Batteries (4-pack) + iPhone,1
2019-12-14,318902,Google Phone,Wired Headphones,Google Phone + Wired Headphones,1
2019-12-27,318919,27in 4K Gaming Monitor,Macbook Pro Laptop,27in 4K Gaming Monitor + Macbook Pro Laptop,1
2019-12-09,318964,Bose SoundSport Headphones,USB-C Charging Cable,Bose SoundSport Headphones + USB-C Charging Cable,1
2019-12-27,318965,Lightning Charging Cable,iPhone,Lightning Charging Cable + iPhone,1
2019-12-05,319032,Wired Headphones,iPhone,Wired Headphones + iPhone,1
2019-12-22,319045,AAA Batteries (4-pack),Flatscreen TV,AAA Batteries (4-pack) + Flatscreen TV,1
2019-12-20,319095,Google Phone,USB-C Charging Cable,Google Phone + USB-C Charging Cable,1
2019-12-23,319239,Wired Headphones,iPhone,Wired Headphones + iPhone,1
2019-12-31,319261,Bose SoundSport Headphones,Google Phone,Bose SoundSport Headphones + Google Phone,1
2019-12-04,319266,Lightning Charging Cable,iPhone,Lightning Charging Cable + iPhone,1
2019-12-12,319276,Bose SoundSport Headphones,USB-C Charging Cable,Bose SoundSport Headphones + USB-C Charging Cable,1
2019-12-29,319277,Lightning Charging Cable,USB-C Charging Cable,Lightning Charging Cable + USB-C Charging Cable,1
2019-12-05,319282,27in 4K Gaming Monitor,Bose SoundSport Headphones,27in 4K Gaming Monitor + Bose SoundSport Headphones,1
2019-12-12,319301,USB-C Charging Cable,Vareebadd Phone,USB-C Charging Cable + Vareebadd Phone,1
2019-12-01,319313,Google Phone,USB-C Charging Cable,Google Phone + USB-C Charging Cable,1
2019-12-25,319316,AAA Batteries (4-pack),Apple Airpods Headphones,AAA Batteries (4-pack) + Apple Airpods Headphones,1
2019-12-29,319337,USB-C Charging Cable,Vareebadd Phone,USB-C Charging Cable + Vareebadd Phone,1
2019-12-08,319359,Google Phone,Wired Headphones,Google Phone + Wired Headphones,1
2019-12-29,319447,Google Phone,Wired Headphones,Google Phone + Wired Headphones,1
2019-12-22,319514,AAA Batteries (4-pack),Wired Headphones,AAA Batteries (4-pack) + Wired Headphones,1
2019-12-20,319533,27in FHD Monitor,AAA Batteries (4-pack),27in FHD Monitor + AAA Batteries (4-pack),1
2019-12-16,319536,Macbook Pro Laptop,Wired Headphones,Macbook Pro Laptop + Wired Headphones,1
2019-12-22,319556,Google Phone,Wired Headphones,Google Phone + Wired Headphones,1
2019-12-11,319584,Wired Headphones,iPhone,Wired Headphones + iPhone,1
2019-12-01,319596,Lightning Charging Cable,iPhone,Lightning Charging Cable + iPhone,1
2019-12-17,319631,34in Ultrawide Monitor,Lightning Charging Cable,34in Ultrawide Monitor + Lightning Charging Cable,1
